:020000040800F2
:10400000FFFF0120ADE30108BD710108BF71010888
:10401000E1720108F9720108117301080000000043
:10402000000000000000000000000000F1990308FB
:104030002973010800000000919A0308AD7101087E
:104040002DE401082DE401082DE401082DE4010808
:104050002DE401082DE40108DD460108FD460108B4
:104060001D4701083D47010861470108355801080F
:10407000BD670108595801085D7C01082DE401085D
:10408000ED6701081D6801082DE401082DE4010811
:104090002DE401082DE401082DE4010889470108F9
:1040A0002DE401082DE401082DE401082DE40108A8
:1040B0002DE40108094101082DE4010829580108EF
:1040C0001D5801082DE401082DE401082DE4010824
:1040D0002DE401082DE40108357D0108BD7C0108AF
:1040E000654801082DE401082DE401082DE40108CC
:1040F0002DE40108594401082DE401086D68010808
:104100002DE401082DE40108D53F01082DE4010844
:104110002DE401082DE401082DE4010851E3010814
:1041200039E700082DE401082DE401082DE4010819
:104130002DE401082DE401082DE401082DE4010817
:104140002DE401082DE401082DE40108B1710108F6
:10415000D1E600082DE40108B9830108B583010800
:104160004D580108415801082DE401082DE40108CB
:104170002DE401082DE401082DE401082DE40108D7
:084180002DE401082DE4010803
:1041C00038B52DED028BB0EE418AF0EE618A55ECE8
:1041D000104B00F01DF830B9B0EE480AF0EE680A56
:1041E000BDEC028B38BDB0EE480AF0EE680A00F074
:1041F0000FF838B153EC182B2046294609F064FC1F
:104200000028E9D0BDEC028B45EC104B38BD00BF57
:1042100051EC100B0B4631F0004106D00F4AA3F5CC
:10422000801C94450DD804207047A0B10C4A13425D
:104230000FD0914201D000207047B0FA80F04009C1
:10424000704703F1FF4C0CF5E00C9445EED80420C8
:104250007047032070470220704700BFFFFFDF7FD9
:104260000000F07F38B510EE105A25F00044B4F18C
:10427000A14FF0EE407A0BDBB4F1FF4F58DCDFEDDD
:10428000517A9FED510A002DC8BFB0EE670A38BDC4
:104290004E4B9C425BDCB4F1445F4CDB4FF0FF3291
:1042A00067EEA76ADFED4A4ADFED4A5A9FED4A5AA8
:1042B0009FED4A4A26EEA67AB0EE666AE7EE245AE9
:1042C000531CDFED474ADFED476AA5EE875AE7EE5C
:1042D000246ADFED455ADFED454AE6EE875AA5EE42
:1042E000074A9FED435ADFED436AA5EE875AE4EE95
:1042F000074ADFED415AE4EE876AE5EE075A66EEBB
:10430000866A25EE877A37D03C4B03EB820376EE44
:10431000876A93ED000A93ED047A96EEA70A002DC2
:1043200070EE677A37EE670AB1DAB1EE400A38BD4F
:1043300030EE000A38BD9FED327A30EE077AF7EEA4
:10434000006AB4EEE67AF1EE10FAA7DD38BD00F0AF
:10435000FBF82C4B9C4216DCA3F5D0039C4227DCD7
:10436000F0EE007ABFEE007AA0EE277A002230EE5F
:10437000270AC7EE007A93E776EE876AE6EEE77AD9
:10438000B0EE670A38BD204B9C420BDCF7EE087A92
:10439000B7EE007AA0EE277A022230EE670AC0EE6E
:1043A000077A7DE7BFEE007AC7EE007A032277E74F
:1043B000F7EE007A30EE677A30EE270A0122C7EE78
:1043C000007A6DE7DB0FC93FDB0FC9BFFFFFDF3EA0
:1043D000D769853C59DA4B3D356B883D6E2EBA3D29
:1043E00021A215BD6BF16EBD95879DBD2549123E7D
:1043F000388EE3BDABAAAA3ECDCC4CBEE08E0408FD
:10440000CAF24971FFFF973FFFFF1B4082B08DED5D
:10441000010A019A22F00043B3F1FF4F3CD2BBB333
:10442000B3F5000F06EE903A3ADADFED227A224930
:10443000224B66EEA77A17EE900AA1FB000103EB70
:10444000510307EE103A27EE076ADFED1D7ADFED24
:104450001D4A9FED1D5AC6EE265A02F000429FEDFE
:104460001B6ADFED1B6AE7EE257AC4EEA75A77EEEA
:10447000857A77EEA57A86EE270A30EE260A20EEB8
:10448000070A10EE103A134300EE103A02B07047DC
:104490009DED010A02B0704730EE000A02B070478D
:1044A00005480C49A0FB030301EB530307EE103A48
:1044B000C9E700BF0000804BABAAAAAAF219512697
:1044C000B0F80A3FF18E34BF5007B53FDBB6CD3FA1
:1044D0006EDBB63EF219512A10EE103A184A23F05C
:1044E000004393421BDDB3F1FF4F02DB30EE400A85
:1044F000704700B583B0684601F0F4FA00F003009D
:104500000128DDED010A9DED000A0CD0022812D031
:1045100070B1012001F0D8FF03B05DF804FBDFEDBE
:10452000090A01F015BC01F0CFFFB1EE400AF3E734
:1045300001F00EFCF0E701F00BFCB1EE400AEBE7F6
:10454000D80F493F0000000010EE103A23F000435E
:1045500000EE103A704700BF10EE102AC2F3C753A6
:104560007F3B162B22F0004128DC002B18DB1A4978
:1045700019410A4221D0DFED197A70EE277AF5EE63
:10458000C07AF1EE10FA18DD002A04DA4FF40000C8
:1045900040FA03F31A4422EA010300EE103A70478E
:1045A000DFED0E7A70EE277AF5EEC07AF1EE10FAB2
:1045B00003DD002A08DB9FED0A0A7047B1F1FF4FC7
:1045C000FBD330EE000A7047FFEE007A002918BFD7
:1045D000B0EE670A704700BFFFFF7F00CAF2497163
:1045E0000000000008B52DED028BF0EE408AB0EE21
:1045F000608A00F033F820B9B0EE480ABDEC028BB7
:1046000008BDB0EE480A00F029F820B1F4EEC88ADF
:10461000F1EE10FAF0DDB0EE680ABDEC028B08BDD9
:1046200008B52DED028BF0EE408AB0EE608A00F006
:1046300015F820B9B0EE480ABDEC028B08BDB0EE0B
:10464000480A00F00BF820B1F4EEC88AF1EE10FA37
:10465000F0D5B0EE680ABDEC028B08BD10EE103A42
:1046600033F000400ED0A0F50003B3F1FE4F0DD3A0
:10467000074B421E9A4207D9A0F1FF40B0FA80F0E2
:10468000400970470220704703207047042070479C
:10469000FEFF7F0010B485B08DED010A019BC3F3CE
:1046A000C751A1F17F021E2A2ADC501C23DB162AE7
:1046B0004FEAD3740BDDC3F3160040F400009639C3
:1046C000884004B1404205B05DF8044B7047164B7A
:1046D000DDED017A03EB840393ED007A77EE277A20
:1046E000CDED037ADDED037A77EEC77A17EE903AD7
:1046F00033F000420ED1002005B05DF8044B704746
:10470000DDED017AFDEEE77A17EE900A05B05DF86F
:10471000044B7047C3F31600C3F3C75340F40000C3
:10472000C3F19603D840CCE7008F040810EE103A8E
:10473000194A23F0004393421CDDB3F1FF4F02DB23
:1047400030EE400A704700B583B0684601F0CAF900
:1047500000F003000128DDED010A9DED000A0ED0F6
:10476000022813D070B101F0F3FAB1EE400A03B0A1
:104770005DF804FBDFED090A002001F0A5BE01F0A1
:10478000E7FAF4E7012001F09FFEF0E7012001F0D5
:104790009BFEB1EE400AEAE7D80F493F0000000057
:1047A00010EE103A114A23F00043934218DDB3F1A2
:1047B000FF4F02DB30EE400A704700B583B0684619
:1047C00001F090F9400000F00200DDED010A9DEDDE
:1047D000000AC0F1010001F0BFFE03B05DF804FB68
:1047E000DFED030A012001F0B7BE00BFDA0F493F39
:1047F0000000000008B52DED028BB0EE408A00F0FD
:10480000C9F9144B93F900300133F0EE408A0FD010
:10481000B4EE488AF1EE10FA0AD6B0EE480AFFF775
:1048200093FEF7EE007AB4EEE70AF1EE10FA04DC3C
:10483000B0EE680ABDEC028B08BD02F051F9BDEC88
:10484000028B034621221A600348BDE8084001F0AC
:1048500071BF00BF000000200827050808B52DED36
:10486000028BB0EE408A00F0B9FA144B93F9003095
:104870000133F0EE408A0FD0B4EE488AF1EE10FA20
:104880000AD6B0EE480AFFF75FFEF7EE007AB4EE04
:10489000E70AF1EE10FA04DCB0EE680ABDEC028B18
:1048A00008BD02F01DF9BDEC028B034621221A60FF
:1048B0000348BDE8084001F03DBF00BF00000020F4
:1048C0000827050800F090BB08B52DED028BB0EE6F
:1048D000408A00F02FFC164B93F900300133F0EEC4
:1048E000408A12D0B0EE480A01F016FF68B1DFED41
:1048F000117AB4EEE78AF1EE10FA12DCDFED0E7AEF
:10490000B4EEE78AF1EE10FA04D4B0EE680ABDEC1A
:10491000028B08BD02F0E4F82223DFED088A036071
:10492000F3E702F0DDF82223DFED058A0360ECE710
:10493000000000208071B142B5F1CFC2000000003C
:104940000000807F08B52DED028BF0EE408AB0EEBE
:10495000608A00F0DDFC0E4B93F9003001330BD080
:10496000F4EE488AF1EE10FA06D6DFED0A8AB4EECC
:10497000688AF1EE10FA02D0BDEC028B08BD02F09D
:10498000AFF888EEA80ABDEC028B2123036008BDB6
:10499000000000200000000008B52DED028BB0EEF5
:1049A000408A00F045FD144B93F90030013314D0D8
:1049B000B4EE488AF1EE10FA0FD6B5EEC08AF1EEE9
:1049C00010FA0AD8B5EE408AF1EE10FA08D102F0DA
:1049D00087F822239FED090A0360BDEC028B08BD16
:1049E00002F07EF8BDEC028B034621221A600448D7
:1049F000BDE8084001F09EBE00000020000080FFDE
:104A00000827050808B52DED048BF0EE408AB0EEBE
:104A1000608A00F06DFD474B93F900300133B0EE32
:104A2000409A1FD0B4EE488AF1EE10FA1AD6F4EE8E
:104A3000688AF1EE10FA59D6DFED3F9AF4EE698AF2
:104A4000F1EE10FA13D1B4EE698AF1EE10FA29D022
:104A5000B0EE480A01F060FE20B1B4EEE98AF1EE52
:104A600010FA4DD4B0EE490ABDEC048B08BD01F03C
:104A700053FEF0B1B5EE409AF1EE10FAF2D1B0EE7D
:104A8000680A01F049FE0028ECD0B0EE480A01F0B7
:104A900043FE0028E6D002F023F822239FED269A59
:104AA0000360DFE7B7EE009AB0EE490ABDEC048B75
:104AB00008BDB0EE680A01F02FFE0028DAD0B0EE93
:104AC000480A01F029FE0028D4D0B4EE499AF1EE4C
:104AD00010FA28D602F004F8F5EEC08A2223F1EE8F
:104AE00010FA036013D49FED159ABBE7B5EE408A28
:104AF000F7EE007AF1EE10FA08BFB0EE679AB1E770
:104B000001F0EEFF21239FED0E9A0360AAE7B0EEBD
:104B1000480A01F015FEB4EE480AF1EE10FAE2D0B0
:104B20009FED079A9EE701F0DBFF212389EEA99A0A
:104B3000036097E700000020000000000000807F75
:104B4000000080FF08B52DED028BB0EE408A01F029
:104B5000FBF80E4B93F9003001330BD0B4EE488ACA
:104B6000F1EE10FA06D6DFED0A8AB4EEE88AF1EE2D
:104B700010FA02D4BDEC028B08BD01F0B1FF88EE43
:104B8000A80ABDEC028B2123036008BD00000020B1
:104B90000000000008B510EE102A22F00043B3F127
:104BA0007E5F2DED028B12D00ADCB3F17C5F19DA47
:104BB000B3F10C5F6CDCBDEC028B9FED770A08BD96
:104BC00070EE407A87EEA70ABDEC028B08BDBDEC03
:104BD000028B9FED720ADFED727A002AD8BFB0EE29
:104BE000670A08BD002AC0F29080F7EE008A38EE0E
:104BF000C00AB6EE008A20EE088AB0EE480A01F03C
:104C0000A3F8DFED687A9FED687A9FED686ADFEDC3
:104C1000685ADFED686AA8EE277ADFED677AA7EEBB
:104C2000086AE8EE257AE6EE086ADFED645A9FED41
:104C3000647AE7EE885AA6EE887ADFED627A10EEA3
:104C4000103AE5EE887A23F47F6323F00F03B0EE89
:104C5000476A9FED5D7AF0EE676AA6EE087A07EE86
:104C6000903AB0EE486AE6EE888AA7EEE76A70EE00
:104C7000276A27EE088A86EE267AC8EE286ABDECF7
:104C8000028BA0EE267A37EE870A30EE000A08BDC6
:104C900020EE007ADFED437A9FED436ADFED436A51
:104CA0009FED435ADFED435AA7EE276ABDEC028B16
:104CB000E6EE076ADFED407A9FED406AE7EE057A9F
:104CC000E6EE875AA7EE876A9FED3D5ADFED3D7A03
:104CD000DFED3D6AA5EE875AE6EE077AE5EE076A54
:104CE000F7EE005AE7EE875A26EE877A9FED376A8D
:104CF000DFED377AC7EE256AB0EE467AA0EE667A27
:104D000030EE470A37EEC00A08BDB7EE007A30EE43
:104D1000070AF6EE007A60EE277ADFED226A9FED51
:104D2000226ADFED224ADFED225A9FED225A9FEDE3
:104D3000268AA7EEA66ADFED206AE6EE274AE7EEAE
:104D4000A56ADFED1E5A9FED1E6AA4EEA75AE6EE95
:104D5000A75ADFED1C6AA5EE276AE5EEA76AA6EE64
:104D6000278AA6EEA77A28EE278AF0EE478AB0EEC9
:104D7000670A00F0E9FF88EE286ADFED167AB0EEE8
:104D8000407AE7EE067A9FED140A77EE877AF0EE26
:104D9000006AA7EEE60A17E7DB0FC93F0000000034
:104DA000DB0F494008EF1138047F4F3A461124BD0C
:104DB0002EC69D3DA80A4E3E613330BF2D5701409F
:104DC00090B0A6BE39D119C0ABAA2A3E6821A23341
:104DD000DA0FC93F6821A2B3DA0F494038B510EEA7
:104DE000105A25F00044B4F17E5F2DED048B00F0E5
:104DF00085807ADCB4F17C5F0FDAB4F1485F80F231
:104E00009C80DFED697A70EE277AB7EE007AF4EED7
:104E1000C77AF1EE10FA00F38D80FFF795FBF7EEFD
:104E2000007A37EEC00AB6EE008A20EE088A9FEDBF
:104E30005F7ADFED5F6A9FED5F6A9FED5F5ADFED9E
:104E40005F5ADFED5F8AE8EE076A9FED5E7AA8EEB3
:104E5000067A9FED5D6AA6EE885AA7EE086A9FED76
:104E60005B7ADFED5B6AE5EE085AA6EE087AE5EEBE
:104E7000886AE7EE087AE6EE888AB0EE480AB0EE75
:104E8000679A00F061FF534B9C4268EE888A42DCCF
:104E900010EE103A23F47F6323F00F0306EE903AEE
:104EA000A6EEE68A70EE267A88EE895AC8EE274A80
:104EB0009FED497ADFED497AB0EE006AA4EEC67A3A
:104EC00030EE000AF0EE675AE6EEC65A90EE057A2A
:104ED00037EE657A37EEC77A002D0ADCBDEC048B1D
:104EE000B1EE477AB0EE470A38BD70EE407A87EEF1
:104EF000A77ABDEC048BB0EE470A38BD9FED367A39
:104F0000DFED377A20EE077ABDEC048BA0EE277A2E
:104F1000B0EE470A38BD88EE896A9FED327ADFED40
:104F2000307AA0EE060AF0EE006AA0EE267A37EE9E
:104F3000C77AD1E7B0EE407ADBE760EE007A9FED0A
:104F40001B7ADFED1B6A9FED1C6ADFED1A5A9FED9D
:104F50001B5AE7EE876ABDEC048BA6EEA76A9FEDAD
:104F6000197ADFED196AA7EEA57AA6EE275AE7EEC1
:104F7000276ADFED175A9FED156A9FED117AE5EE6E
:104F8000275AA6EEA76AA5EEA77AF7EE006AE6EE24
:104F9000276A67EE277AB0EE407A87EEA66AA0EE1F
:104FA000067AB0EE470A38BDCAF2497108EF1138E7
:104FB000047F4F3A2EC69D3D461124BDA80A4E3EA1
:104FC000ABAA2A3E613330BF2D57014039D119C0F9
:104FD00090B0A6BE9999793F2EBD3BB3DB0F493FF8
:104FE000DB0FC93F2EBD3B3310B582B0CDED010ABA
:104FF000019B23F00042B2F1FF4FF0EE407A30DC2B
:1050000010EE100A20F00041B1F1FF4F29DCB3F19E
:105010007E5F42D09C1704F0020444EAD07431B39E
:105020007AB3B2F1FF4F40D0B1F1FF4F29D08A1AC5
:10503000B2F1F45F4FEAE25134DA002B42DA3C314C
:1050400040DA9FED340A012C4ED0022C43D064B1DB
:105050009FED317ADFED317A30EE070A30EE670AE4
:1050600003E09DED017A37EE270A02B010BD022C55
:1050700010D09FED2B0A032C18BFB0EE670A02B0C8
:1050800010BD9FED280ADFED287A0028B8BFB0EEEA
:10509000670AEAE79FED210AE7E702B0BDE81040A2
:1050A000FFF7E0B89FED1F0ACDE7B1F1FF4F04F124
:1050B000FF3420D0022C26D81C4B03EB840494ED43
:1050C000030AD2E79DED017A87EE870AFFF73CFAE3
:1050D000FFF7C8F8B7E79FED107ADFED107A30EEF2
:1050E000070A37EEC00AC0E710EE103A03F100439A
:1050F00000EE103AB9E7022C08D80C4B03EB8404FD
:1051000094ED000AB1E79FED030AAEE79FED080AB0
:10511000ABE700BF000000002EBDBB33DB0F4940F2
:10512000DB0F49C0DB0FC93FDB0FC9BF088F040885
:10513000DB0F493F10EE103A23F00042B2F1FF4F6F
:1051400052D84FEAD37100F09380614883424EDC1D
:10515000002BC0F286805F4B9A424DD95E4B9A423B
:1051600000F299805D4A02EB810292ED004A92EDD5
:10517000027AC1F1010330EE444A5B1A34EE470A69
:10518000DFED577ADFED574A9FED575A9FED576A8B
:10519000DFED575A60EE006AE6EEA74AA4EEA65A83
:1051A000A5EE266AE6EE265AB0EE406AA5EEE66A5D
:1051B000002B47D0F0EE006A60EE065A36EEC66A63
:1051C000F7EE007A85EE860A13F17D0F37EE400A7E
:1051D00030EE440A37EEC00A51DB10EE102A02EB23
:1051E000C35300EE103A704730EE000A70479FED4F
:1051F000410A20EE000A7047B2F1465F0AD2DFEDA5
:105200003D7A70EE277AB7EE007AF4EEC77AF1EEC7
:1052100010FA5ADC60EE007A9FED317ADFED315AF8
:105220009FED316ADFED316AE7EE875A9FED307A04
:10523000A7EEA56AE7EE866AB0EE406AA7EEA67A08
:10524000A7EEC76AF0EE007A60EE066A36EE676A8D
:10525000B7EE007AC6EE867A37EEC00A37EE400A1D
:105260007047254B9A427FF676AF9FED240A704730
:10527000DFED227A002918BFB0EE670A704710EE02
:10528000102A643302EBC353DFED1D7A00EE103AAF
:1052900020EE270A7047114B9FED1A7A9FED1A6A8C
:1052A000DFED1A6A03EB8103D3ED047AE0EE077AAF
:1052B000B0EE404AFDEEE77AB8EEE77A17EE903AA4
:1052C000A7EE464A27EE267A58E730EE070A7047DF
:1052D0001772B1421872B13E9115853F208F0408B4
:1052E0004CBB31330EEADDB555B38A38610B36BBA2
:1052F000ABAA2A3ECAF24971B5F1CF4200000000C4
:105300000000800D3BAAB83F8071313FD1F71737BD
:1053100030B583B0CDED010A019D35F0004041D09C
:1053200010EE10EA2EF00043B3F1FF4F3ADAB0F17D
:10533000FF4F37DC83423BDB0EF000443AD01EF0D7
:10534000FF4F56D1190200296FF07D0204DD49009C
:10535000002902F1FF32FADC15F0FF4F57D10102AC
:105360006FF07D0C03D449000CF1FF3CFBD512F12A
:105370007E0F47DBCEF3160343F400031CF17E0FD0
:105380003ADBC5F3160040F40000B2EB0C0204D186
:1053900017E00FD04B00013A13D0191A0029F8DAA0
:1053A0005B00F8E7DDED017A60EE277A87EEA70A69
:1053B00003B030BD1D4B03EB547393ED000A03B0F3
:1053C00030BD181A58BF03461BB9F3E75B000CF158
:1053D000FF3CB3F5000FF9DB1CF17E0F1CDBA3F5DE
:1053E00000030CF17F0C234343EACC5300EE103A48
:1053F000DEE7DA157F3AAFE76FF07D01A1EB0C0134
:105400008840C2E76FF07D01891A8B40B6E74FEA0A
:10541000E05CACF17F0CAAE76FF07D02A2EB0C0C14
:1054200043FA0CF3234300EE103AC1E7388F040827
:1054300008B510EE103A33F000422DED028B2BD060
:10544000002B32DBB3F1FF4F41DAB3F5000F35DB50
:105450000021DA157F3A0A44D10FC1F17F0102EB36
:10546000D272C3F3160307EE902A43EAC15300EE4B
:10547000103AB8EEE78A01F033FADFED177A9FEDC4
:10548000177A20EE270ADFED167AA8EE070AA8EEB3
:10549000270ABDEC028B08BDBDEC028B9FED117A93
:1054A000DFED117A87EE270A08BDBDEC028B70EEA6
:1054B000407A9FED0D7A87EE870A08BDDFED0B7A03
:1054C00060EE277A6FF0180117EE903AC1E7BDEC55
:1054D000028B30EE000A08BDD95BDE3EDB27543577
:1054E00080209A3E000000CC000000000000004C2C
:1054F0002DE9F04710EE904A34F000482DED028B74
:1055000015D010EE105A25F00047B7F1FF4F10EEFE
:10551000109A06DDBDEC028BB948BDE8F04701F0FA
:1055200009B9B8F1FF4F08DDB7F17E5FF2D1B7EEF0
:10553000000ABDEC028BBDE8F087002D10EE906AEA
:10554000C0F2F4804FF0000AB8F1FF4F00F0028182
:10555000B8F17E5F00F02881B6F1804F00F03D8108
:10556000B6F17C5F00EE105A40F00181B9F1000FF6
:1055700080F23881FEF7E8FFB7F1FF4F00F00981B4
:10558000002F00F00281B7F17E5F00F0F8804FEA53
:10559000D973013B5AEA030200F02A81B8F19A4F0D
:1055A00040F35081974A974240F35982964A974276
:1055B00000F3FF80F7EE007A30EE670A9FED936A02
:1055C000DFED935AF5EE007AA0EE676AF6EE006A18
:1055D000E6EE406A20EE007ADFED8E7A9FED8E6A6D
:1055E00027EE267A67EEC77AE0EE257AF0EE676A54
:1055F000E0EE066A16EE902A22F47F6222F00F0295
:1056000007EE102AA0EE467A06EE902A77EEC77AC9
:1056100026F47F6626F00F0607EE104A06EE106AA3
:1056200067EE877A37EE466A07EE106AE6EE267A6C
:105630000AF1FF3A5AEA030326EE877AB7EE000A28
:1056400077EE876ABFEE006A16EE903A0CBFB0EEB6
:10565000468AB0EE408A002B23F0004240F3B58129
:10566000B2F1864F00F3F48100F0E781B2F17C5F84
:1056700000F3B7810022104623F47F6323F00F0369
:1056800006EE103ADFED656A9FED655A9FED652ADB
:105690009FED653ADFED653A9FED654ADFED654ABE
:1056A00036EE477AF0EE002A77EEC77A26EE267AB3
:1056B000DFED616AA7EEA67AF0EE476AE6EE056ACC
:1056C00066EEA65AF0EE667AA5EE823AE6EE457AE6
:1056D000B0EE636AA3EE256A77EE677AB0EE447A9D
:1056E000A6EE257AB0EE646AA7EE256AB0EE667A79
:1056F000A6EE657AE6EEA77A66EE875A37EE626A1C
:10570000B7EE005A85EE867A77EE677A77EEE66A2C
:1057100035EE660A10EE103A1344B3F5000FC0F2EE
:10572000B68100EE103A20EE080A02E7B8F1974F72
:105730001ADAB8F17E5F0ADB4FEAE853C3F1960349
:1057400048FA03F202FA03F3434500F039814FF0BF
:10575000000AFDE6B7F17E5F3FF4E9AE2FDD002ED3
:105760002ADB00EE104AE4E64FF0020AECE6FEF710
:10577000EBFEB7F1FF4F02D0002F7FF404AF002EF5
:10578000BCBFF7EE007A87EE800AB9F1000FBFF6D2
:10579000D0AEA7F17E5757EA0A0340F00A8170EEB7
:1057A000407A87EEA70AC4E6002E0FDB00EE105AFF
:1057B000BFE6002E00F356819FED200AB9E6002EC9
:1057C000FADA07EE904AB1EE670AB2E607EE105A2F
:1057D000F7EE007A87EE870AABE607EE905A27EEDF
:1057E000A70AA6E6BDEC028BBDE8F04700F0ACBA14
:1057F00007EE905A77EEE77A87EEA70A99E600BFA0
:1058000008270508F7FF7F3F0700803FABAAAA3EA5
:1058100070A5EC363BAAB83F00AAB83F8CBEBF3596
:105820000072313F4CBB31330EEADDB555B38A38D7
:10583000610B36BBABAA2A3E1872313F0000000054
:105840000000804B19F0FF4F40F0F5805FED047AC7
:1058500060EE277A6FF0170217EE907A8D48F915EF
:10586000C7F316077F398742114447F07E5240F351
:10587000DA808948874240F3FA809FED885A0131E7
:10588000B0EE453AA2F50002F7EE005A002006EE0F
:10589000102A76EE257AB7EE007A87EE270A5210A4
:1058A00042F0005202F58022024476EE656A07EE6D
:1058B000901A66EE803AB8EEE77A13EE901A07EE89
:1058C000902A774ADFED770A9FED778A9FED771A66
:1058D000DFED772ADFED771A9FED772A77EEE55A2D
:1058E000114004EE901A36EE656A63EEA35AE4EEB8
:1058F000E76AF0EE607AE5EE887AE4EEC66AA7EE33
:10590000A51A66EE806AE1EE252A73EEA47AE2EE2D
:10591000A51A25EEA58AA1EEA52A67EEA67AB0EE15
:10592000084AB0EE446AE8EE027AA4EEA46ADFED1B
:10593000630A9FED631ADFED632A36EE276A16EEDF
:10594000101A114006EE101A76EE445AE4EEE45AAC
:1059500077EEE57A67EEA37AE6EE867AF0EE675A9E
:10596000E4EE865A15EE901A114006EE901AE4EE17
:10597000C66A05EE901A77EEE67A67EEA07AE5EE53
:10598000817A77EE837AF0EE676AE5EEA26A76EEC8
:10599000856A76EE876A16EE901A114006EE901A26
:1059A00036EEC77A37EE457AA5EEE27A77EEC77A19
:1059B0002EE6BAF1010F7FF4BCADB1EE400AB8E5B6
:1059C00002F00102C2F1020AC2E53F498A4257DCF5
:1059D0007FF44CAE76EEC76AF4EEE76AF1EE10FAA9
:1059E0004EDAD2154FF400017E3A41FA02F21A441F
:1059F000C2F3C751354C7F390C41C2F3160022EA7D
:105A0000040206EE902A37EE667A40F40000C1F1F7
:105A100017010841002B77EE876AB8BF404216EEA7
:105A2000903AC20528E69FED1D5AF7EE005AB0EEF7
:105A3000453A00202BE7002210E79FED256A76EE1D
:105A4000C76A37EE866AB4EEE66AF1EE10FAC8DD90
:105A5000DFED207A28EE270A20EE270A69E5002EDE
:105A6000BFF6AAAE9FED1B0A20EE000A61E59FED8E
:105A70001A5A9FED1A3AF7EE085A4FF4001006E74B
:105A8000DFED177A28EE270A20EE270A51E500F00D
:105A9000B5FE48E671C41C00D6B35D0000000000EE
:105AA00000F0FFFF55326C3E42F1533E05A38B3EA2
:105AB000ABAAAA3EB76DDB3E9A99193F4F38763FA5
:105AC000A0C39D360038763F00001643FFFF7F00DD
:105AD0003CAA3833CAF2497100C0153FDCCFD1353A
:105AE0006042A20D70B510EE103A894A23F00044CE
:105AF000944286B0054670DD864A944210EE106AE4
:105B000022DC002BDFED847A844A24F00F04B0EE0F
:105B1000407A40F3E480944270EE677A09BFDFED8B
:105B2000806A9FED807A9FED807A77EEE67A012099
:105B300077EEC76A77EEE67AC5ED006A77EEC77A48
:105B4000C5ED017A06B070BD784A944254DDB4F1D7
:105B5000FF4F49DAE215863AA4EBC25307EE903ABA
:105B6000BDEEE77ADFED726AB8EEC77A77EEC77AF4
:105B70008DED037A67EEA67ABDEEE77AB8EEC77AC6
:105B800077EEC77A8DED047A67EEA67AF5EE407A65
:105B9000F1EE10FACDED057A40F09080B5EE407A46
:105BA000F1EE10FA14BF0223012362490191022190
:105BB000009103A8294600F04DF9002EC2DA95EDB8
:105BC000007AD5ED017AB1EE477AF1EE677A85ED8C
:105BD000007AC5ED017A4042B4E7002285ED000A63
:105BE0004260002006B070BD70EE407A0020C5ED26
:105BF000017AC5ED007AA5E7FEF7A6FC9FED4E7A87
:105C00009FED456AF6EE007AE0EE077A9FED457A61
:105C1000FDEEE77A17EE900AF8EEE76A1F28A6EE87
:105C2000C60A66EE877AB1EE666A1EDC434A411EFA
:105C300024F0FF0352F82120934216D030EE677A09
:105C400085ED007A30EE470A002E30EE670A85EDCA
:105C5000010ABFF677AFB1EE477AB1EE400A85EDA3
:105C6000007A85ED010A40426CE730EE677AE21572
:105C700017EE103AC3F3C753C3EBD454082CDFDD3F
:105C8000DFED277A9FED287AF0EE405AE6EE275AAC
:105C900030EE650AA6EE270AF0EE407AD6EE877A55
:105CA00035EEE77A17EE103AC3F3C753D21A192A22
:105CB00006DCB0EE650A85ED007AC3E7032374E7DE
:105CC0009FED1F7A9FED1F5AB0EE650AA6EE070AF8
:105CD00075EEC07AE6EE077AD6EE857AAEE79442A4
:105CE00070EE277A09BFDFED0E6A9FED0E7A9FED09
:105CF0000E7A77EEA67A4FF0FF3077EE876A77EE6E
:105D0000E67AC5ED006A77EE877AC5ED017A19E784
:105D1000D80F493FE3CB1640800FC93FD00FC93F92
:105D2000004435374344353708A3852E800F494357
:105D300000008043C08F040884F9223F408F04088C
:105D400000A3852E32318D24B1EEC00A704700BF0A
:105D500010EE103A23F00043B3F1485F2CDAFDEE69
:105D6000C07A17EE903A002B60D020EE007ADFED7B
:105D7000317A9FED315ADFED315A9FED316ADFED17
:105D8000316AA7EE275ADFED307AE7EE055AA7EE23
:105D9000256AE7EE067AE7EE276A67EE266A60EE86
:105DA000C00AF6EE007AE7EE260AB7EE000AD7EE52
:105DB000270A30EE600A704720EE007ADFED1D7A88
:105DC0009FED1D5ADFED1D5A9FED1D6ADFED1D6A27
:105DD0001E4AA7EE275A9342DFED1B7AE5EE075ADB
:105DE000A5EE876AE6EE077AE7EE876A66EE876ACF
:105DF000D5DD174A934214DC03F17F4307EE903A56
:105E0000B7EE006A36EE676A60EEC00AF6EE005A38
:105E1000D7EE257AE7EE260A77EEE00A36EE600A3C
:105E20007047B6EE076AF5EE027AEDE7B7EE000AC4
:105E3000704700BF4ED747ADF6740F317CF293B474
:105E4000010DD037ABAA2A3D610BB6BA9999993E9C
:105E50000000483F2DE9F04F2DED048BDBB01C46D0
:105E600003930691A24B6899089253F82150111D93
:105E7000824604F1FF38C0F2A382D31E48BF131D2F
:105E8000DB1002930133DB000793DDE907239B1A44
:105E90000593029B15EB0801A3EB080316D401310F
:105EA0009FED947A699819441EAA002BA4BF50F85C
:105EB000234007EE904A03F10103ACBFF8EEE77A06
:105EC000F0EE477A8B42E2EC017AEED1002DC0F27F
:105ED000E782039B1EAA02EB830446AE4FEA830CC3
:105EE0004046EF180AEB8301B8F1000FDFED817A2D
:105EF00009DB22465346F3EC016A32ED017A8B420C
:105F0000E6EE877AF7D10130B842E6EC017A04F187
:105F10000404E9D109AB0AAF03EB850907EB85035C
:105F2000083B9FED769ADFED748A059804930AEB9F
:105F30000C0446AE00955AAB03EB8503002D13ED20
:105F4000140A4FEA850B16DD06EB85033A4660EE30
:105F5000097AB0EE407AFDEEE77A73ED016AF8EE69
:105F6000E77AB342A7EEE87A37EEA60ABDEEC77A23
:105F7000A2EC017AEBD1019000F040FCB0EE408A37
:105F8000B4EE000A28EE000AFEF7E6FAF2EE007A16
:105F9000A0EE678A01980028FDEEC89AF8EEE97A2B
:105FA00038EE678A79DD05F1FF3EC0F1080357F846
:105FB0002E1041FA03FC0CFA03F3CB1AC0F10702CE
:105FC00019EE901A43FA02F26144002A47F82E3083
:105FD00009EE901A69DCB5EE408AF1EE10FA40F055
:105FE000C080009B05F1FF3B5B4510DC05F1804361
:105FF000013B07EB83030021944653F804294B45EA
:1060000041EA0201F9D16246002940F0F280009B8A
:10601000013B57F82330002B40F0E780049B4FF002
:10602000010C53F804290CF1010C002AF9D06B1C67
:10603000AC449E46039A5119029A02EB030B0BF1F2
:10604000804B699A0BF1FF3B06EB83051EAB02EB1D
:106050008B0B03EB8101DBED017A9FED267AF8EEE5
:10606000E77AB8F1000F0BF1040BC1ED007A0A4694
:1060700001F1040109DB534601E072ED017AF3EC12
:10608000016AA342A6EEA77AF7D10EF1010EE6450A
:10609000A5EC017ADFDD65464DE740F09C806B1E84
:1060A00057F823201212002A95DD19EE903A002DA0
:1060B00003F1010309EE903A40F398813968002911
:1060C0007FD1012D26D03B464FF0010C53F8041F21
:1060D00000297AD00CF10103C1F580719D4247F887
:1060E0002C1016DD57F82310BB4407EB83030AE09E
:1060F000D892040800000000000080430000803BAC
:106100000000C93F1968C1F1FF0143F8041B5B455A
:10611000F8D1012100280CDD012800F04881022877
:1061200007D105F1FF3C57F82C3003F03F0347F847
:106130002C30022A7FF44FAFB7EE000A30EE488AC7
:1061400000293FF448AF0992019000F057FB38EE68
:10615000408A099A0198B5EE408AF1EE10FA3FF4B0
:1061600040AF0292DDE90732B0EE480A981A019575
:10617000009D00F043FB1FED207AB4EEC70AF1EE5C
:1061800010FADDE90132C0F259815FED247A0599F8
:1061900060EE277A0831FDEEE77A0591F8EEE77AAE
:1061A00003F1010BA7EEC70AFDEEE77ABDEEC00AC8
:1061B00010EE101A47F8231017EE903A47F82B30DC
:1061C0002EE001234FF0000C86E70CF1010CAC45EA
:1061D0007FF47CAF9EE7F6EE007AB4EEE78AF1EE4C
:1061E00010FA80F2F2800022F5E66B1C9E469C4677
:1061F00020E70599A1F1080057F82B1005902B46D0
:10620000009D69B903F18043023B07EB830301461C
:1062100053F804090BF1FF3B08390028F8D0059129
:1062200005980092B7EE000A00F0E8FABBF1000F03
:10623000009AC0F228814FEA8B0E46AB03EB0E06A4
:106240000EF1040C1FED537A07EB0C03311D73EDB7
:10625000017AF8EEE77ABB4267EE807A20EE070A11
:1062600061ED017AF3D1002D1FED5B6A4FF0000460
:1062700020DB9348DFED937AB0EE467A3146002377
:1062800003E09C4208DBB0EC017AF1EC016A0133D7
:106290009D42E6EE877AF4DA5AAB03EB8403A3451A
:1062A00043ED287AA6F1040604F1010305D0002D80
:1062B0001C46DEDADFED837AEEE7689902291CDC02
:1062C000002900F395800FD132ABDFED7E7A9C443C
:1062D0003CED017A634577EE877AF9D10AB1F1EEA8
:1062E000677A069BC3ED007A19EE903A03F0070037
:1062F0005BB0BDEC048BBDE8F08F689B032BF3D142
:10630000BBF1000F00F0D4800EF5B4736B4432A9DA
:1063100013ED287A01EB8B0373ED017AF0EE476AF7
:1063200037EE277A994277EEC77A83ED007A77EED7
:10633000A67AC3ED017AEFD1BBF1010F40F3B8802B
:106340000BF1804B0EF5B4730BF1FF3B0DEB030E1D
:106350004FEA8B0B0BF104031EED287A0B4433A894
:1063600073ED017AF0EE476A37EE277A984277EEBE
:10637000C77A83ED007A77EEA67AC3ED017AEFD182
:106380000BF1080BDFED4F7A01EB0B03083133ED16
:10639000017A994277EE877AF9D1002A56D1069987
:1063A000329A339B0A604B60C1ED027A9CE705F19B
:1063B000FF3C57F82C3003F07F0347F82C30B8E649
:1063C00008230793002302935FE519EE903A002D0E
:1063D00003F1010309EE903AC8BF02223FF76EAE07
:1063E000F7EE007A37EEC88A0222F4E5002191E642
:1063F00032A9DFED347A01EB830333ED017A994260
:1064000077EE877AF9D19DED327A8ABB069BBBF194
:10641000000FC3ED007A77EE677A0BDD33A9012315
:10642000B1EC017A01339B4577EE877AF8DA0AB14D
:10643000F1EE677A069BC3ED017A55E7BDEEC00A1F
:106440009B4610EE101A47F82310E9E6DDED326A9C
:106450009DED337A069BF1EE666AB1EE477AF1EE76
:10646000677AC3ED006A83ED017AC3ED027A3BE7F8
:10647000069BF1EE676ABBF1000F77EE677AC3ED1A
:10648000006ACBDCD4E7689B022B0DDC002B14DC0C
:106490007FF42AAFDFED0B7A002A3FF422AF1EE72C
:1064A000039B4FEA830C35E5689B032B7FF41CAFFD
:1064B000DFED047A002AC9D171E7DFED027AA2E7A5
:1064C000E89204080000000010EE103A23F00043A8
:1064D000B3F1485F04DAFDEEC07A17EE903A5BB391
:1064E00060EE007A9FED157ADFED155A9FED156A83
:1064F000DFED156AE7EE875A9FED147AA5EEA76ADD
:1065000020EE275AE6EE276AA6EEA77A30B9DFED2D
:10651000106AE7EE876AA6EE850A704727EE457A8D
:10652000F6EE006AA0EEA67ADFED0A6AD7EE270A39
:10653000E5EE260A30EE600A704700BFD3C92E2F61
:10654000342FD7B21BEF3836010D50B98988083C7B
:10655000ABAA2ABEABAA2A3E08B510EE103A23F029
:106560000042B2F1465FF0EE407A0FDABDEEC07A3B
:1065700017EE101A01BB431C134300F0A080012842
:1065800003D0BFEE007A87EE270A08BD50498A4241
:1065900012DB002BB8BFF1EE407A9FED4E7A9FEDF3
:1065A0004E0AB8BFF1EE600A70EE677A37EE600A05
:1065B000DFED4A0A70EE277A67EEA76ADFED484AF8
:1065C000DFED485A9FED485A9FED486A404926EE54
:1065D000A67A8A42E7EE245AA7EE056ADFED444A1E
:1065E0009FED445AE5EE874AA6EE075ADFED425A80
:1065F0009FED426AE4EE875AA5EE076ADFED404A56
:106600009FED405AE5EE874AA6EE075A9FED3E6A97
:10661000DFED3E5AA4EE876AE5EE075AB0EE467A01
:10662000A5EEA67A27EEA65AB0EE606AA7EE056A36
:10663000DFED374AE6EE260AE5EE240A37EEA00A39
:106640001FDA0128A1D0BFEE007AC7EE006A314BF5
:1066500010EE102A1A4006EE102A16EE902A76EE58
:10666000677A134000EE103AB7EE007A70EEE70A50
:10667000F0EE477AE6EE007AE0EE807AA7EEA60A20
:1066800008BD07EE100AB8EEC77A60EE005A30EE89
:10669000070A9B17C5EE806A03F00203C3F10103EA
:1066A000B0EE006A76EEE00A00EE103A77EEE07A9D
:1066B000B8EEC00AA7EEC67A20EE070A08BDFDF7BD
:1066C00043FFB7EE007AF0EE407A87EE270A08BD66
:1066D00040A12C3F68212233DA0F493F000000001F
:1066E0005FAE9BB745F4A3388453D9377AC0953849
:1066F000C8261A3AB937813916696B3B48DEBE3A6B
:10670000A427B33C1F37113C8988083ED10D5D3D5D
:10671000ABAAAA3E00F0FFFF82B08DED010A0198FE
:1067200020F00040B0F1FF4FACBF0020012002B0CC
:10673000704700BF9FED010A704700BF0000C07F97
:1067400010EE101AC1F3C753A3F17F02162A21F0ED
:10675000004325DC53B3002A82B04FEAD17026DB18
:10676000244B1341194219D04FEA530C11EA530339
:1067700007D04FF4001321EA0C0113410B4300EE44
:10678000103A1D4B03EB8003D3ED007A37EE800AFD
:106790008DED010A9DED010A30EE670A02B07047E7
:1067A000B3F1FF4F02D330EE000A70477047124A30
:1067B000C1F316035B4202EB80005B0A0A0D03F48F
:1067C00080031205134307EE903AD0ED006A36EECF
:1067D000A77A01F000418DED017ADDED017A77EEC7
:1067E000E67A17EE903A23F000430B4300EE103A9E
:1067F000D4E700BFFFFF7F001093040882B08DED47
:10680000010A019B33F000422AD0B2F1FF4F23D29C
:1068100013F0FF4F28D19DED017ADFED2A7A2A4B44
:1068200067EE277A9842CDED017A37DB019BC3F3FF
:10683000C752193A0244FE2A1ADD9FED240A9FED41
:10684000247A019B002BF0EE407AB8BFB0EE470AE5
:1068500020EE270A02B0704730EE000A02B07047FF
:106860009DED010A02B07047D20D0244FE2AE4DC1D
:10687000002A0BDC12F1160F17DA4CF25033984253
:10688000DBDC9FED140A9FED147ADAE723F0FF4377
:1068900043EAC25300EE103A02B070479FED0D0A72
:1068A000DDED017A27EE800AD8E7193223F0FF43A5
:1068B00043EAC253DFED097A07EE103A27EE270AC2
:1068C000CCE700BF0000004CB03CFFFFCAF24971AA
:1068D000CAF249F16042A20D6042A28D000000336D
:1068E00010EE103A33F000422ED0002B33DBB3F120
:1068F000FF4F40DAB3F5000F34DB4FF0000C68486F
:10690000C3F31601084400F4000282F07E520A43E9
:10691000DB1500EE102A7F3B624A634401F10F0C45
:10692000F7EE007A0CEA020230EE670A03EBD0536E
:1069300022BBB5EE400AF1EE10FA60D1002B40F018
:1069400092809FED590A70479FED587ADFED567A95
:1069500087EE270A704770EE407A9FED537A87EEF4
:10696000870A7047DFED527A60EE277A6FF0180CD5
:1069700017EE903AC3E730EE000A7047F0EE007A67
:1069800070EE277A07EE103A80EE274A4948C1F5A3
:106990005712084402F522720243002A9FED463A3C
:1069A000DFED464ADFED465ADFED463A9FED465AA7
:1069B000DFED467ADFED466A24EE046AF8EEC72A78
:1069C00026EE067AE7EE034AA7EE235AE4EE875A4C
:1069D000E5EE076AE5EE877A67EE867AE6EE877A75
:1069E0002ADDB6EE007A20EE077A27EE007A4BBB5E
:1069F00077EE877AA7EEC47A30EE470A7047B6EE94
:106A0000007ADFED346AF0EE477AE0EE667A20EE47
:106A1000007A27EE277A002BEED007EE903A9FED12
:106A20002E6ADFED2E6AF8EEE77AA7EEC67A37EE29
:106A3000400A97EEA60A704713BB70EE677AA7EE7E
:106A4000C40A7047DFED246A9FED246A77EE877AE7
:106A500062EEA66AE7EE846A37EE667A37EE400A9F
:106A600092EE860A704707EE903A9FED1B0A9FED63
:106A70001B7AF8EEE77A27EE800AA7EE870A7047BE
:106A80009FED157ADFED156A70EE677A27EE627A70
:106A9000A7EE847A37EE400A92EEA60A704700BF4E
:106AA00020FB4A00F0FF7F0000000000000000CC47
:106AB0000000004C305CCFFF9788173E25333A3EEC
:106AC0002549923E4FD01C3E298E633EABAA2A3FF9
:106AD000CDCCCC3EABAAAA3ED1F717378071313F5F
:106AE000014B1868704700BF0800002070B50C46C5
:106AF000064600F065F8E36A054633B1E1693046C1
:106B000098470028B8BF4FF0FF35A3891B0619D45A
:106B1000216B41B104F14003994202D0304600F0AC
:106B200081FA00232363616C21B1304600F07AFAC8
:106B30000023636400F00AFA0023A38100F008FA3E
:106B4000284670BD2169304600F06CFAE0E700BFCE
:106B5000B1B138B504460D4608B1836B4BB1B5F9F8
:106B60000C300BB9002038BD29462046BDE838401E
:106B7000BCE700F0E7F9B5F90C30002BF2D0F3E7F1
:106B800000207047C0B138B50C4B1D6804460DB1EC
:106B9000AB6B4BB1B4F90C300BB9002038BD2146BA
:106BA0002846BDE83840A1E7284600F0CBF9B4F903
:106BB0000C30002BF1D0F2E70020704708000020D5
:106BC000B1F90C202DE9F0410C461107804647D45D
:106BD000636842F40062002BA2815EDDA56A002D8D
:106BE00058D00023D8F80060C8F8003093B212F4EF
:106BF000805256D10123E1694046A847431C67D023
:106C0000A389A56A5F0705D56368C01A236B0BB11A
:106C1000E36BC01AE169024600234046A847411CC5
:106C200041D1D8F80030002B3DD01D2B01D0162BC0
:106C300056D1A3892269226023F400630021616098
:106C4000A381216BC8F8006021B304F1400399428D
:106C500002D0404600F0E6F900202063BDE8F08154
:106C60002669BEB193B2256826609A070CBF636996
:106C70000023AD1BA3600BE02B463246E169676A37
:106C80004046B847B0F1000CA5EB0C05664417DD93
:106C9000002DF1DC0020BDE8F081E36B002B9DDCD2
:106CA000F8E7206DAEE7B4F90C302269226023F4D6
:106CB0000063A3810022DB046260C2D52065C0E7C7
:106CC000A38943F040034FF0FF30A381BDE8F0817A
:106CD000D8F80030002B93D01D2B06D0162B04D0F3
:106CE000A38943F04003A381D5E7C8F80060D1E74A
:106CF00038B50D46044608B1836B1BB1B5F90C00DD
:106D000030B938BD00F01EF9B5F90C000028F8D0F4
:106D100029462046BDE83840FFF752BF38B5B8B124
:106D20000F4B1D6804460DB1AB6B4BB1B4F90C00B1
:106D300000B938BD21462846BDE83840FFF740BFBE
:106D4000284600F0FFF8B4F90C000028F1D0F1E774
:106D5000044B05491868BDE8384000F09FBA00BFF1
:106D6000080000201C940408F16C00080020704703
:106D7000014900F093BA00BF516B00080020704732
:106D80002DE9F84F2D4A4668C26300240323C0E969
:106D9000B843074600F53B720423C0F8E8222146B9
:106DA000C6E902430822C6E90044C6E90444746601
:106DB000B46106F15C0000F0E3FFDFF88CB0BD6861
:106DC000DFF888A0DFF88890DFF888801C4BC6F8D1
:106DD00024A0C6E9076BC6F82890C6F82C800822C4
:106DE000EB60C5E90044C5E904446C66AC60AC6185
:106DF000214605F15C0000F0C3FFC5E9075BC5E96A
:106E000009A9C5F82C80FD680E4BEB60C5E900446C
:106E1000C5E904446C66AC60AC612146082205F10A
:106E20005C0000F0ADFF0123C5E9075BC5E90A98E6
:106E3000C5F824A0BB63BDE8F88F00BF716D0008E2
:106E40000900010012000200B57F0008DD7F000884
:106E50001D8000083D80000870B568224D1E02FBB1
:106E600005F50E4605F1740100F022FB044640B121
:106E700000210C30C4E90016A06005F1680200F0A2
:106E80007FFF204670BD00BF274B2DE9F0411E68F3
:106E9000B36B07465BB306F538764FF00408D6E9C6
:106EA0000134013B04D51EE05A1C04F168041AD0D9
:106EB000B4F90C50013B002DF6D11C4B6566C4E9BA
:106EC0000055C4E90253C4E90455A56108222946C6
:106ED00004F15C0000F054FFC4E90C55C4E91155FD
:106EE0002046BDE8F08135682DB12E46D7E7304603
:106EF000FFF746FFCFE74FF4D671384600F0D8FAD7
:106F0000044668B10560C0F804800C302946A060D2
:106F100025464FF4D07200F033FF34602E46BEE7B2
:106F20000C2330603B60DBE71C9404080100FFFF8A
:106F3000024B0349186800F0B1B900BF1C94040863
:106F4000516B0008836B03B1704719E7704700BFAE
:106F5000704700BF704700BF704700BF024B034936
:106F6000186800F07BB900BF080000206D6D0008B4
:106F7000024B0349186800F071B900BF08000020F7
:106F80007D6D0008F8B5244F0C46064600F04AFF18
:106F9000BA685568C4F57E630F3325F003052B44AA
:106FA00023F47F6323F00F03A3F58054B4F5805FCF
:106FB00007DB0021304600F0EBFFBB682B44984212
:106FC00004D0304600F030FF0020F8BD614230466A
:106FD00000F0DEFF01300DD0104ABB682D1B45F0DC
:106FE00001055D60136830461B1B136000F01CFF39
:106FF0000120F8BD0021304600F0CAFFBA68831AAC
:107000000F2BDEDD43F001035360054B03491B6882
:10701000C01A0860D5E700BFA4050020242700207F
:10702000AC090020002961D0F8B50C46064600F0F6
:10703000F9FE54F8042C7B4FA4F1080522F001015D
:1070400005EB010CB868DCF80430604523F003035D
:1070500000F08B80D207CCF8043032D454F8082CDE
:10706000AD1A1144AA6807F1080082426AD00CEBFD
:107070000304D4F804E0EC68D4601EF0010FA260B1
:1070800000F0978041F001036B60CCF80010B1F57F
:10709000007F35D27A68CB0848090121013381404D
:1070A0001143796007EBC30257F83310083AC5E97A
:1070B000021247F83350CD603046BDE8F84000F08A
:1070C000B3BE0CEB03025268D00710D4194407F189
:1070D0000800DCF80830834273D0DCF80C20DA605A
:1070E000936041F001036B606950D0E7704741F055
:1070F0000103B1F5007F44F8043CCCF80010C9D37B
:10710000B1F5206F4FEA512348D28B0903F13900C2
:1071100003F13802C300F818FB580838984259D0D8
:107120005A6822F003028A4202D99B689842F7D13A
:10713000D868C5E902308560DD603046BDE8F840BA
:1071400000F072BE0CEB03025268D20763D40B440A
:10715000DCE90212CA60916043F001026A603046C5
:10716000EB50BDE8F84000F05FBE0B44D10707D4F8
:1071700054F8082CAD1A1344D5E90212CA60916084
:1071800043F001026A60284ABD6012689A4293D8AF
:10719000264B30461968FFF7F5FE8DE7142B0AD908
:1071A000542B1FD80B0B03F16F0003F16E02C300C9
:1071B000B1E719448DE703F15C0003F15B02C30002
:1071C000A9E741F00103C7E90455C5E902006B6076
:1071D000695071E779689210012404FA02F20A43B7
:1071E0007A60A6E7B3F5AA7F06D8CB0B03F1780047
:1071F00003F17702C3008EE740F25452934206D85F
:107200008B0C03F17D0003F17C02C30083E74FF494
:107210007E737E227FE741F001036B60CCF80010A3
:107220004AE700BFA4050020B00900202027002065
:1072300070B50C46084D03460026204611461C46F4
:107240002E6036F052FF431C00D070BD2B68002B1F
:10725000FBD0236070BD00BF542700202DE9F04112
:10726000884600F538770026D7E90154013D0FD450
:10727000A389012B05F1FF3506D9B4F90E3001338E
:10728000204601D0C04706436B1C04F16804EFD1CF
:107290003F68002FE8D13046BDE8F0812DE9F84382
:1072A0000746884600F538764FF00009D6E90154C4
:1072B000013D11D4A389012B05F1FF3508D9B4F99B
:1072C0000E300133214603D03846C04749EA000951
:1072D0006B1C04F16804EDD13668002EE6D14846F7
:1072E000BDE8F88342B110B50B491046144600F0D2
:1072F0003BFF18B9094810BD0848704707492046A8
:1073000000F032FF0028F5D00549204600F02CFFA0
:107310000028EFD0002010BD202605081C260508F7
:1073200008270508014B93F828017047380400200E
:1073300041B110B50C4620460A4900F015FF18B9B6
:10734000094810BD084870470749204600F00CFF67
:107350000028F5D00549204600F006FF0028EFD0B0
:10736000002010BD202605081C2605080827050852
:107370002DE9F0418B890C46990796B008D504F1A8
:1073800043030122C4E90432236016B0BDE8F08152
:10739000B4F90E100029064627DB6A46FFF748FFBE
:1073A000002821DB019D05F47045A5F50055B5FACF
:1073B00085F54FF480686D094FF40067414630460B
:1073C00000F076F8B4F90C30F0B1204AF26343F0E3
:1073D0008003C4F81480A3812060206135BB3B4347
:1073E000A38116B0BDE8F081A38913F0800519D000
:1073F0004FF040084146304600F05AF80025B4F9F5
:107400000C302F460028E0D19A05BED423F00303A8
:1074100004F1430243F002030121C4E90421A381E2
:107420002260B2E74FF480682F46C7E7B4F90E1028
:10743000304604F05FF810B9B4F90C30CFE7A389F7
:1074400023F0030343F001031BB2C8E7716D00088A
:1074500070B50C46B1F90E10002996B015461E46BF
:1074600014DB6A46FFF7E4FE00280FDB019A02F402
:107470007042A2F50052B2FA82F24FF480635209D0
:107480004FF4006032602B6016B070BDB4F90C1080
:10749000002311F08000336004D0402218462A6097
:1074A00016B070BD4FF480632B6016B070BD00BF86
:1074B0002DE9F04F01F10B06162E83B0044624D8B7
:1074C000102900F2BA8000F0ADFC1026182202202C
:1074D000B74F3A44A2F1080153688B4200F0BA80DA
:1074E0005A68D96822F003021A449D68E9608D60E9
:1074F000516841F001012046516003F1080500F098
:1075000093FC284603B0BDE8F08F36F0070600F183
:107510009480B14200F2918000F084FCB6F5FC7FCB
:10752000C0F09681730A00F08F80042B00F26B810B
:10753000B30903F1390003F1380CC3009C4F3B44FD
:10754000A3F108055B689D4206D10CE0002980F29A
:107550002B81DB689D4206D05A6822F00302911B02
:107560000F29F3DD60463D69DFF848C265457CD0F0
:107570006A6822F00302931B0F2B00F37781002B24
:10758000C7E904CC80F26881B2F5007F80F01681F3
:10759000D308796801334FEA521E012202FA0EF233
:1075A0000A4357F833E0C5F808E007EBC301083990
:1075B000E9607A6047F83350CEF80C50831001210F
:1075C0009940914257D8114206D120F0030049005A
:1075D000114200F10400FAD007EBC0094D4686467F
:1075E000D5F80C80454508D119E1002B80F22081A7
:1075F000D8F80C80454500F01281D8F8042022F01C
:107600000302931B0F2BF0DD2046D8E9025408EB50
:10761000060146F00106C8F80460EC60A56043F07E
:107620000104C7E90411C1E902CC4C6048F80230FA
:1076300000F0FAFB08F1080502E00C2323600025A6
:10764000284603B0BDE8F08F4FF4007340204FF0A0
:107650003F0C73E7D3689A4208BF02307FF440AF13
:107660003D69DFF850C1654582D17A6883100121F8
:1076700099409142A7D9BD686B6823F0030846453D
:1076800003D8A8EB06030F2B7EDCDFF82C91D7F88C
:107690000824D9F800300132334405EB080A00F021
:1076A0002F8103F580530F3323F47F6B2BF00F0BE7
:1076B0005946204600F06CFC411C024600F0EF8069
:1076C000824500F2EA80D9F804105944C9F8041040
:1076D0000B4600F04B81D7F8081401311BBFA2EB19
:1076E0000A0A5344C7F80824C9F8043012F0070303
:1076F00000F01281C3F108010A44C3F5805193449C
:107700000831A1EB0B01C1F30B0A5146204601924F
:10771000009300F03DFC421CDDE9003200F04B819B
:10772000831A03EB0A0BD9F80400BA604BF001038B
:107730000AEB0001BD425360C9F8041000F0228139
:10774000B8F10F0F40F220816B68A8F10C0020F017
:10775000070003F0010303436B604FF0050C2B1887
:107760000F28C3E901CC00F22D8153681546D9F8E2
:107770002C208A42D9F8302038BFC9F82C108A4210
:1077800038BFC9F830108CE0AA1943F0010346F065
:1077900001066E602046BA60536000F045FB083574
:1077A000284603B0BDE8F08FD9681A449DE600BFB3
:1077B000A4050020AC05002020270020B2F5206F92
:1077C0004FEA522363D3142B00F2B88003F15C011B
:1077D000C9005B3307EB010E7958AEF1080E8E45F8
:1077E00000F091804B6823F00303934202D989682B
:1077F0008E45F7D1D1F80CE07A68C5E9021ECEF8C3
:107800000850CD60DAE6142B59D9542B00F29E8033
:10781000330B03F16F0003F16E0CC3008EE60EF123
:10782000010E1EF0030F05F108057FF4D9AE51E0FB
:10783000424445465368D8F80C1043F001035360A6
:1078400055F8083F2046D9608B6000F0EDFAF7E666
:10785000F00806F108023BE62A442046536843F04C
:1078600001035360083500F0DFFAE9E6A919204664
:1078700046F0010643F001046E60C7E90411C1E956
:1078800002CC4C60AB5000F0CFFA0835D8E6930933
:1078900003F13901C90038339CE7BD4260D0BD68AF
:1078A0006B6823F0030B5E45ABEB060302D80F2B8E
:1078B0003FF76AAF204600F0B7FA0025C0E603F1B3
:1078C0005C0003F15B0CC30038E659F808394B45FE
:1078D00040F0968010F0030F00F1FF30F5D17B6887
:1078E00023EA01037B60490099423FF6C4AE19B90F
:1078F000C1E649000EF1040E1942FAD070466BE65B
:1079000003F1100BD4E69A104FF001087B6808FAD7
:1079100002F21A437A6070E702EB0B014942C1F3AD
:107920000B0A514620460193009200F031FB431CA4
:10793000DDE900237FF4F4AE9A46F4E6542B26D812
:10794000130B03F16F01C9006E3343E7B3F5AA7F50
:1079500026D8F30B03F1780003F1770CC300EDE5B3
:10796000D9F804305B44C9F80430B4E6CAF30B001C
:1079700000287FF4B0AEBD6808EB0B0343F00103B1
:107980006B60F4E61546F2E60123536092E7B3F527
:10799000AA7F21D8D30B03F17801C900773319E707
:1079A00040F25452934221D8B30C03F17D0003F10D
:1079B0007C0CC300C2E5083B9B44ABEB020B4FF0D1
:1079C000000AB0E605F108012046FFF72BFBBD6871
:1079D000D9F804106B68CAE640F254518B420BD8B8
:1079E000930C03F17D01C9007C33F3E64FF47E7301
:1079F0007F204FF07E0CA1E54FF47E717E23E9E6F7
:107A00007B6870E710B4034CD4F8E440A4465DF8FA
:107A1000044B60473804002082B049B15AB16BB1C1
:107A200013780B601278101E18BF012002B0704747
:107A300001A9002AF3D1104602B070476FF001008F
:107A4000F4E700BF0000000000000000000000009C
:107A500001F0FF01102A2BDB10F0070F08D010F8FF
:107A6000013B013A8B422DD010F0070F42B3F6D103
:107A7000F0B441EA012141EA014122F007047FF01C
:107A800000070023F0E80256083C85EA010586EA73
:107A9000010685FA47F5A3FA87F586FA47F6A5FAAF
:107AA00087F68EB9EED1F0BC01F0FF0102F00702BB
:107AB00032B110F8013B013A83EA010313B1F8D166
:107AC0000020704701387047002D06BF3546033847
:107AD000073815F0010F07D1013015F4807F02BF80
:107AE000013015F4C03F0130F0BC0138704700BFD1
:107AF000032A70B515D940EA010C1CF0030F0446A7
:107B00000B4621D1194620460E680568B54204F19E
:107B1000040403F1040317D1043A032A204619464A
:107B2000F0D8541EA2B100F1FF3C013901E0C318A6
:107B30000CD01CF801EF11F8012F9645A4EB0C03B3
:107B4000F5D0AEEB020070BD541EECE7184670BDD8
:107B5000104670BD844641EA000313F003036DD163
:107B6000403A41D351F8043B40F8043B51F8043B00
:107B700040F8043B51F8043B40F8043B51F8043B07
:107B800040F8043B51F8043B40F8043B51F8043BF7
:107B900040F8043B51F8043B40F8043B51F8043BE7
:107BA00040F8043B51F8043B40F8043B51F8043BD7
:107BB00040F8043B51F8043B40F8043B51F8043BC7
:107BC00040F8043B51F8043B40F8043B51F8043BB7
:107BD00040F8043B51F8043B40F8043B51F8043BA7
:107BE00040F8043B403ABDD2303211D351F8043B47
:107BF00040F8043B51F8043B40F8043B51F8043B87
:107C000040F8043B51F8043B40F8043B103AEDD2F5
:107C10000C3205D351F8043B40F8043B043AF9D246
:107C2000043208D0D2071CBF11F8013B00F8013B19
:107C300001D30B8803806046704700BF082A13D326
:107C40008B078DD010F003038AD0C3F10403D21A3E
:107C5000DB071CBF11F8013B00F8013B80D331F872
:107C6000023B20F8023B7BE7043AD9D3013A11F8F2
:107C7000013B00F8013BF9D20B7803704B7843705D
:107C80008B7883706046704788420DD98B18834289
:107C90000AD900EB020CBAB1624613F801CD02F822
:107CA00001CD9942F9D170470F2A0ED8034602F14F
:107CB000FF3C4AB10CF1010C013B8C4411F8012B43
:107CC00003F8012F6145F9D1704740EA01039B0792
:107CD00050D1A2F1100370B501F1200C23F00F0573
:107CE00001F1100E00F11004AC441B095EF8105CA9
:107CF00044F8105C5EF80C5C44F80C5C5EF8085CC0
:107D000044F8085C5EF8045C44F8045C0EF1100E64
:107D1000E64504F11004E9D1013312F00C0F01EB38
:107D2000031102F00F0400EB031327D0043C24F0EE
:107D300003064FEA940C1E441C1F8E465EF8045B3B
:107D400044F8045FB442F9D10CF1010402F00302DB
:107D500003EB840301EB840102F1FF3C4AB10CF117
:107D6000010C013B8C4411F8012B03F8012F6145F4
:107D7000F9D170BD02F1FF3C03469BE72246EBE7D9
:107D8000830730B548D0541E002A3FD0CAB20346FC
:107D900001E0013C3AD303F8012B9D07F9D1032CF4
:107DA0002DD9CDB245EA05250F2C45EA054536D932
:107DB000A4F1100222F00F0C03F1200EE6444FEA6A
:107DC000121C03F1100242E9045542E90255103237
:107DD0007245F8D10CF1010214F00C0F03EB021202
:107DE00004F00F0C13D0ACF1040323F003030433AD
:107DF000134442F8045B9342FBD10CF003042CB112
:107E0000CAB21C4403F8012B9C42FBD130BD64462E
:107E10001346002CF4D1F9E703461446BFE71A468F
:107E2000A446E0E7704700BF704700BF0EB400B53E
:107E300082B003AB816853F8042B019300F004FD7A
:107E400002B05DF804EB03B0704700BF0FB400B59B
:107E5000074983B004AB086853F8042B8168019389
:107E600000F0F2FC03B05DF804EB04B0704700BF13
:107E70000800002070B50D461646044608B1836B15
:107E80007BB1B368013B002BB36011DAB069834268
:107E900014DBE8B20A2811D033685C1C34601D7012
:107EA00070BDFFF74FF8B368013B002BB360EDDB0B
:107EB00033685C1C34601D70E8B270BD32462946E0
:107EC0002046BDE8704001F08DBF00BF164B70B575
:107ED0001E6805460C460EB1B36B7BB1A368013B2F
:107EE000002BA36012DAA269934215DBE8B20A28DC
:107EF00012D023685A1C22601D7070BD3046FFF7F7
:107F000021F8A368013B002BA360ECDB23685A1C1B
:107F100022601D70E8B270BD224629463046BDE899
:107F2000704001F05FBF00BF080000208268FFF7CB
:107F3000A1BF00BF024B014618688268FFF79ABFD5
:107F400008000020024B1B680022C3E92A02704788
:107F5000080000200B4A0C4910B414680B4AD4E9FD
:107F60002A0300FB02F201FB0322A0FB0101431CD8
:107F700042EB0100C4E92A3020F000405DF8044BD8
:107F8000704700BF080000202D7F954C2DF45158FC
:107F900038B5074D0022044608462A6036F09CF8A2
:107FA000431C00D038BD2B68002BFBD0236038BDAC
:107FB0005427002010B50C46B1F90E1004F01CF83F
:107FC000002803DB236D0344236510BDA38923F43C
:107FD0008053A38110BD00BF002070472DE9F04100
:107FE0000C46B1F90C101F46CB05054616460BD4BE
:107FF00021F48051A1813B46B4F90E103246284647
:10800000BDE8F04101F0AEBFB4F90E10022300222A
:1080100003F08CFAB4F90C10EAE700BF10B50C4677
:10802000B1F90E1003F082FAA389421C0EBF23F4AB
:10803000805343F480532065A38110BDB1F90E1025
:1080400002F010B8830710B5044610D10268A2F1FF
:10805000013323EA020313F0803F08D150F8042FC4
:10806000A2F1013323EA020313F0803FF6D0037834
:108070001BB110F8013F002BFBD100F0DFF92046C7
:1080800010BD00BF11F0FF01034644D0820732D17A
:1080900010B5046841EA012E4EEA0E4E8EEA040243
:1080A000A2F1013323EA0203A4F1013222EA04021D
:1080B000134313F0803F0FD150F8044F84EA0E0CA5
:1080C000A4F10133ACF1013223EA040322EA0C02E9
:1080D000134313F0803FEFD0037823B936E010F854
:1080E000013F002B32D09942F9D110BD8A4211D004
:1080F0009A071846CCD0184613F8012B002AF5D160
:10810000104670479907184607D018460133027881
:10811000002AF7D170478207F7D10268A2F1013334
:1081200023EA020313F0803F08D150F8042FA2F194
:10813000013323EA020313F0803FF6D00378002BCB
:10814000E8D010F8013F002BFBD17047184610BD56
:10815000000000000000000000000000000000001F
:10816000A2EB0300704700BF02780B78012A28BFFA
:108170009A42F5D16DE9044540EA0104CDE9026770
:108180006FF0000C4FEA447212B380EA010414F05D
:10819000070F6AD100F0070420F0070004F0030580
:1081A00021F007014FEAC505F0E8042314F0040F9D
:1081B000F1E804670CFA05F462EA040266EA0406D0
:1081C0000AD063EA0403624667EA0407664603E0EE
:1081D000F0E80423F1E8046782FA4CF582EA060429
:1081E000A4FA8CF46CBB83FA4CF583EA0705A5FA74
:1081F0008CF595B950E9022351E9026782FA4CF5F2
:1082000082EA0604A4FA8CF483FA4CF583EA0705A3
:10821000A5FA8CF52543DBD09CB92DBAB5FA85F4C7
:1082200024F0070427FA04F1DDE9026723FA04F3D6
:1082300003F0FF0001F0FF01FDE80445A0EB0100A1
:10824000704724BAB4FA84F424F0070426FA04F13F
:10825000DDE9026722FA04F202F0FF0001F0FF01FB
:10826000FDE80445A0EB0100704714F0030F3CD17A
:1082700010F0030428D150F8082B51F8083B82FA7B
:108280004CF582EA0305A5FA8CF55DB950F8042C8B
:1082900051F8043C82FA4CF582EA0305A5FA8CF504
:1082A000002DE8D02DBAB5FA85F424F0070423FA9E
:1082B00004F122FA04F202F0FF0001F0FF01FDE8F0
:1082C0000445A0EB010070474FEAC40420F003000E
:1082D00050F8082B21F0030151F8083B0CFA04F484
:1082E00062EA040263EA0403C9E710F003041AD047
:1082F000A1EB040120F00300E40750F8042B06D0A2
:108300000FD28B785FFAA2F4E41A06D12BB1CB78A6
:108310005FFAB2F4E41A00D11BB920465DF8104BA5
:10832000704701F1040150F8042BCC0721F0030140
:1083300051F8043B48D824D222F07F4482FA4CF50D
:1083400094EA1325A5FA8CF50AD165B951F8043BD6
:1083500084EA0204B4EB036F0ED150F8042BEBE770
:108360004FEA132355E035F07F454DD10878FDE8FD
:108370000445C0F1000070474FEA126203F0FF03AA
:1083800047E002EA1C4482FA4CF594EA1345A5FA48
:108390008CF50AD165B951F8043B84EA0204B4EBC8
:1083A000034F0CD150F8042BEBE74FEA134330E0B6
:1083B00015EA1C4528D10B884FEA124229E04FEA02
:1083C000124203EA1C4324E002F0FF0482FA4CF557
:1083D00094EA1365A5FA8CF50AD165B951F8043B06
:1083E00084EA0204B4EB032F09D150F8042BEBE725
:1083F0004FEA13630DE015F0FF0F05D10B684FEA4C
:10840000122223F07F4304E04FF00000FDE8044512
:10841000704712BA1BBA82FA4CF482EA0304A4FA37
:108420008CF5B5FA85F402FA04F203FA04F34FEA84
:108430001260FDE80445A0EB1360704780EA01027A
:10844000844612F0030F4FD111F0030F32D14DF8D3
:10845000044D11F0040F51F8043B0BD0A3F101328D
:108460009A4312F0803F04BF4CF8043B51F8043BA0
:1084700016D100BF51F8044BA3F101329A4312F018
:10848000803FA4F101320BD14CF8043BA24312F01F
:10849000803F04BF51F8043B4CF8044BEAD023461C
:1084A0000CF8013B13F0FF0F4FEA3323F8D15DF8CE
:1084B000044B704711F0010F06D011F8012B0CF896
:1084C000012B002A08BF704711F0020FBFD031F80E
:1084D000022B12F0FF0F16BF2CF8022B8CF8002095
:1084E00012F47F4FB3D1704711F8012B0CF8012B18
:1084F000002AF9D1704700BF000000000000000012
:1085000090F800F06DE9024520F007016FF0000CD3
:1085100010F0070491F820F040F049804FF000047B
:108520006FF00700D1E9002391F840F000F1080056
:1085300082FA4CF2A4FA8CF283FA4CF3A2FA8CF38E
:108540004BBBD1E9022382FA4CF200F10800A4FAF5
:108550008CF283FA4CF3A2FA8CF3E3B9D1E9042349
:1085600082FA4CF200F10800A4FA8CF283FA4CF380
:10857000A2FA8CF37BB9D1E9062301F1200182FA3A
:108580004CF200F10800A4FA8CF283FA4CF3A2FA40
:108590008CF3002BC6D0002A04BF04301A4612BA4E
:1085A000B2FA82F2FDE8024500EBD2007047D1E951
:1085B000002304F00305C4F100004FEAC50514F0E0
:1085C000040F91F840F00CFA05F562EA05021CBFB1
:1085D00063EA050362464FF00004A9E7A2B330B591
:1085E00040EA0104A40784460B462AD09CF8000008
:1085F0000C7884422FD1012A0DD0E64660B11EF8D6
:10860000010F11F8014F6FEA0E03A042134422D16B
:108610001CEB0303F2D1002030BD0468194653F867
:10862000045BA4F1013EAC4284462EEA040E00F144
:1086300004000BD1043A84461946ECD01EF0803F6A
:10864000E9D1032AE9D8D1E7104670479CF8000029
:108650000C78A042D1D0001B30BD00BF30B540EA3D
:108660000104A30701D1032A0FD8844601F1FF3E7C
:1086700007E01EF8011F03F8011B541EC1B19C4600
:1086800022466346002AF4D130BD0B468446194683
:1086900053F8045BA5F1013424EA050414F0803F8B
:1086A000E4D1043A032A4CF8045B1946EFD8DDE71D
:1086B0006244002CE8D003F8011B9342FBD130BD8B
:1086C0002DE9F04F814645488E4675461EF801CB90
:1086D00010F80C4014F00804F7D1BCF12D0FE3465C
:1086E00054D0BCF12B0F08BF9EF800B06FF00048CB
:1086F00008BF05F1020E1BB1102B4FD01F4604E03E
:10870000BBF1300F55D00A231F460025B8FBF7F602
:10871000284607FB168A07E0864215D329D007FBB7
:1087200000C001251EF801BBABF1300CBCF1090FF4
:1087300006D9ABF1410CBCF1190F08D8ABF1370CDD
:1087400063450DDD002DE7DA4FF0FF35EAE7ABF1C9
:10875000610CBCF1190F03D8ABF1570C6345F1DC88
:10876000002D0BDB04B140420AB195BB1160BDE89E
:10877000F08FE245D3DA4FF0FF35D3E72223C9F873
:1087800000301AB30EF1FF314046EFE79EF800B01B
:108790004FF0004805F1020E0124ACE7BBF1300FA9
:1087A000ACD19EF8000000F0DF00582807D01F462B
:1087B000ABE79EF8003003F0DF03582B0BD11027F6
:1087C0009EF801B03B460EF1020E9EE74046BDE822
:1087D000F08F8046D6E708231F4696E719930408D2
:1087E000012B02D0242B00D86AE710B5FEF778F9E8
:1087F00016230360002010BD012A08D0242A06D8C1
:1088000084460648134600680A46614658E710B594
:10881000FEF766F916230360002010BD0800002053
:10882000012A08D0242A06D8844606481346006840
:108830000A46614644E710B5FEF752F91623036075
:10884000002010BD080000202DE9F04F2DED068B13
:10885000BBB01C468846914609EE100A054602F058
:108860005DFE0368109318460994FFF749FE0E90C9
:108870001DB1AB6B002B00F04282B8F90C209504BF
:1088800093B20AD442F40053D8F86420A8F80C300C
:1088900022F400529BB2C8F86420180740F1AB8064
:1088A000D8F81020002A00F0A68003F01A030A2B43
:1088B00000F0B0809FED947B0023CDE91E338DED59
:1088C0000C7B2AAA0B931D9292460F931193079348
:1088D00099F80030002B00F0A4814C4604E014F815
:1088E000013F002B00F0E580252BF8D1B4EB090502
:1088F00040F0E3802378002B00F0938100234FF0B9
:10890000FF32CDE9052365788DF8573004F1010970
:1089100018469B4609F10109A5F12002582A00F2E8
:10892000F780DFE812F07F02F500F5007A02F5002B
:10893000F500F500F500F500F5002D027502F500D3
:1089400038023D02F50070025900590059005900E3
:1089500059005900590059005900F500F500F5007B
:10896000F500F500F500F500F500F500F5005702FB
:108970008901F5008901F500F500F500F500B60262
:10898000F500F5009800F500F500F500F500F5009C
:108990008800F500F5009502F500F500F500F500FA
:1089A000F500F500F500F500F500F5008702F0018F
:1089B000890189018901BB02F001F500F500EC0293
:1089C000F500D6029A00C502C002F5001B03F500AF
:1089D0008A00F500F500F902A5F13002002119F82E
:1089E000015B01EB810102EB4101A5F13002092A93
:1089F000F5D9069190E719EE100A414601F0C8FA40
:108A0000002841F02681B8F80C3003F01A030A2B35
:108A10007FF450AFB8F90E30002BFFF64BAF19EED4
:108A2000100A23464A4641463BB0BDEC068BBDE8E2
:108A3000F04F01F0A1B94BF0100B1BF0200100F03A
:108A40005081099B073323F00703596853F8080B3B
:108A5000099301230EE04BF0100B1BF0200100F0F6
:108A60003381099B073323F00703596853F8080B38
:108A70000993002300248DF85740059A561C00F0F6
:108A800091822BF08006039650EA010640F088821E
:108A9000002A40F00D83002B40F01E851BF00103DF
:108AA000089300F0948530238DF8A7300DF1A706C8
:108AB0009DE2B4EB090500F0B4801F9B2B441F938B
:108AC0001E9B0133072BCAE900951E9305DC0AF1B2
:108AD000080A079B2B4407930CE719EE100A1DAAFE
:108AE000414603F0C7FC18B90DF1A80AF1E7B046FA
:108AF000B8F80C305B0601F1AC8007983BB0BDECD8
:108B0000068BBDE8F08F00BF0000000000000000F1
:108B1000002B40F0E587002D00F0838000238DF8C6
:108B2000573001238DF880500493089320AE002322
:108B3000CDF80CB005930A93039B13F0020302D007
:108B4000049A02320492039A12F0840B05D1069A19
:108B50000499571A002F00F3A2831F9C9DF85720F9
:108B60008AB11E9A0DF1570101320134CAF8001082
:108B7000072A4FF001011F941E92CAF8041000F357
:108B8000DD830AF1080A83B11E9B16AA0133023461
:108B9000CAF80020072B4FF002021F941E93CAF858
:108BA000042000F3DA830AF1080ABBF1800F00F019
:108BB0009B82059B089AA3EB020BBBF1000F00F30D
:108BC000D682039BDF0500F11B82089BCAF80430A4
:108BD0001C441E9BCAF800600133072B1F941E9390
:108BE00000F350830AF1080A039B5A0705D5069B38
:108BF000049A9D1A002D00F3BD83DDE90623049934
:108C00008A42ACBF9B185B180793002C40F0EA82A5
:108C100000231E9399F800300DF1A80A002B7FF471
:108C20005CAE1F9B002B3FF463AF19EE100A1DAA28
:108C3000414603F01FFC5BE7002B40F0F687099BE1
:108C4000073323F00703B3EC027B8DED0C7BDDE9EA
:108C50000C67099327F0004308EE903A08EE106A7B
:108C6000B94B51EC180B4FF0FF3204F037FF0028DE
:108C700040F0B484B44B51EC180B4FF0FF3204F0C9
:108C80000FFF002840F0AA84002200233046394616
:108C900004F0FCFE002840F002879DF85740AB4EE0
:108CA0002BF080030393AA4B0022472DC8BF1E461A
:108CB0000323CDE9043208930A92002C3FF43CAF21
:108CC000049B0133049337E71BF0100352D11BF0D0
:108CD00040014FD0099A52F8040B0992194680B20C
:108CE000C8E61BF010033FD11BF040013CD0099AAD
:108CF00052F8040B0992194680B20123BAE62846BD
:108D0000FEF720F9B9E5002B40F09F871BF0200FFC
:108D1000099B68D0073323F007031A465B6852F8B3
:108D2000080B09921946002BC0F23D84059B0133C4
:108D300000F005852BF08003039350EA01039DF8B2
:108D4000574000F0C583DDF80CB00A2871F100032C
:108D500080F0FC84303001238DF8A700CDF80CB0F2
:108D600008930DF1A70642E1099B53F8040B099300
:108D700001237FE6099B53F8040B09930B4679E620
:108D8000099A52F8041B0691002980F21B84069967
:108D900009924942069199F800504BF0040BB9E54D
:108DA000494611F8015B2A2D00F0C587A5F1300274
:108DB000092A894698BF002100F2338719F8015B20
:108DC00001EB810102EB4101A5F13002092AF5D93D
:108DD0000591A1E5002B40F030874BF0100B1BF004
:108DE000200F099B96D153F8040B09931BF0100F29
:108DF00040F0D4831BF0400F00F0D08340F3C0312B
:108E00000B4600B28FE799F800504BF0800B81E5DC
:108E100099F8005001232B207CE599F800504BF085
:108E2000010B77E599F8005000287FF473AD01231A
:108E300020206FE5099B00228DF8572053F8042B62
:108E4000099301238DF880200493089320AE6EE6E9
:108E5000002B40F0E2863F4B0F931BF0200163D0C4
:108E6000099B073323F00703596853F8080B09934C
:108E70001BF0010F0BD050EA010308D030238DF80E
:108E800058308DF859504BF0020B0223F2E50223C3
:108E9000F0E599F800504BF0080B3BE599F80050CD
:108EA0004BF0400B36E599F800504BF0200B31E5C4
:108EB000099B53F8040B0993302378258DF858301B
:108EC000254B0F934BF0020B8DF8595000210223D4
:108ED000D0E5002B40F0AD861BF0200F40F025843C
:108EE0001BF0100F40F09D841BF0400F00F09984A0
:108EF000099B079953F8042B09931180E8E499F82A
:108F000000506C2D03BF99F801504BF0200B09F174
:108F100001094BF0100BFDE4002B40F092860E4B44
:108F20000F931BF020019BD11BF0100340F0318305
:108F30001BF0400100F02D83099A52F8040B0992AE
:108F4000194680B294E700BFFFFFEF7F2C2605088B
:108F500030260508502605083C260508099C059B77
:108F600054F8046B00278DF85770002E00F027840A
:108F70005A1C00F023851A4639463046FEF768FD34
:108F8000002800F03286831B089323EAE3730994D8
:108F900005979DF85740CDF80CB004930A978CE6DE
:108FA000DDF80CB0012B3FF4D0AE022B00F088802E
:108FB0002AAE00F00703C00840EA4170C908303308
:108FC00050EA0107324606F8013DF2D11BF0010FCD
:108FD00000F08480302B00F081803023023A06F8C4
:108FE000013C2AAB9B1ACDF80CB008931646059BA2
:108FF000089A9342B8BF1346049300230A935CE691
:10900000652D40F3F980DDE90C010022002304F016
:1090100033FD002800F0E9811E9BC54ACAF80020F4
:10902000013301340122072B1F941E93CAF8042038
:1090300000F36B840AF1080A179B0B9A934280F2A3
:10904000BC820E9B109A1C44CAE900231E9B1F94ED
:109050000133072B1E9300F3A5830AF1080A0B9B2B
:109060005D1E002D7FF7C0AD102D1E9BB14F40F34C
:10907000408419EE10BA102605E00AF1080A103DE6
:10908000102D40F3368401331034072BCAE90076E3
:10909000CDE91E34F1DD1DAA4146584603F0EAF938
:1090A00000287FF425ADDDE91E340DF1A80AE6E7BE
:1090B000012B00F04885022BDDF80CB07FF478AF6F
:1090C0000F9A2AAE00F00F030009D35C06F8013DA9
:1090D00040EA0170090950EA0103F3D12AAB9B1B56
:1090E000CDF80CB0089382E7069B049AA3EB020B21
:1090F000BBF1000F7FF75DADBBF1100F1E9A8D4FD6
:1091000027DD2146102319EE104A06E0ABF1100BC3
:10911000BBF1100F0AF1080A1ADD01321031072ADB
:10912000CAE90073CDE91E21F0DD1DAA41462046A3
:109130000DF1A80A03F09EF900287FF4D9ACABF139
:10914000100BBBF1100FDDE91E214FF01003E4DC22
:109150000C4601325C44072ACDE91E24CAF800708F
:10916000CAF804B000F3DF830AF1080A21E5BBF175
:10917000100F1E9A6F4F27DD2146102319EE104A5B
:1091800006E0ABF1100BBBF1100F0AF1080A1ADD73
:1091900001321031072ACAE90073CDE91E21F0DD42
:1091A0001DAA4146204603F065F900287FF4A0ACD3
:1091B000ABF1100BBBF1100FDDE91E210DF1A80A78
:1091C0004FF01003E4DC0C4601325C44072ACDE981
:1091D0001E24CAF80070CAF804B000F3CC810AF16A
:1091E000080AEEE419EE100A1DAA414603F042F9FE
:1091F00000283FF40DAD7BE40B9B012B40F3718104
:109200001E9DCAF80060013501340123072D1F940B
:109210001E95CAF8043000F30C830AF1080A0E9B6D
:10922000109A01351C44072DCAE90023CDE91E54CC
:1092300000F30D830AF1080ADDE90C010022002386
:1092400004F01AFC002840F06B810B9B0135013BB8
:1092500001361C44072DCAF800601E95CAF8043078
:109260001F9400F34F810AF1080A119BCAF80430D9
:1092700001351C44072D19ABCDE91E54CAF8003046
:109280007FF7B0AC19EE100A1DAA414603F0F2F8C0
:1092900000287FF42DAC1F9C0DF1A80AA4E4102F28
:1092A000DDE91E2134DD1293CDF84C901024B14637
:1092B0000B464646B8462F4619EE105A06E0A8F16E
:1092C0001008B8F1100F0AF1080A19DD01321A4925
:1092D0001033072ACAE90014CDE91E23EFDD1DAAC9
:1092E000314628460DF1A80A03F0C4F800287FF49F
:1092F000FEABA8F11008B8F1100FDDE91E23E5DC84
:109300003D4619464746129BB0464E46DDF84C9006
:10931000CAF8047001327C18072A0749CAF80010FD
:10932000CDE91E2400F3D5820AF1080A16E400BF35
:109330006C260508309404082094040819EE100ADD
:109340001DAA4146129303F095F800287FF4D0AB94
:109350001F9C129B0DF1A80A15E419EE100A1DAA14
:10936000414603F087F800287FF4C2AB1F9C0DF143
:10937000A80A1AE4102D1E9B20DD19EE107A102683
:1093800004E0103D102D0AF1080A17DD0133914A5F
:109390001034072BCAE90026CDE91E34F1DD1DAAE1
:1093A000414638460DF1A80A03F064F800287FF41E
:1093B0009FAB103D102DDDE91E34E7DC0133854AFB
:1093C000CAF804502C44072BCDE91E34CAF80020FB
:1093D0007FF713AC19EE100A1DAA414603F04AF8B4
:1093E00000287FF485AB1F9C07E41799002940F300
:1093F0003C82DDE90A379F42A8BF1F46002F0BDDE4
:109400001E9B01333C44072BCAE900671F941E933F
:1094100000F3CB830AF1080A0A9D002FA8BFED1BB9
:10942000002D00F3D581179D0B9B9D4280F2AE81EC
:109430000E9B109A1C44CAE900231E9B1F94013303
:10944000072B1E9300F3A3830AF1080A0B9B0A9AC9
:109450005D1B9F1AAF42A8BF2F46002F0EDD1E9B3B
:10946000CAF80470013316443C44072BCAF8006064
:109470001F941E9300F3A6830AF1080A002FA8BFC9
:10948000ED1B002D7FF7B0AB102D1E9B524F40F30C
:10949000308219EE10BA102605E00AF1080A103DD4
:1094A000102D40F3268201331034072BCAE90076D1
:1094B000CDE91E34F1DD1DAA4146584602F0DAFF1F
:1094C00000287FF415ABDDE91E340DF1A80AE6E7AC
:1094D000059B002B40F037830023059308932AAEA9
:1094E00085E5039BD9073FF58BAE1E9DCAF800604A
:1094F000013501340123072D1F941E95CAF804304D
:109500007FF7B1AE19EE100A1DAA414602F0B2FF74
:1095100000287FF4EDAADDE91E540DF1A80AA4E6A7
:109520000B9B5E1E002E7FF7A0AE102E2A4F40F33D
:109530005782CDF814904FF0100B19EE109A05E0F9
:109540000AF1080A103E102E40F34882013510340B
:10955000072DCAE9007BCDE91E54F1DD1DAA414665
:10956000484602F087FF00287FF4C2AADDE91E54B6
:109570000DF1A80AE6E719EE100A1DAA414602F00D
:1095800079FF00287FF4B4AA1F9C0DF1A80AFFF709
:1095900018BB099B53F8040B099369E4C1170B46E8
:1095A000002BBFF6C3AB40424FF02D0461EB4101ED
:1095B0008DF857400123FFF760BA039BDD077FF565
:1095C00013AB3EE599F800500992FFF7A3B92AAE14
:1095D0000DE500BF2094040830940408DDE90C0177
:1095E00002460B4604F07AFA002840F06583059B9A
:1095F000013325F0200700F0F582472F00F081822B
:10960000DDE90C014BF4807200290392C0F24C8218
:109610009DED0C7B00231293B0EE47AAF0EE67AAF3
:10962000662D00F0E981462D00F0E681B0EE4A0A91
:10963000F0EE6A0A452F0ABF059B059C5C1C1BAB1C
:10964000019318AB009319EE100A17AB22460221C2
:1096500000F0AEFD672D064640F03D821BF0010F85
:1096600040F03C821B9B472FA3EB06030B9340F07B
:109670006E83179B0A93D91C03DB059A934240F330
:109680007882023D0A9A8DF86450531E002B17937E
:10969000B6BFC2F101032B222D22092B8DF86520C4
:1096A00040F3F5820DF17304C04F2246104687FB4C
:1096B0000321DA17C2EBA10202EB8201A3EB410105
:1096C000303100F8011C19466329134600F1FF32BE
:1096D000ECDC3033D9B2831E9C4202F8011C40F20C
:1096E000278313460DF1660201E013F8011B02F80F
:1096F000011B9C42F9D10DF175030DF166021B1A95
:10970000134419AA9B1A11930B9A119B012A134413
:10971000089340F3C882089B0E9A1344089323EAE7
:10972000E373049300230A939EE1099B079853F87F
:10973000041B0993C217C1E90002FFF7C9B80A2840
:1097400071F100039DF85740FFF404ABCDF80C9085
:109750002AAEA1460A22002304460F4604F07AFBF3
:10976000303206F8012D0023204639460A2204F043
:1097700071FB0A2C77F10003ECD22AAB9B1B4C4601
:109780000893DDF80C90CDF80CB030E4039BD807BB
:109790003FF54EAEDDE90A239F1A5D1BAF42A8BF1D
:1097A0002F466BE619EE100A1DAA414602F062FE32
:1097B00000287FF49DA91F9C0DF1A80A4FE4062BF9
:1097C00028BF0623CDE90834794E0493FFF7AFB9DB
:1097D000102D1E9B774F40F355813A46059647461C
:1097E00019EE106A4FF0100B904605E00AF1080AD6
:1097F000103D102D40F3428101331034072BCAE98C
:10980000008BCDE91E34F1DD1DAA3946304602F049
:1098100031FE002840F04482DDE91E340DF1A80A33
:10982000E6E7099B079953F8042B11600993FFF7AA
:109830004FB819EE100A1DAA414602F01BFE00287F
:109840007FF456A9DDE91E540DF1A80AE7E419EEEC
:10985000100A1DAA414602F00DFE00287FF448A917
:10986000DDE91E540DF1A80AE6E41E9B524ACAF82F
:109870000020013301340122072B1F941E93CAF8E4
:10988000042000F31A810AF1080A002959D1039B28
:109890000B9A03F0010313433FF4A6A90E9B109902
:1098A0001A19CAE900131E9B1F920133072B1E933E
:1098B00000F32D810AF1080A0B99CAF80060013300
:1098C0008C18072BCDE91E34CAF804107FF78AA93B
:1098D000D8E419EE100A1DAA4146129302F0CAFDFF
:1098E00000287FF405A91F9C129B0DF1A80AFFF721
:1098F00035B901332C44072BCAF80070CAF804505C
:10990000CDE91E347FF76EA9BCE419EE100A1DAA3A
:10991000414602F0AFFD00287FF4EAA81F9C0DF13C
:10992000A80AFFF789BB19EE100A1DAA414602F0EA
:10993000A1FD00287FF4DCA81F9C0DF1A80AFFF709
:1099400038B90E9B10981A19CAE900031E9B1F9282
:109950000133072B1E9300F3DA800AF1080A00296D
:10996000AADA4D421031134F80F2788119EE10BA05
:10997000102405E00AF1080A103D102D40F36E8115
:1099800001331032072BCAE90074CDE91E32F1DD34
:109990001DAA4146584602F06DFD00287FF4A8A894
:1099A000DDE91E320DF1A80AE6E700BF67666666CC
:1099B00064260508309404086C260508304609948E
:1099C0000597CDF80CB0FEF79BFD20EAE0739DF8FB
:1099D0005740089004930A97FFF76FB9DDF8149089
:1099E000CAF8007001353444072DCDE91E54CAF879
:1099F00004607FF738AC85E5059CB0EE4A0AF0EECE
:109A00006A0A1BAB019318AB0093224617AB19EE01
:109A1000100A032100F0CCFB064604193378302BE2
:109A200062D0179B1C4451EC1A0B0022002304F057
:109A300023F8002800F08B8023469B1B472F0B93B5
:109A40003FF417AE662D40F08281179B059A0A936A
:109A5000002B0BF0010B40F35C815BEA020140F04C
:109A600045810A9B04930893129B002B7BD02D23E6
:109A70008DF8573000230593FFF722B94246059E23
:109A8000B846174601332C44072BCDE91E34CAF8DB
:109A90000070CAF8045049DC0AF1080AC3E42D2416
:109AA0008DF85740FFF7FBB801F100430AEE903AFA
:109AB0002D230AEE100A1293B2E519EE100A1DAA20
:109AC000414602F0D7FC00287FF412A817991F9C8A
:109AD0000DF1A80AD9E6472D3FF4C0AD3444A2E702
:109AE0008DF85700FFF717B851EC1A0B002200232E
:109AF00003F0C2FF002894D1059BC3F10103179323
:109B000090E7059B002B08BF0123059378E519EE2C
:109B1000100A1DAA414602F0ADFC00287EF4E8AF11
:109B2000DDE91E3217990DF1A80A18E719EE100A9F
:109B30001DAA414602F09EFC00287EF4D9AF1F9C6E
:109B40000DF1A80A6FE4DDF80CB0FFF703B91B9B19
:109B5000A342BFF472AF30215A1C1B9219701B9B99
:109B60009C42F9D869E7129B9DF857400593FFF78F
:109B7000A4B8DDE90A32934243DB1BF0010F40F049
:109B8000AC8023EAE3720492089367256CE719EE30
:109B9000100A1DAA414602F06DFC00287EF4A8AF11
:109BA000179D1F9C0DF1A80A50E419EE100A1DAA7A
:109BB000414602F05FFC00287EF49AAF1F9C0DF135
:109BC000A80A29E419EE100A1DAA414602F052FC27
:109BD00000287EF48DAF179D0B9B1F9C5D1B0DF124
:109BE000A80A4BE4062305930AE5059B0994CDF8E2
:109BF0000CB09DF857400493089305900A90FFF726
:109C00005CB80E9A0B9B13440A9A0893002A75DDE0
:109C100023EAE3730493672526E78DF85700FFF7DF
:109C20001AB900220592FEF777BE8DF85700FFF7AC
:109C300006B88DF85700FFF74FB98DF85700FFF7BA
:109C4000CCB88DF85700FFF76AB98DF85700FFF7C9
:109C50005DB84FF0FF330793FEF74FBF01332A443F
:109C6000072BCDE91E32CAF80070CAF804507FF7FE
:109C700021AE19EE100A1DAA414602F0FBFB002896
:109C80007EF436AFDDE91E320DF1A80A14E630335A
:109C90008DF8673030238DF866300423119333E557
:109CA000B846FEF725BF1BF001020A927FF433ADE0
:109CB00023EAE3730493D7E60D9B264E002BB8BF2F
:109CC0002D242BF080030393A8BF9DF85740224B0F
:109CD000B8BF8DF85740FEF7E7BF0A9B0E9A1344B2
:109CE000089323EAE37304936725BDE60E990B44BA
:109CF0001A4422EAE27308920493B5E60A9B089A92
:109D0000C3F101031A4422EAE2730892049367251F
:109D1000AAE65BEA020303D1012304930893A3E6B6
:109D20000E9B01331A4422EAE273089204939BE6E5
:109D300002231193E8E4099A99F80150894652F8F0
:109D4000041B099241EAE1710591FEF7E3BD179BFF
:109D50000A9397E4342605083826050810B4054C04
:109D60008446134620685DF8044B0A466146FEF7B8
:109D70006BBD00BF0800002070B50C468989ADF5A9
:109D80008D6D21F00201ADF80C10616E1991E18921
:109D9000ADF80E10E1690791616A09911AA9009165
:109DA00004914FF48061029105910021069169466A
:109DB0000646FEF749FD051E07DB69463046FCF7FF
:109DC00097FF002818BF4FF0FF35BDF80C305B0639
:109DD00003D5A38943F04003A38128460DF58D6D7B
:109DE00070BD00BFF8B50D461446064610B1836B32
:109DF000002B43D0B4F90C20A369A360170790B2DD
:109E00001BD52369CBB1EDB281042F4622D5226840
:109E10006169D31A994229DD0133A1680139A16032
:109E2000511C2160157062699A422AD0A389DB0710
:109E300001D50A2D25D03846F8BD2146304600F020
:109E4000A7F820BBB4F90C20236990B2EDB28104CD
:109E50002F46DCD442F40052A281626E616922F482
:109E6000005262662268D31A9942D5DC21463046F8
:109E7000FCF73EFF58B922680123CEE7FDF762F8F0
:109E8000B8E721463046FCF733FF0028D3D04FF027
:109E9000FF37D0E710B4044C03460A4620685DF84B
:109EA000044B1946FFF79EBF0800002070B5054619
:109EB00084B01C4639B10B4ED6F8E060B047431C65
:109EC00009D004B070BD0A460649D1F8E06001A986
:109ED000B047431CF5D100228A2322602B6004B0D6
:109EE00070BD00BF3804002070B5104B84B01D68F1
:109EF000144658B10E4B0A46D3F8E060014623469B
:109F00002846B047431C0BD004B070BD084A234616
:109F1000D2F8E06001A902462846B047431CF3D1BD
:109F200000228A2322602B6004B070BD080000204C
:109F30003804002010B4034CD4F8E040A4465DF887
:109F4000044B60473804002049B1FF2A02D80A7048
:109F5000012070478A2303604FF0FF3070470846A6
:109F6000704700BF38B50C46084D84461146204660
:109F70001A4600232B60644634F0C0F8431C00D01E
:109F800038BD2B68002BFBD0236038BD5427002040
:109F900038B5334B1B6805460C460BB19A6B12B3B0
:109FA000B4F90C3018079AB225D5216900292DD0B3
:109FB00012F0010007D00020A06060694042A0615B
:109FC00039B1002038BD950758BF6069A0600029ED
:109FD000F7D1120658BF0846F4D543F04003A381D9
:109FE0004FF0FF3038BD1846FCF7ACFFB4F90C3029
:109FF00018079AB2D9D4D1062AD5520714D42169A8
:10A0000043F00803A3819AB20029D1D102F4207051
:10A01000B0F5007FCCD021462846FDF7A9F9B4F968
:10A020000C3021699AB2C3E7216B51B104F14002AF
:10A03000914204D02846FCF7F5FFB4F90C30002219
:10A04000226321690022C4E9001223F02403D7E728
:10A05000092243F040032A604FF0FF30A38138BD4E
:10A060000800002038B5074D0022044608462A6043
:10A0700034F035F8431C00D038BD2B68002BFBD0E2
:10A08000236038BD542700202DE9F04F03690C6987
:10A09000A34283B0C0F28780013C01F11405A30004
:10A0A00000F11408009355F8243058F824200133A7
:10A0B00081469A4208EB840005EB84070190B2FBCD
:10A0C000F3F63BD30023AE4640469B465EF804AB16
:10A0D00002681FFA8AFC06FB0C334FEA134C4FEA66
:10A0E0001A4A06FB0ACA1FFA83FCABEB0C0C1FFAD8
:10A0F0008AF31CFA82FCC3EB124202EB2C421FFAD9
:10A100008CFC4CEA0243774540F8043B4FEA224B73
:10A110004FEA1A43DAD2009B58F8033073B9019B17
:10A12000043B984504D307E0984504F1FF3403D27B
:10A1300053F80429002AF7D0C9F81040484601F026
:10A14000EDFC00282BDB01364046002355F8041BAC
:10A15000D0F800C08AB29A1A0B0C12FA8CF2C3EB38
:10A160001C4303EB224392B242EA0342AF4240F85F
:10A17000042B4FEA2343E9D258F8242008EB840348
:10A180006AB9043B984504D307E0984504F1FF34CD
:10A1900003D253F80429002AF7D0C9F810403046FA
:10A1A00003B0BDE8F08F002003B0BDE8F08F00BF22
:10A1B0002DE9F04F2DED068B95B08DED020B019141
:10A1C000016C249D099259EC108B0446069341B111
:10A1D000426C4A60012393408B6001F0E3F9002355
:10A1E0002364B9F1000AB4BF012300232B607C4B28
:10A1F000BCBF2AF0004ACDF80CA033EA0A0300F0F5
:10A20000B2809DED027B002251EC170BB0EE479A15
:10A21000F0EE679A002303F02FFC074680B1069A00
:10A2200001231360259B002B00F0DB826D48186032
:10A23000431E0093009815B0BDEC068BBDE8F08F6F
:10A2400012AA13A92046B0EE490AF0EE690A01F0FD
:10A25000BDFDB0EE498AF0EE698A5FEA1A560546FE
:10A2600040F09980DDE912763E4406F23240202823
:10A2700040F3AB83C0F140000AFA00FA06F2124044
:10A2800028FA00F04AEA000003F014F90123013E25
:10A290000D93A1F1F871544B002202F0CDFF4AA3B7
:10A2A000D3E9002303F080F949A3D3E9002302F0A6
:10A2B000C5FF80463046894603F00CF946A3D3E932
:10A2C000002303F071F902460B464046494602F06E
:10A2D000B5FF8046894603F017FC00228346002321
:10A2E0004046494603F0D2FB002840F06D82BBF1A6
:10A2F000160F00F25C823D4B03EBCB03D3E9002346
:10A3000051EC190B03F0C2FB002875D00023BE1BD3
:10A310000C93731E0BF1FF3B049300F14F8200235B
:10A320000893BBF1000F6EDA089BCDF814B0A3EBD5
:10A330000B030893CBF100030B93019B092B4FF008
:10A34000000B69D8052B40F33E83043B01930026A4
:10A35000019B023B032B00F29986DFE813F04E04C9
:10A360004B0443042604069A42F20F73CAF3130AFD
:10A3700013605AEA08031DD1259B002B00F07D864F
:10A380001B4B00930833259A0098136015B0BDEC61
:10A39000068BBDE8F08F18EE903AC3F3130351EC2F
:10A3A000190B43F07F510D97A6F2FF36129F41F42F
:10A3B000401170E7259B002B40F0DB830D4B009391
:10A3C00038E700BFAFF3008061436F63A787D23FD8
:10A3D000B3C8608B288AC63FFB799F501344D33F94
:10A3E0000000F07F6D2605080000F83F5094040837
:10A3F0007426050870260508BE1B731E049300F121
:10A400009A840C900890049B5B44CDE9043B0023A4
:10A410000B93019B092B95D9002301264FF0FF32A6
:10A4200001930A9607920993079B0F930021616499
:10A43000204601F091F80090002800F02F86009B44
:10A440002364079B0E2B00F2F980002E00F0F680AB
:10A450000599002940F37184BD4B01F00F0203EB15
:10A46000C2034FEA2118C905D3E9006740F103840C
:10A47000B84B51EC190BD3E9082303F0BFF941ECB9
:10A48000180B08F00F084FF0030AB8F1000F13D0B3
:10A49000DFF8C09218F0010F09D030463946D9E9EB
:10A4A000002303F081F80AF1010A06460F465FEA2D
:10A4B000680809F10809EDD151EC180B32463B460A
:10A4C00003F09CF941EC1A0B0C9B5BB157EC1A6B37
:10A4D000A14B1AEE100A0022394603F0D7FA0028E1
:10A4E00040F05285504602F0F5FF53EC1A2B03F072
:10A4F0005BF89A4B002202F0A1FE079B8046A1F177
:10A500005079002B00F0F383059B1093079B0E936B
:10A510000A9B002B00F0C0840E9A8D4B9049DDF809
:10A5200000A003EBC20353E90223002003F066F905
:10A5300042464B4602F080FE59EC1A8B41EC180B58
:10A5400049461AEE100A03F0DFFA074602F0C2FF8E
:10A5500002460B461AEE100A494602F06DFE3037ED
:10A560000AF8017B53EC182B06460F4603F08EFACF
:10A57000002840F055854FF000080AEE105ACDF83B
:10A5800044B055465BEC18AB08EE104A44462AE04E
:10A590000E9B01349C424BDA724B504659460022C6
:10A5A00003F002F86F4B002282468B463046394654
:10A5B00002F0FAFF8946804603F0A6FA074602F049
:10A5C00089FF02460B464046494602F035FE3037C9
:10A5D00005F8017B52465B4606460F4603F056FAE5
:10A5E000002840F0188532463B465B49002002F0C7
:10A5F00023FE52465B4603F049FA0028C8D0109B60
:10A60000009A0593AA4618EE104A1AEE105A02E074
:10A61000924500F0EA84D1461AF8013D392BF7D073
:10A620000133DBB28AF80030059B01330593ABE1BF
:10A63000DDF844B01AEE105A18EE104A139B002BA6
:10A64000C0F29480059A0E2A00F39080404B03EBF1
:10A65000C203D3E90089099B002B1BDA079B002B5F
:10A6600018DC40F05D83404B00224046494602F032
:10A670009BFF02460B4651EC190B03F011FADDF873
:10A680001CA05646002800F0D082099BDDF800800F
:10A69000DF43D2E242464B4651EC190B03F0AEF8D1
:10A6A00003F032FA0646834602F014FF42464B4658
:10A6B00002F07AFF0B46024651EC190B02F0BCFD8A
:10A6C000DDF800A0334630330AF8013B079B012B2D
:10A6D00000F08E834FF0010B08EE105A08EE904AFE
:10A6E0001D465446DA461DE042464B463046394642
:10A6F00003F084F803F008FA834602F0EBFE4246CA
:10A700004B4602F051FF0AF1010A0B460246394658
:10A71000304602F091FD0BF13003AA4504F8013BED
:10A7200000F061830F4B002202F03EFF0022002365
:10A7300006460F4603F0A0F90028D5D0A24618EE31
:10A74000105A18EE904A059B01330593D1461BE140
:10A7500050940408409504080000F03F00001C409D
:10A760000000E03F00002440000014400A9A002A44
:10A770003FD0019A012A40F39C82079B03F1FF38E6
:10A780000B9B4345C0F26E82A3EB0808079B002B8E
:10A79000C0F26683049A1A440492089A17461A442F
:10A7A00008920121204601F005F8064625E0012324
:10A7B000BE1B0C93731E04937FF5B1ADC6F101036C
:10A7C000089300230493ACE5584602F083FE42460A
:10A7D0004B4603F051F900287FF489AD0BF1FF3BA4
:10A7E00085E5874B0093009815B0BDEC068BBDE85E
:10A7F000F08FDDF82C80089F0A9E002F0CDD049A54
:10A80000002A09DD0899BA421346A8BF3B46C91A77
:10A81000FF1AD31A089104930B9BDBB10A9B002B00
:10A8200000F08282B8F1000F0FDD3146424620462B
:10A8300001F09CF82A4601460646204600F0E8FF53
:10A8400029460546204600F0ADFE0B9BB3EB0802FF
:10A8500040F000830121204600F0ACFFBBF1000F67
:10A86000824600F3B780019B012B40F386814FF0B5
:10A8700000080120BBF1000F40F0B880049A10449A
:10A8800010F01F0000F09680C0F12003042B40F36D
:10A89000F883089BC0F11C0003440244089307445A
:10A8A0000492089B002B05DD29461A46204601F03C
:10A8B000BDF80546049B002B05DD51461A4620468F
:10A8C00001F0B4F882460C9B002B40F03781079BC7
:10A8D000002B40F31E810A9B002B40F0A180059BBA
:10A8E00001330593DDF80080DDF81C90012707E0B7
:10A8F000294600230A22204600F05EFE0137054665
:10A9000051462846FFF7C0FB4F4500F1300008F8DC
:10A91000010BEDDB079A002AC8BF9346009AD8BF07
:10A920004FF0010B0346934400272946012220469D
:10A93000019301F07BF85146054601F0EFF800283D
:10A9400040F3A5811BF8013C009A0BF1FF3B04E0AA
:10A950005A4500F0A7811BF8013D392B0BF1010985
:10A96000F6D001338BF800305146204600F01AFE35
:10A9700056B12FB1B74203D03946204600F012FE3F
:10A980003146204600F00EFE2946204600F00AFE21
:10A99000002389F80030DDE905231A60259B002B90
:10A9A0003FF448AC0098C3F8009015B0BDEC068B9E
:10A9B000BDE8F08F1C20089B03440893049B0344CC
:10A9C000074404936DE70126C2E4C0F1200008FAB1
:10A9D00000F059E401465A46204600F0C7FF019BAB
:10A9E000012B824640F3D5814FF00008DAF8103091
:10A9F0000AEB8303186900F08DFEC0F120003DE7EB
:10AA00006C260508314600230A22204600F0D4FDBA
:10AA10000F9B002B064640F32383CDF81490079339
:10AA2000002F00F31881B8F1000F40F0FC81B04610
:10AA3000029B009F079903F001027B1E1944019BB2
:10AA40000A9213430891099351462846FFF71CFBCD
:10AA500031468346284601F061F842465146814618
:10AA6000204601F07DF8C26801460BF13003002A50
:10AA700042D104902846079301F050F804990290BF
:10AA8000204600F08FFD029A079B1AB90999002908
:10AA900000F0D682B9F1000FC0F28781019949EA2E
:10AAA00001090A9951EA090100F07F81002A00F3A7
:10AAB000E781089A3B7007F101099742CB4600F005
:10AAC000E581294600230A22204600F075FD46450F
:10AAD000054631464FF000034FF00A02204612D0DF
:10AAE00000F06AFD4146064600230A22204600F097
:10AAF00063FD4F468046A7E72046029300F052FDD3
:10AB0000029B0122C6E700F057FD4F4606468046ED
:10AB10009AE7019B022B77DC0A9B002B80D1059BD7
:10AB20005146013328460593FFF7AEFADDF800B031
:10AB300000F130030BF8013B0027F6E651462846AA
:10AB400000F0ECFF0028BFF6C2AE294600230A221F
:10AB5000204600F031FD059B03F1FF390A9B0546B5
:10AB6000002B7FF44FAF0F9B002B40F370820793B5
:10AB7000B8E6BD4B0093033305E4DDE9021200297A
:10AB80007FF475AEC2F31303002B7FF470AEB74BA6
:10AB90001340002B00F03D82089B01330893049B77
:10ABA000013304934FF0010863E601230A93099BE4
:10ABB000059A13440F930133012B1F460793B8BF27
:10ABC00001270021172F61647FF732AC0122042393
:10ABD0005B0003F11400B842114602F10102F7D9FB
:10ABE000616425E401230A93099F002F4ADD0F9732
:10ABF0000797E6E700230A93D9E700230A93F3E7D0
:10AC00000F9BCDF814900793079B002B7FF43DAD6D
:10AC100051460522204600F0CFFC014682462846D8
:10AC200000F07CFF00287FF730AD0098059F3123AE
:10AC3000804600F8013B013700905146204600F065
:10AC4000B1FC7B1CDDF800900593CDF80080002E50
:10AC50007FF496AE98E631463A46204600F0E6FE8E
:10AC60000646E0E60B9BCDF82C80A8EB03039B4443
:10AC70004FF000088AE54FF0020AB0EE498AF0EE84
:10AC8000698A02E4012309930793FFF7CDBB03D13F
:10AC9000019BDB073FF556AED9461BF8013D302B33
:10ACA000FAD061E6059B009A0133059331231370B6
:10ACB0005AE60D9A002A00F0638103F23343049AA6
:10ACC000DDF82C801A440492089A17461A44089218
:10ACD00067E5504602F0FEFB53EC1A2B02F064FCD1
:10ACE000634B002202F0AAFA8046A1F15079614B31
:10ACF000002251EC1A0B02F09FFA42464B460646E0
:10AD00000F4602F0E1FE002840F07F8130463946D0
:10AD1000424609F1004302F0B9FE00283FF48EAC30
:10AD20004FF0000A5646B0E429460B9A204600F040
:10AD30001DFE05468EE50C9040E500F04E81059A1B
:10AD40004D4B564206F00F0203EBC203D3E900233A
:10AD500051EC190B02F028FC361141EC1A0B00F0F3
:10AD60008881464F00234FF0020AF20706D5D7E943
:10AD7000002302F019FC0AF1010A0123761007F101
:10AD80000807F2D1002B3FF49FAB41EC1A0BFFF701
:10AD90009BBB029B002B7FF427AEDDE90212C2F3BE
:10ADA0001303002B3FF4F3AE1EE6002A12DD294602
:10ADB00001222046019300F039FE5146054600F07D
:10ADC000ADFE0028019B40F33581392B00F0138143
:10ADD0000BF13103B94609F8013B059B01333746B6
:10ADE00005934646C0E5A24618EE105A18EE904A62
:10ADF00002460B4602F022FA42464B4606460F46F2
:10AE000002F062FE60B942464B463046394602F0D7
:10AE100033FE00283FF497AC5FEACB717FF593AC2B
:10AE2000009AFFF7F8BB7168204600F095FB0746D3
:10AE3000002800F03A81336902339A0006F10C01D0
:10AE40000C30FCF787FE39460122204600F0EEFD6B
:10AE50008046EDE52946204600F088FD0546F9E4E8
:10AE6000DDE907239F1A9CE4702605080000F07FA7
:10AE700000001C4000001440509404084095040851
:10AE8000392B00F0B880B9460133A4E7059A0132A6
:10AE900037460592464648E50E988D4901EBC001BC
:10AEA00042464B4651E9020102F07EFB5AEC1A9BE6
:10AEB00041EC180B51461AEE100A02F025FE074627
:10AEC00002F008FB02460B461AEE100A514602F049
:10AED000B3F906460E98DDF800803037012808F8EF
:10AEE000017B0F4600F0BA800E9B009ACDF838B077
:10AEF00013449B46C246774B00223046394602F047
:10AF000053FB8946804602F0FFFD074602F0E2FA55
:10AF1000303702460B464046494602F08DF90AF8A2
:10AF2000017BDA4506460F46E5D1DA46DDF838B052
:10AF3000694B59EC188B002218EE100A494602F0B2
:10AF40007DF932463B4602F0A1FD00286DD118EE96
:10AF5000102A4B466049002002F06EF932463B460B
:10AF600002F0B2FD00283FF469ABD1460AF1FF3A86
:10AF700019F8013C302BF8D0109B0133059303E501
:10AF8000129BC3F136039AE6079B002B3FF4A1AE58
:10AF90000F9B002B7FF752AB059A0E93013A4D4B56
:10AFA00010921AEE100A3946002202F0FDFA02460B
:10AFB00016460F460AF1010002F08CFA32463B4673
:10AFC00002F0F2FA454B002202F038F947EC1A6B16
:10AFD0008046A1F15079FFF79BBA4FF0020AB0EE1C
:10AFE00049AAF0EE69AAFFF76FBA059B01330593F2
:10AFF0003123FFF717BB059BBB460133059339236C
:10B0000037460BF8013B46469EE44FF0000A564691
:10B010000BE698462DE4AA4618EE104A1AEE105A8E
:10B02000109B01330593D146AEE4109B009A059323
:10B03000FFF7F1BA7FF4CEAEDA077FF5CBAEC4E608
:10B04000392BD8D0B9F1000F3FF7C2AEC2E6019B51
:10B05000022B3FF7D5ADCDF8149060E5C24667E707
:10B06000019B022B3FF7CCAD0F9BCDF814900793BB
:10B07000D6E44FF0020AFFF727BA194B0093FFF707
:10B08000D9B83FF40EACC0F13C0094E400266664ED
:10B090003146204600F060FA009068B9114B124822
:10B0A00000224FF4D57102F04BF80E4B0E483A4691
:10B0B00040F2EA2102F044F8009B236401224FF0A1
:10B0C000FF3309960F930A920793FFF7B7BA00BFB1
:10B0D00050940408000024400000E03F00001C40A1
:10B0E0007426050880260508942605082DE9F047F2
:10B0F00082B0824688461446FCF714F9012803D131
:10B1000008F1FF33FE2B36D9424604F15C0301A956
:10B110005046FEF7CBFE421C064632D030B39DF8B7
:10B1200004C00DF10509002509E023685A1C2260BE
:10B1300083F800C00135B54218D219F801CBA368D5
:10B14000013B002BA360F0DAA769BB4261462246AF
:10B15000504602DBBCF10A0FE7D1FEF743FE431C69
:10B16000E8D10646304602B0BDE8F0874646304694
:10B1700002B0BDE8F0875FFA88FC8DF804C006468F
:10B18000CFE7A389304643F04003A38102B0BDE876
:10B19000F08700BFB2F90C3013F4005F0BD110B48C
:10B1A000546E43F4005344F40054546693815DF8A4
:10B1B000044BFFF79BBFFFF799BF00BF30B5104BA3
:10B1C0001D680C4683B001460DB1AB6B8BB1B4F971
:10B1D0000C309A0406D4626E43F4005342F40052D9
:10B1E000A38162662246284603B0BDE83040FFF7DF
:10B1F0007DBF01902846FBF7A5FE0199E7E700BF58
:10B20000080000209368002B00F085802DE9F04FA6
:10B21000B1F90C300C461907804683B0174698B236
:10B2200025D523691BB310F002033D682DD04FF0E4
:10B23000000ADFF8BCB25646B9465E453346524670
:10B2400028BF5B464046002E52D0E169676AB84786
:10B25000002856DDD9F808301B1A8244361AC9F87E
:10B260000830002BE9D1002003B0BDE8F08F214663
:10B270004046FEF78DFE002840F03681B4F90C30D0
:10B280003D6898B210F00203D1D110F0010944D109
:10B290004E46009746B38205D4F808B040F183804B
:10B2A000B3455A4600F2B28010F4906F40F0BF8070
:10B2B000206801924946FCF7E7FCA368019AA3EBDA
:10B2C0000B012368A1601344B24623600026009B53
:10B2D0009868A0EB0A00D14498600028C3D0B4F964
:10B2E0000C0080B2002ED6D1D5E900960835D1E702
:10B2F000D5E900A60835A0E721464046FBF7F8FC53
:10B3000080B3B4F90C3043F040034FF0FF30A38119
:10B3100003B0BDE8F08F002070471E46AA4699464C
:10B3200018461D46009756B388B34A46D4E904131D
:10B330002068B24228BF3246884205D9A16803EB93
:10B34000010B5A4500F3A680934263DCE169676A0A
:10B350002A464046B847B0F1000BD2DDB9EB0B09E5
:10B36000CAD00120009A9368A3EB0B035D44A6EBBF
:10B370000B069360002B3FF476AF002ED4D10AF178
:10B38000080353E902569A460833002EF9D0324694
:10B390000A212846FCF75CFB002800F09C80013065
:10B3A000A0EB0509C1E720682369984216D86369B4
:10B3B000B34213D86FF00042B24228BF3246E1696F
:10B3C00092FBF3F2676A02FB03F340464A46B84732
:10B3D000B0F1000A95DDA6EB0A0678E7B345DA4638
:10B3E00028BFB24652464946FCF74EFCA368226885
:10B3F000A3EB0A035244A3602260002BEBD1214649
:10B400004046FBF775FC0028E5D07AE72068B34694
:10B4100032464EE729460192FCF736FC019AA368B2
:10B420009B1AA360236813442360934696E723681E
:10B430002169A3EB010B636903EB430A0AEBDA7A98
:10B440000BF101034FEA6A0A33445345524684BF65
:10B450009A46524643052CD511464046FCF728F83B
:10B4600000283BD05A4621690190FCF773FBA28962
:10B47000019B22F4906242F08002A28103EB0B0058
:10B480002361AAEB0B03C4F814A0A3602060B346A9
:10B4900032460EE729465A46FCF7F6FB23685B4422
:10B4A000236021464046FBF723FC00283FF456AFBB
:10B4B00027E7404600F0B6FD03460028DED12169AB
:10B4C0004046FBF7AFFDB4F90C300C2223F08003AB
:10B4D000C8F8002017E7721C914627E70C22B4F940
:10B4E0000C30C8F800200EE74FF0FF30BCE600BF7C
:10B4F00000FCFF7F38B5074D0022044608462A604D
:10B5000032F0F6FD431C00D038BD2B68002BFBD079
:10B51000236038BD54270020F03070470048704742
:10B5200028050020004870472805002038B50C4643
:10B53000084D8446114620461A4600232B60644677
:10B5400032F0D9FD431C00D038BD2B68002BFBD056
:10B55000236038BD54270020C36C70B505460C46E7
:10B560004BB153F8240080B1026843F82420002333
:10B57000C0E9033370BD2122042101F007FE034618
:10B58000E8640028EDD1002070BD012101FA04F625
:10B59000721D9200284601F0F9FD0028F3D0C0E9A1
:10B5A0000146E4E731B1C36C4A6853F822000860F1
:10B5B00043F82210704700BFF0B50C69064683B00F
:10B5C0000D4601F1140E0020DEF800101FFA81FC78
:10B5D00002FB0C334FEA134C090C02FB01CC013087
:10B5E0009BB203EB0C4384424EF8043B4FEA1C43EE
:10B5F000EADC3BB1AA68A24207DD05EB8402013414
:10B6000053612C61284603B0F0BD69680193013194
:10B610003046FFF7A1FF019B0746B8B12A690193A5
:10B62000023205F10C0192000C30FCF793FAF26C37
:10B630006968019B52F82100286042F821503D467C
:10B6400005EB8402013453612C61DBE7024B0348B4
:10B650003A46B52101F074FD80260508C826050884
:10B660002DE9F8430C4628491F46164603F1080207
:10B6700081FB0231092F4FEAE2730546C3EB6103F8
:10B6800039DD4FF0010C00214FEA4C0C634501F10C
:10B690000101F9DC2846FFF75FFF014668B3089B0C
:10B6A0004361092E4FF00103036112DC0A340926BD
:10B6B000B7420BDDBE1B264414F8013B0A22303B87
:10B6C0002846FFF779FFA6420146F5D10846BDE8B6
:10B6D000F88304F10909C846344418F8013B0A22EA
:10B6E000303B2846FFF768FFA0450146F5D1A6F19B
:10B6F00008044C44DCE70021CCE70A46034B04482D
:10B70000CE2101F01DFD00BF398EE33880260508EB
:10B71000C8260508030C1B04D3B90004102310F03D
:10B720007F4F04BF0002083310F0704F04BF0001C8
:10B73000043310F0404F04BF80000233002805DBC3
:10B7400010F0804F03F1010308BF20231846704713
:10B750000023E4E7036813F00702014607D0DA0785
:10B760001FD4980721D55B080B600120704798B261
:10B77000A0B11046DAB20AB908301B0A1A0704BF92
:10B780001B0904309A0704BF9B080230DA0703D470
:10B790005B0800F1010006D00B6070471B0C102005
:10B7A000E8E700207047202070479B080B600220CC
:10B7B000704700BF38B5C36C04460D464BB158689E
:10B7C000B0B102685A6000220123C0E90435C260AA
:10B7D00038BD2122042101F0D9FC0346E064002891
:10B7E000EDD1094B094800224FF4A07101F0A8FCEB
:10B7F0001C220121204601F0C9FC0028F1D00122C1
:10B800000223C0E90123DEE780260508C8260508D3
:10B810002DE9F04F0E691569AE4285B08846144691
:10B8200005DB2A46234635460C4616469846A3684D
:10B830006168AF19BB42B8BF0131FFF78DFE0190BF
:10B84000002800F08780019B03F1140909EB870AA7
:10B85000D14505D24B46002243F8042B9A45FBD82C
:10B8600008F1140808EB860B04F11403D8451A46B6
:10B8700003EB85055FD22B1B153B23F00303043339
:10B880001534A54238BF0423CDE902A7AC461F46B4
:10B89000924605E0000C29D1C34509F1040948D9B5
:10B8A00058F8040B85B2002DF4D056464C460023C0
:10B8B00056F8040B216882B21FFA81FE05FB02EEE6
:10B8C000000C0A0C734405FB002202EB13429BB2EE
:10B8D00043EA0243B44544F8043B4FEA1243E7D835
:10B8E00049F8073058F8040C000CD5D0D9F80030CE
:10B8F000544619464D4600222688090C00FB0611C5
:10B900000A449BB243EA024345F8043B54F8046BF3
:10B910002968360C8BB200FB063303EB1243A445B7
:10B920004FEA1342E8D8C34549F8073009F1040942
:10B93000B6D8DDE902A7002F02DC05E0013F03D005
:10B940005AF8043D002BF9D0019B18461F6105B041
:10B95000BDE8F08F034B0448019A40F25D1101F0FD
:10B96000EFFB00BF80260508C826050812F0030378
:10B970002DE9F0411446064632D10D46A41020D0E0
:10B98000D6F84880B8F1000F33D0E3074FF0000736
:10B9900007D4641015D0D8F80000A8B18046E3079A
:10B9A000F7D5424629463046FFF732FFB5B1696800
:10B9B000F36C641053F821202A6043F821500546A7
:10B9C000E9D12846BDE8F081424641463046FFF7BE
:10B9D0001FFFC8F8000007608046E0E70546D8E78B
:10B9E000013B0F4A52F823200023FFF7E5FD0546EF
:10B9F000C4E701213046FFF7AFFD804640B1012387
:10BA000040F27122C0E904320023B0640360BCE755
:10BA1000044B054842464FF4A07101F091FB00BF72
:10BA20004094040880260508C82605082DE9F0473B
:10BA30000C4690462669A368496806EB6216751C99
:10BA40009D4207464FEA621904DD5B009D4201F109
:10BA50000101FADC3846FFF77FFD8446002851D00B
:10BA6000B9F1000F00F114000EDD09F105024FEAF3
:10BA7000820E03460CEB8202002143F8041B934222
:10BA8000FBD1AEF114031844216904F1140318F03A
:10BA90001F0803EB81012DD0C8F1200986464FF025
:10BAA000000A1A6802FA08F242EA0A024EF8042B67
:10BAB00053F8042B994222FA09FAF2D80B1B153BD2
:10BAC00023F00303043304F11502914238BF042329
:10BAD000BAF1000F18BF2E4640F803A0FB6C626855
:10BAE000CCF8106053F822102160604643F82240E1
:10BAF000BDE8F087043853F8042B40F8042F99422E
:10BB0000F9D8EBE7034B0448624640F2D91101F043
:10BB100017FB00BF80260508C82605080B69844668
:10BB20000069C01A16D10CF1140C14310CEB83020D
:10BB300010B401EB830301E0944508D252F8044DA0
:10BB400053F8041D8C42F7D005D24FF0FF305DF85A
:10BB5000044B7047704701205DF8044B704700BFED
:10BB60002DE9F84F0F691369FF1A002F0E46904612
:10BB70007AD101F11405143202EB830205EB830341
:10BB800001E09D4273D253F8041D52F8044DA142C6
:10BB9000F7D064D37168FFF7DFFC8146002872D0CC
:10BBA0003569D8F81020C76008F1140E06F11400AA
:10BBB00009F1140A06F1100C0EEB820200EB850766
:10BBC000564600215EF8044B5CF804BFA3B211FA9C
:10BBD0008BF1CB1A210CC1EB1B4101EB23419BB232
:10BBE00043EA0143724546F8043B4FEA2141E9D854
:10BBF000A2EB0804153C08F11508424524F00306A1
:10BC000006F1040638BF0426304424F0030238BF8E
:10BC1000002287425244B24416D95646044654F88C
:10BC2000043B11FA83F10A1402EB134289B241EA90
:10BC30000243A74246F8043B4FEA2241EFD87A1E5E
:10BC4000101A20F00302524423B952F8043D013D7A
:10BC5000002BFAD0C9F810504846BDE8F88F33469B
:10BC600001274646984695E7F9DB002792E7002131
:10BC7000FFF772FC814668B101220023C9E9042361
:10BC80004846BDE8F88F074B07484A464FF4107105
:10BC900001F056FA034B04484A4640F2322101F0C3
:10BCA0004FFA00BF80260508C826050882B08DED32
:10BCB000000B154B019A1340A3F15073002B05DDC7
:10BCC0000020194641EC100B02B070475B42B3F103
:10BCD000A07F4FEA235208DA4FF40023002043FAF2
:10BCE00002F141EC100B02B07047143A1E2ADABF81
:10BCF0004FF0004323FA02F201220021104641ECEA
:10BD0000100B02B0704700BF0000F07FF8B5046967
:10BD100000F1140606EB8404271F54F8045C28463F
:10BD2000FFF7F8FCC0F120030A280B6031DDBE42AA
:10BD30001BD20B3854F8081C23D0C0F1200C8540CE
:10BD400021FA0CF72F43A4F1080547F07F53AE42C8
:10BD500043F4401336D2814054F80C0C20FA0CF016
:10BD60000843024643EC102BF8BD0B3808D005FA07
:10BD700000F040F07F53002043F440130246F1E707
:10BD8000014645F07F5343F440130A4643EC102B21
:10BD9000F8BDC0F10B0C25FA0CF1BE4241F07F5307
:10BDA00038BF54F8081C00F1150034BF21FA0CF11B
:10BDB000002105FA00F043F4401340EA010243EC8D
:10BDC000102BF8BD01FA00F00246CBE72DE9F04355
:10BDD000884683B0012157EC106B1546FFF7BCFB7A
:10BDE000044600284FD0C7F30A59C7F31303B9F12B
:10BDF000000F01D043F48013002E019324D0684635
:10BE00000096FFF7A7FC002839D0DDE90013C0F148
:10BE1000200203FA02F20A43C34062610193002B3D
:10BE200014BF02220122A3612261B9F1000F16D0D2
:10BE3000A9F233430344C0F13500C8F8003028604C
:10BE4000204603B0BDE8F08301A8FFF783FC019B07
:10BE50006361012220302261B9F1000FE8D104EBC7
:10BE60008203A0F23240C8F800001869FFF752FCC4
:10BE7000C0EB42102860204603B0BDE8F083009B71
:10BE80006361019BCBE7034B0348224640F20A3132
:10BE900001F056F980260508C82605082DE9F0436B
:10BEA00083B00E4669460746FFF730FF01A93046CA
:10BEB00055EC104BFFF72AFF3B693169591ADDE950
:10BEC0000023D31A03EB4113002B51EC100B0DDDB3
:10BED00005EB03594D4602460B462046294601F024
:10BEE0008DFC41EC100B03B0BDE8F083C3EB0333D2
:10BEF00001EB03573946EEE7172870B506460CDD0F
:10BF00000A490B4D0020002422462B4601F04CFB31
:10BF1000013EF9D141EC100B70BD064B03EBC0069E
:10BF2000D6E9040141EC100B70BD00BF0000F03FEA
:10BF300000002440409404080139491101F1010C2A
:10BF4000116902F1140303EB81018B4200EB8C0CAD
:10BF500016D210B5A0F1040E53F8044B4EF8044F5E
:10BF60009942F9D88B1A153B23F003030433184484
:10BF7000844504D9002340F8043B8445FBD810BD18
:10BF8000844505D9002340F8043B8445FBD870471D
:10BF9000704700BF03694A11934200F1140009DAA7
:10BFA00000EB830302E053F8042DCAB98342FAD8A8
:10BFB0000020704711DD11F01F010ED010B450F8B1
:10BFC000224000EB820324FA01F202FA01F18C42D2
:10BFD0000CD001205DF8044B704700EB8203E5E7CD
:10BFE0000120704753F8042D002AF2D18342F9D87A
:10BFF00000205DF8044B704738B50C46084D844668
:10C00000114620461A4600232B60644632F06AF837
:10C01000431C00D038BD2B68002BFBD0236038BDFB
:10C02000542700202DE9F84F1746002900F098808A
:10C0300007F10B0580460C46FBF7F4FE162D5DD884
:10C0400010252A46AF425ED854F8041C21F003069E
:10C050009642A4F1080962DABC4BD3F808C009EB98
:10C060000600844500F09780D0F804C02CF001034E
:10C0700003445B68DB0768D42CF0030C06EB0C036D
:10C08000934247DACB0710D454F8083CA9EB030AD3
:10C09000DAF8043023F003018C44B444944580F270
:10C0A00011817318934280F2E88039464046FBF7CD
:10C0B000FFF90746E0B154F8043C23F001034B4478
:10C0C000A0F10802934200F0D280321F242A00F22D
:10C0D000F580132A00F2AC800346224611681960ED
:10C0E0005168596092689A6021464046FAF79AFF73
:10C0F0004046FBF799FE3846BDE8F88F25F0070566
:10C10000002D2A469EDA0C23C8F800300027384656
:10C11000BDE8F88F1E46D0E90223D3609A60731BF6
:10C120000F2B22D8D9F8043003F0010333434E44D7
:10C13000C9F80430736843F0010373604046274632
:10C14000FBF772FE3846BDE8F88FC907ADD454F846
:10C15000083CA9EB030ADAF8041021F00301A0E778
:10C16000BDE8F84F1146FBF7A3B9D9F8041001F068
:10C1700001012943C9F8041009EB05014E4443F0BD
:10C1800001034B60736843F001030831736040465C
:10C19000FAF748FFD2E7DCF8040020F0030B06EBC7
:10C1A0000B0C05F1100084454DDAC9073FF57DAF52
:10C1B00054F8081CA9EB010ADAF8041021F0030175
:10C1C0008B44B34458453FF76CAF5746DAF80C1030
:10C1D00057F8080F321F242AC160886000F2DB8004
:10C1E000132A40F2D6802168CAF808106168CAF89C
:10C1F0000C101B2A00F2DF8008340AF110022168BB
:10C20000116061685160A16891600AEB0501ABEBB8
:10C21000050242F0010299604A60DAF8043003F046
:10C2200001031D434046CAF80450FBF7FDFD6EE7CD
:10C2300023680360636843601B2A68D804F108021E
:10C2400000F108034AE709EB05029A60ACEB05032D
:10C2500043F00103536054F8043C03F001031D4311
:10C26000404644F8045CFBF7DFFD27464FE750F8F3
:10C27000043C23F003031E4451E75746DAF80C1040
:10C2800057F8080F321F242AC16088604CD8132A3F
:10C2900048D92168CAF808106168CAF80C101B2A2E
:10C2A00056D808340AF110021E46236813606368EA
:10C2B0005360A3689360D1463C4630E72146FBF7C4
:10C2C000E3FC11E7D0E902135746CB60996057F8B9
:10C2D000081FDAF80C30CB60321F242A99602DD861
:10C2E000132A29D92368CAF808306368CAF80C30C1
:10C2F0001B2A42D808340AF1100322681A606268C7
:10C300005A60A2689A606646D1463C4607E7A36831
:10C310008360E368C360242A26D004F1100200F190
:10C320001003DBE63A46BFE7214638461E46D146B3
:10C33000FBF7AAFC3C46F2E63B46DEE721463846E0
:10C340006646D146FBF7A0FC3C46E8E6A405002083
:10C35000A168CAF81010E168CAF81410242A20D085
:10C3600010340AF118029FE7236903616169416192
:10C3700004F1180200F11803B0E6A368CAF81030FF
:10C38000E368CAF81430242A21D010340AF11803C3
:10C39000B3E73A4633E721463846FBF775FC164BC0
:10C3A00033E72269CAF818206269CAF81C201834D9
:10C3B0000AF1200278E7A168CAF81010E168CAF80B
:10C3C0001410242A0DD010340AF1180217E723693B
:10C3D000CAF818306369CAF81C3018340AF120030F
:10C3E0008BE72269CAF818206269CAF81C20183441
:10C3F0000AF1200203E700BFA40500202DE9F84F51
:10C400004B6E9C0490462DD59368126843B38B46BF
:10C41000064602F1080959E9025A5FEA9A0715D05F
:10C42000043D002401E0A7420ED055F8041F5A46EF
:10C430003046FEF7AFFE431C04F10104F3D10023A4
:10C44000C8E90133BDE8F88FD8F808302AF0030AAC
:10C45000A3EB0A03C8F8083009F10809002BDAD168
:10C460000020ECE7FEF7CEFE0023C8E90133BDE86B
:10C47000F88F00BF10B4946814B15DF8044BBDE7A9
:10C48000204654605DF8044B704700BF2DE9F04F23
:10C49000ABB01C46884617460693834618B1836B9B
:10C4A000002B00F02582B8F90C1088048AB20AD457
:10C4B000D8F8643041F4005223F40053A8F80C205B
:10C4C000C8F8643092B2130740F1A480D8F8103055
:10C4D000002B00F09F8002F01A020A2A00F0A880C8
:10C4E0001AAB0D930023CDE90E3309930DF16809C2
:10C4F00005933B78002B00F00D813C4604E014F8D6
:10C50000013F002B00F0E880252BF8D1E51B40F01F
:10C51000E5802378002B00F0FD804FF00002002121
:10C520008DF82F20637804914FF0FF32671C084686
:10C5300002928A460137A3F12002582A00F2F780BE
:10C54000DFE812F03302F500F5002F02F500F500E8
:10C55000F500F500F500F500E5012B02F500F0010E
:10C56000F401F500270259005900590059005900FB
:10C570005900590059005900F500F500F500F50083
:10C58000F500F500F500F500F500F5000E02F500E8
:10C59000F500F500F500F500F500F500F500F500F3
:10C5A000F5009400F500F500F500F500F5008400B5
:10C5B000F500F5004802F500F500F500F500F5007E
:10C5C000F500F500F500F500F5003A02A701F500C9
:10C5D000F500F5008902A701F500F5007F02F500DE
:10C5E00069029600C902C502F500A402F5008600A2
:10C5F000F500F5008D02A3F13002002417F8013B8D
:10C6000004EB840402EB4404A3F13002092AF5D9B7
:10C61000049490E741465846FDF7BAFC002840F0E4
:10C620003585B8F80C2002F01A020A2A7FF458AFB8
:10C63000B8F90E30002BFFF653AF23463A46414679
:10C6400058462BB0BDE8F04F00F044BD4AF0100A48
:10C650001AF0200100F00F81069B073323F0070337
:10C66000596853F8080B069301230EE04AF0100AAC
:10C670001AF0200100F0F280069B073323F0070335
:10C68000596853F8080B069300234FF000028DF809
:10C690002F2000220792029A541C00F02F822AF0C9
:10C6A0008004019450EA010440F02682002A40F000
:10C6B0009584002B40F00E841AF00103039340F0A0
:10C6C0003E841AACDDE902639E42B8BF1E46079B5A
:10C6D000002B3ED001363CE0E51B1BD00E9B0F9A91
:10C6E00001332A44072BC9E900750F920E9305DC2C
:10C6F00009F10809059B2B4405930AE7002A00F07D
:10C70000D1830DAA41465846FFF778FE30B90DF1A6
:10C710006809EFE70F9B002B40F08584B8F80C30D8
:10C720005B0600F1B38405982BB0BDE8F08F0029BB
:10C7300040F07584002BEDD08DF8403001264FF08D
:10C7400000038DF82F30039610AC0023CDF804A021
:10C750000293019B13F002030793019B18BF02365B
:10C7600013F08403089304D1049B9D1B002D00F358
:10C77000DB82DDE90E1001F1010C9DF82F3093B141
:10C7800001300DF12F030121BCF1070FCDE90EC0DF
:10C79000C9F80030C9F8041000F3A682614609F117
:10C7A00008090CF1010C079BEBB10CAB0230C9F886
:10C7B0000030BCF1070F4FF00203CDE90EC0C9F8FD
:10C7C000043040F3AB82002800F066830DAA414696
:10C7D0005846FFF713FE0028A0D1DDE90E100DF139
:10C7E000680901F1010C089B802B00F0C881DDE98C
:10C7F00002329D1A002D00F31C82039BC9F80040F1
:10C800001844BCF1070FCDE90EC0C9F8043040F35D
:10C81000B381002800F0D2820DAA41465846FFF7A6
:10C82000EDFD00287FF47AAF0F980DF16809019BA8
:10C830005A0704D5049B9C1B002C00F3C982DDE938
:10C840000423B242ACBF9B189B190593002840F00B
:10C85000368200230E930DF168094AE61AF01003A0
:10C8600049D11AF0400146D0069A52F8040B0692BC
:10C87000194680B209E71AF0100342D11AF04001BC
:10C880003FD0069A52F8040B0692194680B2012353
:10C89000FBE6002940F0E1831AF0200F069B68D0E8
:10C8A000073323F007031A465B6852F8080B069219
:10C8B0001946002BC0F20483029B013300F08A83E7
:10C8C0009DF82F30079350EA01032AF0800A00F008
:10C8D00054830A2871F1000380F012833030012361
:10C8E0008DF86700CDF804A003930DF16704E9E625
:10C8F000FAF728FBD7E5069B53F8040B06930B4683
:10C90000C3E6069B53F8040B06930123BDE6069B82
:10C9100053F8042B0492002A80F20D83049A0693A4
:10C92000524204923B784AF0040A03E63C4614F86B
:10C93000013B2A2B00F0AF83A3F13002092A2746DE
:10C9400098BF002400F28F8317F8013B04EB8404A6
:10C9500002EB4404A3F13002092AF5D90294EAE576
:10C96000002940F084834AF0100A1AF0200F069B39
:10C9700096D153F8040B06931AF0100F40F09B82E7
:10C980001AF0400F00F0978240F3C0310B4600B21E
:10C990008FE73B784AF0800ACCE53B7801212B20D9
:10C9A000C8E53B784AF0010AC4E53B7800287FF4EB
:10C9B000C1AD01212020BDE5069B4FF000028DF89E
:10C9C0002F20012653F8042B8DF840200693039660
:10C9D00010ACBAE6002940F04D83BD4A09921AF026
:10C9E000200144D0069A073222F00702516852F81B
:10C9F000080B06921AF0010F0BD050EA010208D082
:10CA00008DF8313030238DF830304AF0020A02239D
:10CA10003BE6022339E6002940F022831AF0200F7A
:10CA200040F09A821AF0100F40F0CC821AF0400FBA
:10CA300000F0C882069B059953F8042B06931180D9
:10CA400057E53B786C2B03BF7B784AF0200A01370F
:10CA50004AF0100A6EE53B784AF0400A6AE5002980
:10CA600040F0F8829B4A09921AF02001BAD11AF0DC
:10CA7000100240F01B821AF0400100F01782069C61
:10CA800054F8040B0694114680B2B3E7069D55F89E
:10CA9000044B4FF000038DF82F30002C00F0A482DF
:10CAA000029B5E1C00F072821A4600212046FAF7B3
:10CAB000CFFF002800F0BE82031B03939DF82F30A8
:10CAC000079300230695CDF804A00293FAE53B787E
:10CAD0004AF0200A2EE5069B53F8040B06933023F8
:10CAE0008DF8303078238DF831307A4B09934AF045
:10CAF000020A00210223C8E5DDF804A0012B3FF45F
:10CB0000E8AE022B1AAC12D1099A00F00F0300090B
:10CB1000D35C04F8013D40EA0170090950EA0103C1
:10CB2000F3D11AAB1B1BCDF804A00393CAE500F0A8
:10CB30000703C00840EA4170C908303350EA0105D4
:10CB4000224604F8013DF2D11AF0010FE9D0302B52
:10CB5000E7D03023023A04F8013C1AAB9B1ACDF817
:10CB600004A003931446ADE503981A9401231B9087
:10CB70000F900E930DF1680909F1080957E6049B1F
:10CB80009D1B002D7FF733AE102D40F37B82DFF825
:10CB900048A152461023A246144607E001F1020EB6
:10CBA00009F108091146103D102D1DDD4A1C1030F9
:10CBB000072AC9E90043CDE90E20EFDD0DAA0028C0
:10CBC00000F08C80414658460DF16809FFF716FCCD
:10CBD00000287FF4A3ADDDE90E10103D102D01F10A
:10CBE000010E4FF01003E1DC234654469A462844D8
:10CBF000BEF1070FCDE90EE0C9F800A0C9F8045056
:10CC000040F3A481002800F0F8810DAA414658465F
:10CC1000FFF7F4FB00287FF481ADDDE90232DDE9A6
:10CC20000E109D1A002D01F1010C0DF168097FF71E
:10CC3000E4AD102DDFF8A0A02BDD52461023A24654
:10CC4000144607E001F1020C09F108091146103DF4
:10CC5000102D1BDD4A1C1030072AC9E90043CDE91D
:10CC60000E20EFDD0DAA414618B358460DF16809B4
:10CC7000FFF7C4FB00287FF451ADDDE90E10103D35
:10CC8000102D01F1010C4FF01003E3DC2346544654
:10CC90009A462844BCF1070FCDE90EC0C9F800A0A0
:10CCA000C9F8045000F3E38009F108090CF1010C04
:10CCB000A3E54FF0010C01460DF16809C7E70DAA85
:10CCC00041465846FFF79AFB00283FF4C2AD25E5E0
:10CCD000502605083C260508789504084FF0010EFB
:10CCE00001460DF168095EE7002800F0D2800DAA28
:10CCF00041465846FFF782FB00287FF40FADDDE97F
:10CD00000E100DF1680901F1010C4CE502200CAB8D
:10CD10001B901A934FF0010C0DF16809614609F15F
:10CD2000080901F1010C5EE5102D40F38D81DFF85B
:10CD300080A3DDE90EC052461023A2466146144688
:10CD400007E001F1020C09F108091146103D102D10
:10CD50001BDD4A1C1030072AC9E90043CDE90E202B
:10CD6000EFDD0DAA20B3414658460DF16809FFF7E3
:10CD700045FB00287FF4D2ACDDE90E10103D102DEC
:10CD800001F1010C4FF01003E3DC234661465446E9
:10CD90009A4628440729CDE90E10C9F800A0C9F821
:10CDA000045000F39C8009F1080901F1010CE4E44E
:10CDB00001464FF0010C0DF16809C7E7019B0E9089
:10CDC00059074CD5049B9C1B002C48DD0DF16809CC
:10CDD000102C40F35281DFF8D8A20E9A534610254A
:10CDE000B2461E4606E0911C09F108091A46103C9D
:10CDF000102C19DD531C1030072BC9E90065CDE953
:10CE00000E30F0DD0DAA28B341465846FFF7F6FA7A
:10CE100000287FF483ACDDE90E20103C102C02F1D9
:10CE200001010DF16809E5DC334656469A46204477
:10CE30000729C9E900A4CDE90E107FF700AD70B154
:10CE40000DAA41465846FFF7D9FA00287FF466AC90
:10CE50000F98F4E4012102460DF16809C7E7DDE906
:10CE60000423B242ACBF9B189B190593F1E4002840
:10CE70003FF47AAE0DAA41465846FFF7BFFA0028A4
:10CE80007FF44CAC0E9B0F9803F1010C0DF1680977
:10CE9000B3E4079B002B69D14FF0010C01460DF163
:10CEA0006809A0E40E920DF1680923E4069A52F88D
:10CEB000040B06929EE5C1170B46002BBFF6FCAC97
:10CEC0002D2340428DF82F30079361EB4101012360
:10CED000FFF7E1BB029B03931AACFFF7F3BB0028FB
:10CEE00062D00DAA41465846FFF788FA00287FF421
:10CEF00015ACDDE90E100DF1680901F1010C3CE4FF
:10CF00001AAC0A22002306460D4600F0A3FF303279
:10CF100004F8012D0023304629460A2200F09AFF2A
:10CF20000A2E75F10003ECD21AAB1B1BCDF804A03E
:10CF30000393FFF7C7BB06933B78FFF7FBBA302399
:10CF40008DF867300DF16704FFF7BCBB09F10809E4
:10CF50000EF1010C71464AE4DDE9050353F8041BA8
:10CF60000693C217C1E90002FFF7C3BA02200CAB57
:10CF70001B901A930DF16809D1E6029B002B7FF4F8
:10CF8000ADACCDF804A00393FFF79BBB20460695FC
:10CF9000CDF804A0FBF7B4FA9DF82F3007930023D7
:10CFA00003900293FFF78EBB9DF82F3063B30123EC
:10CFB0009C461B930DF12F031A930DF168096046EF
:10CFC000FFF7ECBB069B059953F8042B1160069301
:10CFD000FFF78FBA9DF82F3007937AE4012BDDF825
:10CFE00004A07FF48EAD79E4029E304C0695062EA7
:10CFF00028BF06260396FFF7A8BB4FF0010C014699
:10D000000DF16809FFF7F3BB079B002B7FF47EAEA1
:10D0100001464FF0010C0DF16809FFF7E8BB8DF8F0
:10D020002F00FFF787BB0DAA41465846FFF7E6F9E8
:10D03000FFF774BB029B03939DF82F300695CDE953
:10D0400001A00793FFF73EBB0E990F98DFF860A091
:10D0500001319EE68DF82F0004E58DF82F001BE4CA
:10D060008DF82F00DAE400220292FFF764BA8DF8FF
:10D070002F0078E48DF82F00AFE40E99DFF830A090
:10D080000131D4E6DFF82CA0E646B0E54FF0FF33DF
:10D090000593FFF748BB069A7B78274652F8044B66
:10D0A000069244EAE4740294FFF744BA6426050841
:10D0B000689504087895040810B4054C8446134616
:10D0C00020685DF8044B0A466146FFF7DFB900BFF0
:10D0D0000800002070B50C468989ADF58D6D21F0F2
:10D0E0000201ADF80C10616E1991E189ADF80E10D6
:10D0F000E1690791616A09911AA9009104914FF4BD
:10D100008061029105910021069169460646FFF76C
:10D11000BDF9051E07DB69463046F9F7E9FD002831
:10D1200018BF4FF0FF35BDF80C305B0603D5A3895F
:10D1300043F04003A38128460DF58D6D70BD00BFFF
:10D1400000B50B4C25681446EE681A4685B00346B8
:10D150000D464CB107490095CDE90114304606490A
:10D1600000F052F82BF0FFFF04490C46F3E700BF34
:10D1700008000020FC2605080C27050808270508DC
:10D1800008B513460022FFF7DBFF00BF10B502FB16
:10D1900001F1FAF78DF9044668B150F8042C22F039
:10D1A0000302043A242A18D8132A06D80246002378
:10D1B000C2E900339360204610BD00231B2AC0E95A
:10D1C00000330FD9242AC0E9023311BF00F1100245
:10D1D000036100F118024361E9E70021FAF7D0FD8D
:10D1E000204610BD00F10802E1E700BF0CB400B515
:10D1F00083B004AB53F8042B0193FFF747F903B056
:10D200005DF804EB02B070470EB410B583B005AB07
:10D21000064C53F8042B019301462068FFF736F9BA
:10D2200003B0BDE8104003B0704700BF0800002005
:10D2300081F0004102E000BF83F0004330B54FEAC7
:10D2400041044FEA430594EA050F08BF90EA020F34
:10D250001FBF54EA000C55EA020C7FEA645C7FEAC7
:10D26000655C00F0E2804FEA5454D4EB5555B8BFEA
:10D270006D420CDD2C4480EA020281EA030382EA5B
:10D28000000083EA010180EA020281EA0303362DED
:10D2900088BF30BD11F0004F4FEA01314FF4801CC0
:10D2A0004CEA113102D0404261EB410113F0004FD2
:10D2B0004FEA03334CEA133302D0524263EB430389
:10D2C00094EA050F00F0A780A4F10104D5F1200E27
:10D2D0000DDB02FA0EFC22FA05F2801841F1000182
:10D2E00003FA0EF2801843FA05F359410EE0A5F156
:10D2F00020050EF1200E012A03FA0EFC28BF4CF087
:10D30000020C43FA05F3C01851EBE37101F000453C
:10D3100007D54FF0000EDCF1000C7EEB00006EEB49
:10D320000101B1F5801F1BD3B1F5001F0CD34908D3
:10D330005FEA30004FEA3C0C04F101044FEA44522A
:10D3400012F5800F80F09A80BCF1004F08BF5FEAB1
:10D35000500C50F1000041EB045141EA050130BD91
:10D360005FEA4C0C404141EB0101013C28BFB1F5A3
:10D37000801FE9D291F0000F04BF01460020B1FAEE
:10D3800081F308BF2033A3F10B03B3F120020CDAC1
:10D390000C3208DD02F1140CC2F10C0201FA0CF09F
:10D3A00021FA02F10CE002F11402D8BFC2F1200C04
:10D3B00001FA02F120FA0CFCDCBF41EA0C019040BA
:10D3C000E41AA2BF01EB0451294330BD6FEA040403
:10D3D0001F3C1CDA0C340EDC04F11404C4F12002EE
:10D3E00020FA04F001FA02F340EA030021FA04F300
:10D3F00045EA030130BDC4F10C04C4F1200220FA57
:10D4000002F001FA04F340EA0300294630BD21FA94
:10D4100004F0294630BD94F0000F83F4801306BF5A
:10D4200081F480110134013D4EE77FEA645C18BF4E
:10D430007FEA655C29D094EA050F08BF90EA020FE5
:10D4400005D054EA000C04BF1946104630BD91EADD
:10D45000030F1EBF0021002030BD5FEA545C05D1E0
:10D460004000494128BF41F0004130BD14F580041F
:10D470003CBF01F5801130BD01F0004545F0FE4193
:10D4800041F470014FF0000030BD7FEA645C1ABFC8
:10D49000194610467FEA655C1CBF0B46024650EAFF
:10D4A000013406BF52EA033591EA030F41F400212B
:10D4B00030BD00BF90F0000F04BF0021704730B5B1
:10D4C0004FF4806404F132044FF000054FF0000186
:10D4D00050E700BF90F0000F04BF0021704730B547
:10D4E0004FF4806404F1320410F0004548BF40421C
:10D4F0004FF000013EE700BF42004FEAE2014FEA71
:10D5000031014FEA02701FBF12F07F4393F07F4F4B
:10D5100081F06051704732F07F4208BF704793F04E
:10D520007F4F04BF41F40021704730B54FF4607461
:10D5300001F0004521F000411CE700BF50EA010264
:10D5400008BF704730B54FF000050AE050EA01020D
:10D5500008BF704730B511F0004502D5404261EB7D
:10D5600041014FF4806404F132045FEA915C3FF4BE
:10D57000D8AE4FF003025FEADC0C18BF03325FEA5B
:10D58000DC0C18BF033202EBDC02C2F1200300FA0C
:10D5900003FC20FA02F001FA03FE40EA0E0021FA31
:10D5A00002F11444BDE600BF70B54FF0FF0C4CF41F
:10D5B000E06C1CEA11541DBF1CEA135594EA0C0FD1
:10D5C00095EA0C0F00F0DEF82C4481EA030621EA0C
:10D5D0004C5123EA4C5350EA013518BF52EA033547
:10D5E00041F4801143F4801338D0A0FB02CE4FF0F9
:10D5F0000005E1FB02E506F00042E0FB03E54FF029
:10D600000006E1FB03569CF0000F18BF4EF0010E20
:10D61000A4F1FF04B6F5007F64F5407404D25FEA1C
:10D620004E0E6D4146EB060642EAC62141EA5551CF
:10D630004FEAC52040EA5E504FEACE2EB4F1FD0C11
:10D6400088BFBCF5E06F1ED8BEF1004F08BF5FEA8F
:10D65000500E50F1000041EB045170BD06F0004641
:10D6600046EA010140EA020081EA0301B4EB5C04EE
:10D67000C2BFD4EB0C0541EA045170BD41F48011E6
:10D680004FF0000E013C00F3AB8014F1360FDEBF0B
:10D69000002001F0004170BDC4F10004203C35DAE7
:10D6A0000C341BDC04F11404C4F1200500FA05F36A
:10D6B00020FA04F001FA05F240EA020001F000420B
:10D6C00021F0004110EBD37021FA04F642EB060181
:10D6D0005EEA430E08BF20EAD37070BDC4F10C04AB
:10D6E000C4F1200500FA04F320FA05F001FA04F26F
:10D6F00040EA020001F0004110EBD37041F100015B
:10D700005EEA430E08BF20EAD37070BDC4F1200565
:10D7100000FA05F24EEA020E20FA04F301FA05F2CD
:10D7200043EA020321FA04F001F0004121FA04F275
:10D7300020EA020000EBD3705EEA430E08BF20EA45
:10D74000D37070BD94F0000F0FD101F0004640007F
:10D7500041EB010111F4801F08BF013CF7D041EA01
:10D76000060195F0000F18BF704703F00046520005
:10D7700043EB030313F4801F08BF013DF7D043EAD6
:10D780000603704794EA0C0F0CEA135518BF95EA8C
:10D790000C0F0CD050EA410618BF52EA4306D1D113
:10D7A00081EA030101F000414FF0000070BD50EA32
:10D7B000410606BF1046194652EA430619D094EABC
:10D7C0000C0F02D150EA013613D195EA0C0F05D1A6
:10D7D00052EA03361CBF104619460AD181EA0301FA
:10D7E00001F0004141F0FE4141F470014FF00000B2
:10D7F00070BD41F0FE4141F4780170BD70B54FF04D
:10D80000FF0C4CF4E06C1CEA11541DBF1CEA1355CC
:10D8100094EA0C0F95EA0C0F00F0A7F8A4EB0504AE
:10D8200081EA030E52EA03354FEA013100F08880A5
:10D830004FEA03334FF0805545EA131343EA12636E
:10D840004FEA022245EA111545EA10654FEA002623
:10D850000EF000419D4208BF964244F1FD0404F5DC
:10D86000407402D25B084FEA3202B61A65EB030538
:10D870005B084FEA32024FF480104FF4002CB6EBF5
:10D88000020E75EB030E22BFB61A754640EA0C0075
:10D890005B084FEA3202B6EB020E75EB030E22BFB5
:10D8A000B61A754640EA5C005B084FEA3202B6EBF6
:10D8B000020E75EB030E22BFB61A754640EA9C00B5
:10D8C0005B084FEA3202B6EB020E75EB030E22BF85
:10D8D000B61A754640EADC0055EA060E18D04FEA43
:10D8E000051545EA16754FEA06164FEAC30343EAE3
:10D8F00052734FEAC2025FEA1C1CC0D111F4801FB0
:10D900000BD141EA00014FF000004FF0004CB6E7A8
:10D9100011F4801F04BF01430020B4F1FD0C88BF47
:10D92000BCF5E06F3FF6AFAEB5EB030C04BFB6EB52
:10D93000020C5FEA500C50F1000041EB045170BD45
:10D940000EF0004E4EEA113114EB5C04C2BFD4EB72
:10D950000C0541EA045170BD41F480114FF0000EF6
:10D96000013C90E645EA060E8DE60CEA135594EA72
:10D970000C0F08BF95EA0C0F3FF43BAF94EA0C0F75
:10D980000AD150EA01347FF434AF95EA0C0F7FF4EA
:10D9900025AF104619462CE795EA0C0F06D152EA3E
:10D9A00003353FF4FDAE1046194622E750EA410622
:10D9B00018BF52EA43067FF4C5AE50EA41047FF433
:10D9C0000DAF52EA43057FF4EBAE12E74FF0FF3C98
:10D9D00006E000BF4FF0010C02E000BF4FF0010C69
:10D9E0004DF804CD4FEA410C7FEA6C5C4FEA430CE2
:10D9F00018BF7FEA6C5C1BD001B050EA410C0CBF31
:10DA000052EA430C91EA030F02BF90EA020F002092
:10DA1000704710F1000F91EA030F58BF994208BFF9
:10DA200090422CBFD8176FEAE37040F001007047B6
:10DA30004FEA410C7FEA6C5C02D150EA013C07D10D
:10DA40004FEA430C7FEA6C5CD6D152EA033CD3D058
:10DA50005DF8040B704700BF8446104662468C4652
:10DA60001946634600E000BF01B5FFF7B7FF002885
:10DA700048BF10F1000F01BD4DF808EDFFF7F4FFAE
:10DA80000CBF012000205DF808FB00BF4DF808ED39
:10DA9000FFF7EAFF34BF012000205DF808FB00BF5C
:10DAA0004DF808EDFFF7E0FF94BF012000205DF87E
:10DAB00008FB00BF4DF808EDFFF7CEFF94BF012033
:10DAC00000205DF808FB00BF4DF808EDFFF7C4FF2C
:10DAD00034BF012000205DF808FB00BF4FEA410C75
:10DAE0007FEA6C5C02D150EA013C0AD14FEA430C58
:10DAF0007FEA6C5C02D152EA033C02D14FF0000095
:10DB000070474FF0010070474FEA410212F50012D2
:10DB100015D211D56FF47873B3EB625212D94FEA74
:10DB2000C12343F0004343EA505311F0004F23FA5E
:10DB300002F018BF404270474FF00000704750EAB3
:10DB4000013005D111F0004008BF6FF00040704770
:10DB50004FF00000704700BF4A0011D212F50012CA
:10DB600011D20DD56FF47873B3EB62520ED44FEA35
:10DB7000C12343F0004343EA505323FA02F07047B5
:10DB80004FF00000704750EA013002D14FF0FF30F3
:10DB900070474FF0000070474FEA4102B2F1E04396
:10DBA00024BFB3F5001CDCF1FE5C0DD901F0004C84
:10DBB0004FEAC0024CEA5070B2F1004F40EB8300D4
:10DBC00008BF20F00100704711F0804F21D113F100
:10DBD0003872BCBF01F00040704741F480114FEA39
:10DBE0005252C2F11802C2F1200C10FA0CF320FAC2
:10DBF00002F018BF40F001004FEAC1234FEAD323DF
:10DC000003FA0CFC40EA0C0023FA02F34FEA430348
:10DC1000CCE77FEA625307D150EA01331EBF4FF0D1
:10DC2000FE4040F44000704701F0004040F0FE40EC
:10DC300040F40000704700BF80F0004002E000BFE9
:10DC400081F0004142001FBF5FEA410392EA030FE7
:10DC50007FEA226C7FEA236C6AD04FEA1262D2EB31
:10DC60001363C1BFD218414048404140B8BF5B4236
:10DC7000192B88BF704710F0004F40F4000020F0CF
:10DC80007F4018BF404211F0004F41F4000121F0E5
:10DC90007F4118BF494292EA030F3FD0A2F101022F
:10DCA00041FA03FC10EB0C00C3F1200301FA03F16D
:10DCB00000F0004302D5494260EB4000B0F5000F90
:10DCC00013D3B0F1807F06D340084FEA310102F14F
:10DCD0000102FE2A51D2B1F1004F40EBC25008BF01
:10DCE00020F0010040EA03007047490040EB0000CB
:10DCF000013A28BFB0F5000FEDD2B0FA80FCACF1CC
:10DD0000080CB2EB0C0200FA0CF0AABF00EBC250F8
:10DD100052421843BCBFD0401843704792F0000FE6
:10DD200081F4000106BF80F400000132013BB5E739
:10DD30004FEA41037FEA226C18BF7FEA236C21D0AF
:10DD400092EA030F04D092F0000F08BF0846704714
:10DD500090EA010F1CBF0020704712F07F4F04D1E2
:10DD6000400028BF40F00040704712F100723CBFF5
:10DD700000F50000704700F0004343F0FE4040F41F
:10DD8000000070477FEA226216BF08467FEA2363DD
:10DD90000146420206BF5FEA412390EA010F40F4C8
:10DDA000800070474FF0000304E000BF10F0004314
:10DDB00048BF40425FEA000C08BF704743F09643FB
:10DDC00001464FF000001CE050EA010208BF704716
:10DDD0004FF000030AE000BF50EA010208BF70479D
:10DDE00011F0004302D5404261EB41015FEA010CB2
:10DDF00002BF84460146002043F0B64308BFA3F1AA
:10DE00008053A3F50003BCFA8CF2083AA3EBC2538B
:10DE100010DB01FA02FC634400FA02FCC2F12002AA
:10DE2000BCF1004F20FA02F243EB020008BF20F0E1
:10DE30000100704702F1200201FA02FCC2F1200247
:10DE400050EA4C0021FA02F243EB020008BF20EA3C
:10DE5000DC70704753B94AB9002908BF00281CBFBD
:10DE60004FF0FF314FF0FF3000F0F2B9ADF1080C88
:10DE70006DE904CE00F084F8DDF804E0DDE902236A
:10DE800004B07047430803F05533C01A830803F009
:10DE9000333300F03330184400EB101000F00F3033
:10DEA00000EB002000EB0040000E704707EE900AE8
:10DEB000F5EEC07AF1EE10FA01D400F023B8F1EEDD
:10DEC000677A08B517EE900A00F01CF8404261EB43
:10DED000410108BD38B50022002304460D46FFF776
:10DEE000D5FD28B920462946BDE8384000F02AB8BB
:10DEF000204605F1004100F025F8404261EB410168
:10DF000038BD00BFD0B5FFF7F7FA0C4B002206462C
:10DF10000F46FFF749FBFFF71FFE0446FFF7CAFA5B
:10DF2000074B0022FFF740FB02460B4630463946BE
:10DF3000FFF782F9FFF710FE2146D0BD0000F03D4B
:10DF40000000F041D0B50C4B002206460F46FFF70B
:10DF50002BFBFFF701FE0446FFF7ACFA074B00224C
:10DF6000FFF722FB02460B4630463946FFF764F9BD
:10DF7000FFF7F2FD2146D0BD0000F03D0000F0416A
:10DF80002DE9F047089D04468E46002B4DD18A426C
:10DF9000944669D9B2FA82F252B101FA02F3C2F19F
:10DFA000200120FA01F10CFA02FC41EA030E944030
:10DFB0004FEA1C48210CBEFBF8F61FFA8CF708FB51
:10DFC00016E341EA034306FB07F199420AD91CEB29
:10DFD000030306F1FF3080F01F81994240F21C815B
:10DFE000023E63445B1AA4B2B3FBF8F008FB1033A3
:10DFF00044EA034400FB07F7A7420AD91CEB0404D8
:10E0000000F1FF3380F00A81A74240F207816444A7
:10E01000023840EA0640E41B00261DB1D44000232C
:10E02000C5E900433146BDE8F0878B4209D9002D90
:10E0300000F0EF800026C5E9000130463146BDE81A
:10E04000F087B3FA83F6002E4AD18B4202D3824284
:10E0500000F2F980841A61EB030301209E46002D33
:10E06000E0D0C5E9004EDDE702B9FFDEB2FA82F288
:10E07000002A40F09280A1EB0C014FEA1C471FFAE6
:10E080008CFE0126200CB1FBF7F307FB131140EACD
:10E0900001410EFB03F0884208D91CEB010103F19A
:10E0A000FF3802D2884200F2CB804346091AA4B25C
:10E0B000B1FBF7F007FB101144EA01440EFB00FE30
:10E0C000A64508D91CEB040400F1FF3102D2A64595
:10E0D00000F2BB800846A4EB0E0440EA03409CE734
:10E0E000C6F12007B34022FA07FC4CEA030C20FAE1
:10E0F00007F401FA06F31C43F9404FEA1C4900FA01
:10E1000006F3B1FBF9F8200C1FFA8CFE09FB18117D
:10E1100040EA014108FB0EF0884202FA06F20BD9F0
:10E120001CEB010108F1FF3A80F08880884240F240
:10E130008580A8F102086144091AA4B2B1FBF9F084
:10E1400009FB101144EA014100FB0EFE8E4508D97F
:10E150001CEB010100F1FF346CD28E456AD9023804
:10E16000614440EA0840A0FB0294A1EB0E01A142E9
:10E17000C846A64656D353D05DB1B3EB080261EB57
:10E180000E0101FA07F722FA06F3F1401F43C5E931
:10E19000007100263146BDE8F087C2F12003D84067
:10E1A0000CFA02FC21FA03F3914001434FEA1C47A9
:10E1B0001FFA8CFEB3FBF7F007FB10360B0C43EA9B
:10E1C000064300FB0EF69E4204FA02F408D91CEB4B
:10E1D000030300F1FF382FD29E422DD90238634449
:10E1E0009B1B89B2B3FBF7F607FB163341EA0341E9
:10E1F00006FB0EF38B4208D91CEB010106F1FF3838
:10E2000016D28B4214D9023E6144C91A46EA00462E
:10E2100038E72E46284605E70646E3E61846F8E6C0
:10E220004B45A9D2B9EB020864EB0C0E0138A3E709
:10E230004646EAE7204694E74046D1E7D0467BE7EA
:10E24000023B614432E7304609E76444023842E762
:10E25000704700BF13B50C22C0B25043144B0121CC
:10E260001C18185812F082FA684612F0C3F8238975
:10E27000009340F203136068ADF804306946002350
:10E280008DF8073012F074F801230A48A17A1A4673
:10E2900011F0A7FE074811F0E3FE0648022111F035
:10E2A000E7FE0028F9D0034811F0DFFE02B010BDF0
:10E2B00090950408002101407FB5144A0123834052
:10E2C00008281360124B1AD00A2815D0062819D036
:10E2D00000221A601B6800930023CDE90233ADF8D9
:10E2E000043004930B48012369468DF8143011F073
:10E2F00025FE07B05DF804FB4FF08072E9E74FF0B0
:10E300000072E6E74FF04072E3E700BF58270020B5
:10E310005C2700200021014000B58BB011F000FE09
:10E3200004A811F031FE684611F04CFE01214FF4B3
:10E33000007012F03FFA00236846CDE90033CDE9C2
:10E34000023311F02BFE0C20FFF7B6FF034801212A
:10E3500011F03EFE0BB05DF804FB00BF0021014050
:10E3600038B5FFF777FFFFF7B5F80022094BFFF745
:10E370001BF9094B044618680D46FFF79BF8024647
:10E380000B4620462946FFF739FAFFF705FC00EE59
:10E39000100A38BD0000084058270020F7B50C23AC
:10E3A000C6B27343124C0D46E718E058012112F033
:10E3B000DDF900236A1EADF806303B890093534215
:10E3C0005341022D8DF804300ED101238DF8073012
:10E3D0000C2000FB0644012360688DF80530694677
:10E3E00011F0C6FF03B0F0BD032DF1D10223EDE71C
:10E3F00090950408C3B205480C2202FB03000A1ED4
:10E4000018BF01220189406812F004B890950408F1
:10E4100008B5C3B205480C2202FB0300018940681D
:10E4200011F0EEFF431E5842584108BD9095040874
:10E4300010B5044686B0104812F0FCF94FF4827211
:10E440000023ADF808200C48ADF806304FF40072F8
:10E450000DF10601ADF80A30ADF80C30ADF80E3014
:10E46000ADF81020ADF81430ADF81630ADF812400C
:10E4700012F03CFA06B010BD0030014070B5032226
:10E4800092B0002101202BF039FE414B032218608D
:10E49000002101202BF032FE3E4B186001202BF0B2
:10E4A0003EFF3D4B012118604FF4805012F082F97D
:10E4B0000121084612F05AF901214FF4800012F0B0
:10E4C00055F905221146354811F0A9FF33480522B8
:10E4D000062111F0A4FF31480522072111F09FFF0A
:10E4E0002F4B2E48202201A9CDE9012311F040FF36
:10E4F000802301A929480193402611F039FF01A981
:10E500002648019611F034FF4FF4806300240993EC
:10E51000244B04934FF0C0654FF40033214622484A
:10E520000D93CDE90E4410940B940C9411940A941D
:10E530000894079405940395069611F05DFE03A9CF
:10E54000194811F02FFE214618480694039511F042
:10E5500053FE03A9154811F025FE07238DF801305D
:10E560008DF802404423012468468DF800308DF870
:10E57000034012F083F8382368468DF8003012F01B
:10E580007DF82820FFF754FF094B1C7012B070BDB6
:10E59000B8270020A8270020B02700200000024054
:10E5A000020200020C300140886402401064024004
:10E5B0006127002001F17043B3F5803F70B5044638
:10E5C0000E46154604D22B492B48E22227F05CFE6A
:10E5D00005F17043B3F5803F04D226492648E32273
:10E5E00027F052FE254B2648C3F894600122C3F859
:10E5F0008C401021DD615C6111F040FE0122214858
:10E60000102111F03BFE20491D4811F021FE1F4949
:10E610001C4811F01DFE1A48012111F0EDFD1948AA
:10E62000012111F0E9FD1A480122022112F089F9B5
:10E6300001221146164812F084F91548012112F002
:10E6400074F9144B4FF0FF3118682BF0E7FF0128E5
:10E650000ED1114B4FF0FF3118682BF0DFFF431E36
:10E660005C425C410A48002112F05FF9204670BD0F
:10E670000024F7E72C960408ABD804080064024095
:10E680008864024010640240400F00203D0080106A
:10E6900000300140B8270020A827002010B5064B05
:10E6A00004464FF0FF3118682BF0B8FF2046BDE854
:10E6B0001040FFF7BDBE00BFB02700200348002375
:10E6C00000681A4619462BF051BD00BFB027002044
:10E6D00013B50024224614480194102111F0CEFDF8
:10E6E0001249114811F0E9FD10490F4811F0B0FD31
:10E6F00022460F48022112F024F90B48214611F05E
:10E700007BFD0C4B01A918682BF08AFE019B4BB1D5
:10E710004FF0E0234FF08052C3F8042DBFF34F8F2A
:10E72000BFF36F8F02B010BD886402400008002064
:10E7300000300140B827002013B5002422461448B9
:10E740000194102111F09AFD1249114811F0B5FD04
:10E7500010490F4811F07CFD22460F48012112F0AC
:10E76000F0F80B48214611F047FD0C4B01A9186841
:10E770002BF056FE019B4BB14FF0E0234FF080523F
:10E78000C3F8042DBFF34F8FBFF36F8F02B010BDDE
:10E79000106402402000001000300140A827002033
:10E7A00030B5034644680020844202DC4FF0FF305D
:10E7B00030BD1A68155C8D42FAD00244527802329C
:10E7C0001044F1E710B5064A064C0023237013707D
:10E7D0000CF0E8FA2046BDE810400CF029BB00BF61
:10E7E000E4270020EC28002038B50378EB2B044602
:10E7F00005D01549154828F0D3F9002038BD072168
:10E8000027F0F3FFE379C0B2834201D01049F1E76A
:10E81000257A0DB10F49EDE7617A04F10800023164
:10E8200027F0E3FF617A6318C2B29B7A9A4204D060
:10E830000949064828F0B4F9DFE704F10A03C4E9FE
:10E840001C310120DAE700BF75960408ED53020879
:10E85000A5960408DA96040810970408F8B504464B
:10E8600017461D46FFF79CFF061E10DB21688B191B
:10E870006C1E5A789442A8BF144602362246314490
:10E880003846F9F767F900233B552046F8BD0023C9
:10E890003B704FF0FF34F8E72DE9F041224B234E57
:10E8A0001B78307883423DD9214D70222B460021C0
:10E8B0000CF004FB20B9337801333370BDE8F081EC
:10E8C00000232846EB67FFF78FFF347838B3194AE7
:10E8D000C4EB041702EB47073A461E23012105F15A
:10E8E0007000FFF7BBFF0028D8BF00270FFA84F89D
:10E8F000C5F88470104F08EB880807EB48073A46C4
:10E900000A23022105F17000FFF7A8FF0028D8BFF5
:10E9100000270134C5F8887034702846CEE70134EA
:10E920003470CBE70020C9E7EC280020E427002062
:10E93000E827002074280020BC2700201FB50DF117
:10E940000E030093064802230022412106F06CFBCF
:10E9500010B10A202CF030FD012005B05DF804FB59
:10E96000440F0020F0B5424D2B68032B8DB003D926
:10E97000002318460DB0F0BD0DF10D0300933D4886
:10E9800002230022422106F04FFB0028F0D03A4B30
:10E9900038481B88ADF80F300DF10F0300260093A7
:10E9A0004FF4C8520C234321CDF81160CDF8156007
:10E9B000ADF8196006F038FB0028D9D02C682D4836
:10E9C00004F144038DF80C3003AB00934FF4C052B4
:10E9D0000123432106F0B9FB2B689DF80C10254854
:10E9E00001332B600DF11B0300933246152306F013
:10E9F0001BFB0028BCD0BDF81B204DF6BC439A423F
:10EA0000B6D11E4D8C2202FB045331461846F9F74D
:10EA1000B7F91B499DF81F20427101EB04169DF8C0
:10EA200020208271034627010DF1220230460DF1AC
:10EA30002E0C52F804EB40F804EB6245F9D1B2F821
:10EA400000C0A0F800C09278827039440022CA73D6
:10EA50008C2202FB04520B49D1670B499DF80C0034
:10EA600008552144C2F88460C2F8801081E700BFD5
:10EA7000F4280020440F0020908D0408F82800207E
:10EA8000282B00200CB30408ED280020064A137838
:10EA90004BB9064B06491960064B5B1A06499B1099
:10EAA0000B60012313707047702B0020682B00202F
:10EAB0002C7E0508747E05086C2B002008B5FFF736
:10EAC000E5FF014B186808BD6C2B002070B50D46A2
:10EAD000FFF7DCFF094B1A68094B0446196800234D
:10EAE0009A4201DC002070BD51F823000678A6424E
:10EAF00002D14678AE42F6D00133F1E76C2B00200C
:10EB0000682B00202DE9F041FFF7C0FF0B4B1F6879
:10EB10000B4BD3F8008006460024A74203DC0025F7
:10EB20002846BDE8F08158F8245030466968F9F766
:10EB30001BFB0028F4D00134EFE700BF6C2B002052
:10EB4000682B00202DE9F843114A124B124D134E49
:10EB5000134F32609B1A9B102B60124BDFF84880DA
:10EB6000DFF8489001221A7000242B689C4201DBD8
:10EB7000BDE8F883336853F824301A684146002A08
:10EB800008BF3A46484628F00BF80134EDE700BFCD
:10EB9000747E05087C7E0508782B0020742B0020ED
:10EBA00018B30408712B002020B30408ED530208A9
:10EBB00008B5044B1B780BB9FFF7C4FF024B18686C
:10EBC00008BD00BF712B0020782B002010B5084B2A
:10EBD0001B7804460BB9FFF7B5FF064B1B68A34231
:10EBE000C5BF054B1B68002053F8240010BD00BFB3
:10EBF000712B0020782B0020742B0020014B18680B
:10EC0000704700BF7C2B0020044B1B688342C3BFAE
:10EC1000034B8C2202FB0030002070477C2B00202D
:10EC20000000001008B543792BB181791846FFF731
:10EC30004DFF18B103E0D0F8840008B9034808BDBF
:10EC40000378002BFAD0FFF75DFFF2E7A0B40408C9
:10EC5000826F044B9A4203D10349044827F0A0BFB6
:10EC6000704700BFA0B4040843B30408ED53020882
:10EC70002DE9F84F4D4B1C784CBBFFF799FFDFF89F
:10EC800034918046274626464FF08C0BB84520DC51
:10EC9000474DDFF838A12E60464E0027B046BB46F0
:10ECA000B9460121286887423BDB01B92960DFF8BA
:10ECB0002081DFF820B1DFF8149100272B689F42F4
:10ECC00054DB0CB100232B60384A01231370BDE8DC
:10ECD000F88F3846FFF77AFF054658B143684BB1C5
:10ECE000984738B106FB0B9AAA689047014618B9B5
:10ECF000032ECDD80137C9E7032EC9D88C22504640
:10ED0000F8F728FFCAF87C505046FFF78BFF013612
:10ED1000CAF878005046FFF79BFFF6B20AF18C0A5A
:10ED2000E2E7D8F87800806819EA000007D0224BA3
:10ED3000184204D02149504627F032FF0021D8F86C
:10ED40007800C0681BEA000F04D01D49504627F028
:10ED500027FF0021D8F87830986849EA0009D86878
:10ED600001374BEA000B08F18C089BE7DCB9B36F65
:10ED70001B7C23B198F800207AB988F80030B16F75
:10ED8000104A4B7C1078034313700F4A8B7C117828
:10ED90000B43137001378C3690E79342EFD05946FE
:10EDA000484627F0FDFE0124E9E700BF802B002044
:10EDB0007C2B002000000010F3E3FFFF72B3040877
:10EDC000EBB30408832B0020822B0020ED530208B4
:10EDD000812B002062B40408014B1878704700BFF3
:10EDE000812B0020014B1878704700BF832B002037
:10EDF000014B1878704700BF822B00204FF0A040D5
:10EE0000704700004FF4883070470000014B1868CD
:10EE1000704700BF6C39002041F6FF7070474FF417
:10EE20008050704741F2F40070472DE9F3411E46CF
:10EE30008368044690460F46984710F0010F0CBFB8
:10EE400001250325820748BF45F020054307636875
:10EE500048BF45F040050BB145F0040523680BB1F0
:10EE600045F00805237B0BB145F010053570236A8A
:10EE7000626A003B18BF01230AB143F002037370BA
:10EE80006369C6F80230A369C6F80630C6F80A807E
:10EE90001122394606F10E00F9F7E0FBE369A3B150
:10EEA0003846F9F72DFB33183A229A73E16901913C
:10EEB00005460846F9F724FB0F35019902467019FB
:10EEC00002B0BDE8F041F8F745BE02B0BDE8F08100
:10EED0002DE9F04F2DED028B83B000AF05460C46B7
:10EEE0009046FFF78BFEB5F1805F78605FD22246D7
:10EEF00000214046F8F744FF002D55D134B90120D8
:10EF00000C37BD46BDEC028BBDE8F08F0323013CFE
:10EF100088F80030E4B24FF00109002CEFD06B46C6
:10EF200008EE103A7A6805EB09033B60013BB2EB4F
:10EF3000931F4FEA9316E2DD90B03046FFF764FE70
:10EF40008246002140226846F8F71AFFDAF8781066
:10EF50004869EB4630B1720749686B4602F180524E
:10EF6000FFF763FFDAF87810886930B1721C4968DE
:10EF70000BF120035207FFF758FF3B68B101013145
:10EF8000591AC1F1400AA245A8BFA24608EB0900E0
:10EF900052465944F8F7DEFD18EE103AA4EB0A0485
:10EFA000E4B2D1449D46B8E74FF00009B5E77A686E
:10EFB0002B0F013B5000B0EB530F4FEA530901DC1C
:10EFC00000209DE7484603F00106FFF71DFE826F13
:10EFD000536906B19369002BF2D05B68002BEFD028
:10EFE00005F17040A0EB497042462146A0EB067047
:10EFF000984785E7F0B5B0F5805F85B004460E46CA
:10F00000154619D24FF480712A4802F00DFC2949A7
:10F01000013C0023B34202DB012005B0F0BD671CB8
:10F0200006D0A04206DD625CEA543C460133F1E7BB
:10F030000246F9E70022F7E7A0F58053B3F5805FB9
:10F0400018D24FF480711B4802F010FCA4F58054D4
:10F050001849013C0023B342DEDA621C06D0A0420C
:10F0600006DD625CEA5401340133F4E70246F9E755
:10F070000022F7E710F0FF01A0F5005716D10D2E82
:10F0800016D110226846F8F77BFE6946C7F30720C1
:10F0900002F0A8FB019B2B60029B6B60039BAB60A3
:10F0A000009B003B18BF01232B73B5E70020B4E79A
:10F0B0000846B2E7D82F002010B4084C0B4624684D
:10F0C00011461A18A24204D85DF8044B1A4604F0FF
:10F0D00041BD00205DF8044B704700BF6C39002033
:10F0E00003461046CA18B2F5005F03D20A4699B229
:10F0F00005F03ABA0020704710B45418702C04D8A8
:10F100005DF8044B89B20BF0D9BE00205DF8044BCA
:10F110007047000017F016BC0346B3F5805F10B5CA
:10F12000104612D2B3F5806F20D251FA83F4342CFA
:10F13000DAB21BD81B0A342404FB03230A460C4909
:10F140001944F8F707FD012010BDA3F58053B3F56E
:10F15000806F0BD251FA83F43D2CDAB206D81B0A29
:10F160003D2404FB03230A460249E9E70020EBE7BC
:10F170006CD4002078D30020032970B504461546CE
:10F1800003D8036903B15A5470BD0429FCD1EA07BE
:10F1900002D5036A03B19847AB07F5D5636A002B24
:10F1A000F2D0BDE8704018472DE9F04704460E46FE
:10F1B0001746FFF723FDB4F1805F054622D24FF0DA
:10F1C00000081AE0B4F5805F14D3A4F58059B5EBBC
:10F1D000991F4FEA99100DDDFFF716FD836F17F8A1
:10F1E000082019F0200F0CBF5869986909F01F0119
:10F1F000FFF7C2FF08F101080134B045E2D3012056
:10F20000BDE8F087230F013B4500B5EB530F4FEAF4
:10F21000530801DC0020F3E7404603F00105FFF747
:10F22000F3FC826F536905B19369002BF2D0D3F8D8
:10F2300000E0BEF1000FEDD004F17040A0EB48708B
:10F240003A463146A0EB0570F446BDE8F04760470A
:10F2500003461046CA18B2F5005F03D20A4699B2B7
:10F2600005F09AB90020704710B45418702C04D8D7
:10F270005DF8044B89B20BF083BE00205DF8044BAF
:10F280007047000017F04CBBB0F5805FF8B50D4635
:10F2900011461BD2B0F5806F35D255FA80F3342B6E
:10F2A000C2B230D8040A342318486343C61803F5A1
:10F2B0006D731344002786F8E4732A461844F8F760
:10F2C00049FC204622F046F80120F8BDA0F5805008
:10F2D000B0F5806F17D255FA80F33D2BC2B212D829
:10F2E000040A3D2309486343C61803F530731344E9
:10F2F000002786F8FC722A461844F8F72BFCE0B287
:10F3000022F0A8F8E0E70020DFE700BFB8D0002037
:10F31000014819F05FBD00BFC4B404082DE9F843EB
:10F32000FFF7CCFBFFF7A4FCFFF7F2FFFFF766FC4B
:10F330001449DFF85880144FDFF85490024606460F
:10F34000114827F02DFC0024B44201DBBDE8F8830E
:10F350002046FFF759FC836FDA69054652B15A68B7
:10F3600052B123464946384627F01AFCAB6F28466F
:10F37000DB6998470134E7E722464146384627F0E3
:10F380000FFCF3E7FCB40408ED5302084BB5040886
:10F3900019B504082DE9F047FFF730FCDFF8449079
:10F3A000DFF84480DFF844A0064600240127B44279
:10F3B00002DB3846BDE8F0872046FFF725FC836F67
:10F3C0001B6A3BB198472246054628B15146404644
:10F3D00027F0E6FB0134EAE74946404627F0E0FB28
:10F3E0002F46F7E78FB50408ED53020870B50408FF
:10F3F00070B5134D134E034604462A4603CAB24263
:10F4000020606160154604F10804F6D10E4D0F4EE0
:10F4100003F128042A4603CAB242206061601546FF
:10F4200004F10804F6D10A4C0A4D5033224603CAAF
:10F43000AA4218605960144603F10803F6D170BD62
:10F44000000002402800024000040240280402405C
:10F45000000802402808024070B5114D02460346DC
:10F4600000F12806186859682C4603C40833B342D3
:10F470002546F7D10B4D02F15006186859682C4605
:10F4800003C40833B3422546F7D1074D78321868D4
:10F4900059682C4603C4083393422546F7D170BD02
:10F4A0000000024000040240000802402DE9F84339
:10F4B0000E4CDFF83C80DFF83C9005460B26012718
:10F4C00034F8021C54F8060C10F09AFF854206D05E
:10F4D0002B4622464146484627F062FB0027013E64
:10F4E00004F10C04ECD13846BDE8F883BA090020D9
:10F4F000B0B50408ED5302082DE9F041A2B00DF0BB
:10F50000D1FF01210446072011F030F904A8374D3E
:10F51000FFF76EFF2F460B264FF00008BB8857F809
:10F520000C0B02A9CDE9023810F022FF013EF5D103
:10F530000B274FF0010874B3AB882868029302A927
:10F54000ADF80C808DF80E6010F012FFA9882868C5
:10F5500010F05CFF0196019BB3F57A7F3DDB012043
:10F56000FFF7A4FFA9880446286810F051FF019610
:10F57000019BB3F57A7F34DB0020FFF797FF02A9E8
:10F58000002855F80C0B8DF80C6008BF002410F013
:10F59000EFFE013FCFD104A8FFF75EFFCCB10123FE
:10F5A0001348ADF80C308026002302A98DF80E30E8
:10F5B0004025029610F0DCFE0D48029502A910F0DD
:10F5C000D7FE0B48314610F023FF0948294610F0BA
:10F5D0001FFF204622B0BDE8F081019B013301935B
:10F5E000B9E7019B01330193C2E700BFB4090020D2
:10F5F000000402402DE9F04FA5B00DF053FF0121AA
:10F600000446072011F0B2F806A8DFF8B881FFF72A
:10F61000EFFE46460B250027B38856F80C0B04A9CD
:10F62000CDE9043710F0A4FE013DF5D1654E0B275E
:10F630004FF0010A002C4FD0B3883068049304A91E
:10F64000ADF814A08DF8165010F092FEB188306815
:10F6500010F0DCFE0395039BB3F57A7F59DB43463C
:10F66000A1464FF0000B18460121019300F0E0F98C
:10F670000BF1010B0028019B08BF4FF00009BBF103
:10F680000B0F03F10C03EED1B188306810F0C0FE0F
:10F690000395039BB3F57A7F3FDB43464FF0000BA6
:10F6A00018460021019300F0C3F90BF1010B00286B
:10F6B000019B08BF0024BBF10B0F03F10C03EFD13A
:10F6C000002C56F80C0B8DF8145004A918BF4C46AA
:10F6D00010F04EFE013FADD13B4E082537464FF0AE
:10F6E0000008BB8857F80C0B04A9CDE9043810F0CA
:10F6F0003FFE013DF5D1039542F20F72039B934209
:10F700000FDD314F002584B90024204625B0BDE827
:10F71000F08F039B013303939DE7039B0133039316
:10F72000B7E7039B01330393E8E73846012100F074
:10F730007FF90135042D044607F10C07E3D10127B9
:10F740004FF0000842F20F79002CDDD0B38E306B01
:10F7500004A9CDE9043710F00BFEB18E306B10F028
:10F7600055FECDF80C80039B4B4526DD304600212D
:10F7700000F05EF90135082D044606F10C06E3D1D0
:10F780000028C1D001238026ADF8143004A900233D
:10F790000E488DF816304025049610F0E9FD04A9B6
:10F7A0000A48049510F0E4FD3146084810F030FE98
:10F7B0000648294610F02CFEA7E7039B013303936C
:10F7C000D1E700BF380A0020F80A002000040240F8
:10F7D0002DE9F043A5B00DF065FE01210446072098
:10F7E00010F0C4FF06A82E4FFFF702FE3E46072585
:10F7F0004FF00008B38856F80C0B04A9CDE9043883
:10F8000010F0B6FD013DF5D14FF001082E4654B37E
:10F81000B7F804903868019004A9CDF81090ADF8BD
:10F8200014808DF8166010F0A3FD0198494610F081
:10F83000EDFD01980396039BB3F57A7F1BDB4946E8
:10F84000019010F0E5FD01980396039BB3F57A7FD4
:10F8500015DB04A901358DF8146010F089FD072D22
:10F8600007F10C07D3D106A8FFF7F6FD5CB92046D7
:10F8700025B0BDE8F083039B01330393DBE7039BD3
:10F8800001330393E1E7074B1D78002DEFD0064BC2
:10F890001B68DC69002CEAD00020A0472C46E6E774
:10F8A0000CB6040862270020842B002010B5094CF8
:10F8B00023783BB90848FFF725F9084B186010B1C9
:10F8C0000123237010BDBDE810400549054827F00D
:10F8D00067B900BF622700208F9C0408842B00209A
:10F8E000F0B50408ED5302082DE9F8430E4CDFF89B
:10F8F0003C80DFF83C9005460526012734F8021CC1
:10F9000054F8060C10F07CFD854206D02B462246AA
:10F910004146484627F044F90027013E04F10C0413
:10F92000ECD13846BDE8F883C20A0020B0B504081F
:10F93000ED5302082DE9F041A2B00DF0B3FD012115
:10F940000446072010F012FF04A8374DFFF750FDC2
:10F950002F4605264FF00008BB8857F80C0B02A96C
:10F96000CDE9023810F004FD013EF5D105274FF036
:10F97000010874B3AB882868029302A9ADF80C8023
:10F980008DF80E6010F0F4FCA988286810F03EFD98
:10F990000196019BB3F57A7F3DDB0120FFF7A4FFC1
:10F9A000A9880446286810F033FD0196019BB3F541
:10F9B0007A7F34DB0020FFF797FF02A9002855F873
:10F9C0000C0B8DF80C6008BF002410F0D1FC013F37
:10F9D000CFD104A8FFF740FDCCB101231348ADF807
:10F9E0000C308026002302A98DF80E3040250296A7
:10F9F00010F0BEFC0D48029502A910F0B9FC0B48AE
:10FA0000314610F005FD0948294610F001FD204659
:10FA100022B0BDE8F081019B01330193B9E7019B5E
:10FA200001330193C2E700BFBC0A0020000402407A
:10FA300038B50D4604468188006810F0E1FC854227
:10FA400007D0054905482B46A21D27F0A9F800203C
:10FA500038BD0120FCE700BFA8B60408ED5302083A
:10FA6000014B1878704700BF6327002080B5274EF0
:10FA7000274DDFF8A480274FDFF8A0A0DFF8A09083
:10FA8000002333702B7098F800303B7092B0012443
:10FA90004FF47A702BF090FC98F800303A789A4244
:10FAA0000DD003220DF106008DF808308DF80620E8
:10FAB0008DF807400DF09AFF98F800303B709AF8E7
:10FAC000003032789A420CD00DF106008DF80830E3
:10FAD0008DF806408DF807400DF088FF9AF8003049
:10FAE000337099F9003095F900209A42D0D007225E
:10FAF0000DF106008DF808308DF806208DF80740CE
:10FB00000DF074FF99F800302B70C1E7892B0020AD
:10FB10008B2B00208A2B0020882B0020580B0020E4
:10FB2000590B002037B5074C237843B90125064906
:10FB300006480193009596222BF058F9257003B0E2
:10FB400030BD00BF63270020ECB604086DFA000842
:10FB50002DE9F3411EF02AF92A4E2B4D2B4F307818
:10FB6000002849D02A4B2B4C042200219E4613F832
:10FB7000018B14F801CBE0451CBF03F801CC014612
:10FB8000013AF4D131B12448CDF800E004232E210C
:10FB900005F06CFA3B78012B2ED9204B204C1B78BA
:10FBA00022789A420DD0237001231A461A480094F5
:10FBB0002E2105F05BFA1B4B22781B481A7017F0B8
:10FBC00005FE2B7823B94FF47A702BF0F5FBC6E7CE
:10FBD000DFF85C802BF08CFAD8F8003098420446AD
:10FBE0000AD9124B00930C48012302222E216434BF
:10FBF00005F0D6F9C8F800402B78002BE3D00A2096
:10FC0000E3E700BF912B00208E2B00208D2B0020DE
:10FC10005B0B0020600B0020440F00205F0B0020D6
:10FC20005A0B00208F2B00207C7E05088C2B002097
:10FC3000942B002010B5104B1878A0B10F49104834
:10FC4000104CF8F791FA78B90123237023780E4C01
:10FC5000002B14BF01230023237003D10B490C4850
:10FC600026F09EFF207810BD04490A48F8F77CFA78
:10FC70000028EBD10223E8E764270020982B00201E
:10FC80001CB704088D2B0020912B002034B70408EA
:10FC9000ED53020828B7040873B5124E3478F4B94E
:10FCA000114D1249124801940323009396222346D2
:10FCB0002BF09CF80D2221462846F8F761F80C231A
:10FCC00010222E210B48009505F06AF90A4B0B49CA
:10FCD00018702A460A4826F063FF0123337002B0E9
:10FCE00070BD00BF64270020982B002059B704087E
:10FCF00051FB0008440F0020902B00206BB7040834
:10FD0000ED530208002007F07DBB10B504468020AB
:10FD100007F078FBA0B2BDE8104007F083BB0000FD
:10FD200010B5054C237833B907F000FB03480AF0FF
:10FD3000DDFD0123237010BD65270020640B00202A
:10FD40002DE9F04F2DED048B8DB01EF02FF80EF045
:10FD5000DFFA414EDFF8288105460F460A202BF0D6
:10FD60002BFB3E4B3C49187807F0BCFDB6F904303C
:10FD70005B421BB21A4608EE103A83EAE373A3EB28
:10FD8000E2739BB2632B61D8B6F90240644223B29E
:10FD90001A4609EE103A83EAE373A3EBE2739BB2CF
:10FDA000632B53D82E4B1A782E4B002A4AD07289D7
:10FDB0009FED2D6ADFED2D7A06EE902AF8EE666A49
:10FDC000E6EE867AB0EE677ADFED297AB4EEE77A6E
:10FDD000F1EE10FA58BFF0EE477AC3ED007AD3ED9A
:10FDE000008A0EF095FA824689460EF091FA8B460B
:10FDF00020490978044611BB3178B0291FD1F8EEAB
:10FE0000C97A0621BAEB0500B8EEC88A8DF8001051
:10FE100069EB0701CDED037A8DED028ACDED048A01
:10FE2000CDED058AFDF7D0FF9FED137A07EE900A1E
:10FE3000C7EE877A6846CDED067A25F079FF25462C
:10FE40005F468BE70D4A12681A60C8E798F80030E1
:10FE5000013388F8003081E7A52B0020899504083C
:10FE6000B42B0020700B0020B84B513AB6F3DD3EA6
:10FE7000CDCCCC3DB52B0020002474496C0B002068
:10FE8000B32B002010B5084B1C7834B10748FEF79F
:10FE900039FEBDE81040036A18470549054826F0B9
:10FEA0007FFE204610BD00BFB22B00206F9C0408CF
:10FEB000D8B70408ED53020837B50F4D2B78CBB9EE
:10FEC0000E4B1C78B4B90E48FEF71CFEC3692046E1
:10FED00098470C4B187807F017FB58B10323009391
:10FEE00009490A48019423464FF496722AF07EFF8E
:10FEF00001232B7003B030BDB12B0020B22B0020AA
:10FF0000659C04088995040805B8040841FD0008AB
:10FF100037B50F4B1B78CBB90E4D2C78B4B90E48C2
:10FF2000FEF7F0FDC369204698470C4B187807F0A0
:10FF3000EBFA58B10323009309490A480194234678
:10FF40004FF496722AF052FF01232B7003B030BD9C
:10FF5000B12B0020B22B00206F9C04088995040867
:10FF600005B8040841FD000810B5084B1C7834B1F1
:10FF70000748FEF7C7FDBDE81040036A184705496A
:10FF8000054826F00DFE204610BD00BFB12B002015
:10FF9000659C0408D8B70408ED5302081820704780
:10FFA0002C20704770B571B1124A034600F124014C
:10FFB00014781C7054785C7094789C7003338B4276
:10FFC00002F10302F4D1047841788278034600F10B
:10FFD0002105DE781E701E795E705E799E70033397
:10FFE000AB42F6D180F8214080F8221080F823201F
:10FFF00070BD00BF04B9040830B5214B09B100221F
:020000040801F1
:100000001A6093ED007A1F4D1F4C2049F7EE007ADD
:10001000B4EEE77AF1EE10FA44BFDFED1D7A77EE29
:10002000277A00F12402C3ED007A2B7807EE103A0C
:10003000B8EEC77A033027EE277ABCEEC77A17EE00
:10004000103A00F8033C237807EE103AB8EEC77A6E
:1000500027EE277ABCEEC77A17EE103A00F8023C7A
:100060000B7807EE103AB8EEC77A27EE277ABCEE87
:10007000C77A17EE103A00F8013C8242D5D130BD64
:10008000DC2B0020F60B0020F50B0020F40B0020E9
:10009000CDCC4C3DF0B500F1240439B1034600222B
:1000A0001A705A709A7003339C42F9D1104940F289
:1000B0000F2540F203160B784A78DF08DB0003F0C7
:1000C000380343EA521302F01F026F4373436A433B
:1000D000173721331732BF119B11921107704370EC
:1000E00082700330844201F10201E4D1F0BD00BF0F
:1000F0001F2C00207FB51B4B1A681B798DF80A3026
:10010000194BCDF8062000211A681B79CDF80B2079
:100110008DF80F300DF10602FF260D4612F8013B57
:1001200003EB4303C41801310529C6546570A5705B
:10013000F4D100250DF10B012B46FF2411F8012B02
:1001400002EB420286180135052D83547470B3709A
:10015000F4D10470447084708374C374037504B064
:1001600070BD00BF54B804085AB8040870B571B126
:10017000124A034600F1240114781C7054785C7014
:1001800094789C7003338B4202F10302F4D104781B
:1001900041788278034600F12105DE781E701E79D1
:1001A0005E705E799E700333AB42F6D180F82140D9
:1001B00080F8221080F8232070BD00BF8EB804089C
:1001C00070B599B10C2216491546B2FBF5F305FB43
:1001D000132303EB43030E78C654C4184B786370A3
:1001E0008B78A370013A01F10301EED190F8214020
:1001F00090F8221090F823200346A0F121059E7F5D
:1002000083F82160DE7F83F8226093F8206083F812
:100210002360033BAB42F2D104704170827070BD29
:100220006AB8040837B5044611B1164B00221A60AB
:1002300015480191FFF7B6FE01991448FFF7C0FF7A
:1002400011492346243402780D78520802EB5502F6
:100250001A7042784D78520802EB55025A70827833
:100260008D78520802EB55029A700333A34201F1D4
:10027000030100F10300E6D1024A13680133136061
:1002800003B030BD882C00208C2C0020B02C002026
:1002900070B5234B09B100221A6093ED007A214C0E
:1002A000214DF7EE007AB4EEE77AF1EE10FA44BF92
:1002B000DFED1E7A77EE277AC3ED007A237803EB21
:1002C00043016A186E5C5578917800F1240206703B
:1002D0004570817003309042F9D1154D1548297849
:1002E00002780131C9B20132D2B2042929700270F8
:1002F00009D90021013329700321B3FBF1F101EB8E
:1003000041015B1A23700C2A09D90B4A00230370A0
:100310001378B3FA83F35B091370084A137070BD46
:10032000E02B0020E12C0020E8B80408CDCC4C3DA7
:10033000E02C00201D2C0020E22C00201C2C002092
:1003400030B500F1240439B1034600221A705A7006
:100350009A700333A342F9D10D4A1368092B4FF069
:1003600000010EDCDD070CD5FF25017041708570A2
:100370000330A042F9D10133132BC8BF002313600F
:1003800030BD01704170817003308442F9D1F2E7D1
:10039000E42C00200D490E480A88B0F900301A44B8
:1003A00092B2B2F57A6F0A8007D95B4203804FF4AC
:1003B0007A630B8008880AF091BAB2F5FA6FF9D225
:1003C0005B4203804FF4FA63F3E700BF4816002056
:1003D0004A1600202DE9F043674B684D1B682A68D8
:1003E000674C6849684E9342684A4FD0DFF8A48151
:1003F00094ED007AD8ED007ADFF89CE191ED006A87
:10040000DFF898C1624FDFF89C912B60C7EE276A36
:10041000D9F80090C8F80090C3F30748C4F80090DA
:10042000F7EE007A77EEE67A9EED007A27EE877A8D
:10043000A6EE267A92ED006A81ED007A9CED007AB4
:1004400027EE877AA6EE267A82ED007A97ED007A7B
:1004500067EE877A96ED007AE7EE267AC6ED007AA7
:1004600007EE908AF8EEE77ACEED007AC3F3072E16
:1004700007EE90EAF8EEE77ACCED007A5FFA83FCBB
:1004800007EE90CAF8EEE77AC7ED007AD4ED007A6D
:10049000F5EEC07AF1EE10FA00F124053FDD3D4B98
:1004A00091ED006A93ED007A3B4BC7EE876AF7EE59
:1004B000007A77EEE67A93ED007A384B27EE877A6A
:1004C000A6EE267A92ED006ABDEEC77A17EE101AF4
:1004D00093ED007A2E4B27EE877AA6EE267ABDEEB4
:1004E000C77A17EE102A93ED007A67EE877A96EDB9
:1004F000007AE7EE267AFDEEE77A17EE903A017081
:100500004270837003308542F9D1D4ED007A9FEDBB
:10051000247A77EEC77AC4ED007ABDE8F08300272D
:100520002760C3F3074406EE904AF8EEE66AC1ED91
:10053000006AC3F30721DBB207EE101A07EE903A08
:10054000B8EEC77AF8EEE77A82ED007AFCEEE66A5A
:10055000BCEEC77AC6ED007AFCEEE77A16EE901A8A
:1005600017EE102A17EE903A017042708370033034
:10057000A842F9D1D1E700BF102C0020F00B0020D9
:100580007C0B0020840B0020780B0020800B0020C7
:10059000D42C0020740B0020DC2C0020D82C002050
:1005A000CDCC4C3DDC0B002037B5044627F041FD97
:1005B00007EE900A9FED1D7A9FED1D6AF8EEE76A3F
:1005C000DFED1C7AE6EE877A204600252434BCEE67
:1005D000E77A8DED017A9FED187A9DF80420A6EE5A
:1005E000867AFCEEC76A16EE903ADFED146AB4EE36
:1005F000E67AF1EE10FAC8BF4FF0FF33DBB2F4EE4B
:10060000E67AF1EE10FA0EDCF5EEC07AF1EE10FAB1
:100610004CBF002111460170437085700330A04229
:10062000EDD103B030BDFF21F5E700BFC9C8C8BE9A
:10063000C9C8C83E0000C8420000000000007F4357
:10064000F8B5224E224F33680133054609D12149BE
:10065000214817F053FF21493060214817F04EFF21
:1006600038602AF045FD044630881E4E18F06AFBBB
:10067000241AA4B21E2C388828BF1E2418F0E2FACF
:1006800040B2194B032808BF012204EB4401A4EB3C
:10069000840408BF1A70643432681F782846C9B2CF
:1006A000E4B2243500236FB1092A0BDC03704370D8
:1006B000837003308542F6D10132132AD8BF134626
:1006C0003360F8BD01704470F2E700BFE80B002012
:1006D000EC0B002002A004080CA00408A3B204083C
:1006E000929C0408E82C0020B62B002073B520490A
:1006F0000446204817F002FF18F024FB1E49054667
:100700001C4817F0FBFE18F0F5FADFED1C7A9FEDA0
:100710001C7A30EE670ADFED1B7AE0EE077A9FED78
:100720001A7AF4EEC77AF1EE10FA19DCF5EEC07A17
:10073000F1EE10FA16D4FCEEE77ACDED017A9DF8D1
:100740000420234604F124006421D44300265DB133
:100750001C705A709E7003339842F8D102B070BD7D
:10076000FF22EEE70022ECE7197059709970F2E76A
:10077000379D0408589D0408329D04080000AA42D1
:100780003333A3C00000000000007F4337B52F497A
:1007900004462F4817F0B2FE18F0ACFA2D4A2E4945
:1007A0009FED2E6ADFED2E7ADFED2E5A20460025D2
:1007B000243492ED007AD1ED006A76EEC76A30EE0D
:1007C000477A86EE265AF0EE676AE5EE076AF4EE9F
:1007D000E76AF1EE10FA30DCF5EEC06AF1EE10FADD
:1007E0002DD4BCEEE67A8DED017A9DF804300370CD
:1007F000457092ED007AD1ED006A76EEC76A30EE70
:10080000477A87EEA65AF0EE656AE5EE076AF4EEDF
:10081000E76AF1EE10FA14DCF5EEC06AF1EE10FAB8
:1008200011D4BCEEE67A8DED017A9DF80430837028
:1008300003308442BDD103B030BDFF23D7E700238E
:10084000D5E7FF23F3E70023F1E700BFF19C04089D
:10085000929C0408D80B0020E00B002000007FC30E
:1008600000007F4300000000F8B5424F424E434D68
:100870000446386800280FDA4149424817F03EFE26
:10088000414938603F4817F039FE404930603D48E3
:1008900017F034FE2860F8BD80B218F02BFAFDEE98
:1008A000C07A308817EE907A18F024FAFDEEC07AFC
:1008B000288817EE906A18F01DFA354887423A46A4
:1008C000B8BF0246B2F5007FFDEEC07AA8BF4FF474
:1008D00000728642B44617EE905AB8BF8446BCF503
:1008E000007FA8BF4FF4007CA842B8BF2846B0F5EF
:1008F000007FA8BF4FF40070002FACBF01234FF062
:10090000FF33002E02FB03F3ACBF01224FF0FF3296
:10091000002D0CFB02F2ACBF01214FF0FF31092B7F
:1009200000FB01F1CCBF5B100023092ACCBF5210A1
:10093000002209292046CCBF491000212434B1F5FA
:10094000807F14BF0D46FF25B2F5807F057014BF70
:100950001546FF25B3F5807F457014BF1D46FF2562
:1009600085700330A042EAD10A4A1378013313702C
:1009700091E700BFE40B0020142C0020182C00206D
:10098000ADD30408BA9D0408CCA504083223050899
:1009900000FEFFFFE42B0020F0B52DED028B044696
:1009A00083B049B1034600F1240100221A705A7045
:1009B0009A7003338B42F9D1694F6A4E3B686A4D96
:1009C000002B12DA69496A4817F098FD69493060CE
:1009D000674817F093FD68492860654817F08EFD59
:1009E000386003B0BDEC028BF0BD308818F082F99E
:1009F0002888B0EE408A18F07DF9BBEE047AB4EE98
:100A0000C78AF1EE10FAF3EE047A00F18D80B4EEAD
:100A1000E78AF1EE10FA00F38A80F1EE486AB4EE4C
:100A2000C70AF1EE10FA00F18580B4EEE70AF1EEA4
:100A300010FA00F38280B1EE400AF5EEC06AB7EE1C
:100A4000007AF1EE10FAFFEE007AB4BFB0EE676AFA
:100A5000B0EE476A26EE866AB5EEC00A66EE266AF2
:100A6000F1EE10FAB2EE046AA8BFF0EE477A76EE25
:100A7000865A9FED427A60EE277AF4EEC75AF1EE7D
:100A800010FA67EE807A5BDCF5EEC05AF1EE10FAF0
:100A900058D4FCEEE55ACDED015A9DF8043084F8A7
:100AA000213076EE675A2370F4EEC75AF1EE10FA51
:100AB000E37049DCF5EEC05AF1EE10FA46D4FCEED4
:100AC000E55ACDED015A9DF80430237276EE666A40
:100AD000E372F4EEC76AF1EE10FAA37338DCF5EEB8
:100AE000C06AF1EE10FA35D4FCEEE66ACDED016A8B
:100AF0009DF80430E37377EE867AA374F4EEC77A38
:100B0000F1EE10FA637527DCF5EEC07AF1EE10FA1B
:100B100024D4FCEEE77ACDED017A9DF80430A3767B
:100B2000637784F820305CE7F0EE676A77E7F0EEF1
:100B3000476A74E7B3EE040A7FE7BBEE040A7CE77A
:100B4000FF23ACE70023AAE7FF23BEE70023BCE7AF
:100B5000FF23CFE70023CDE7FF23E0E70023DEE715
:100B6000F80B00207C2C0020842C002035AC0408DD
:100B700017A304082BAC0408EAA8040800007F436C
:100B8000F8B5424F424E3B78424D2DED028B044664
:100B90005BB94149414817F0B1FC414930603F48D9
:100BA00017F0ACFC012328603B70308818F0A2F8E5
:100BB0002888F0EE408A18F09DF8B5EE400AF1EE74
:100BC00010FAB0EE408A5DD088EE880AF3F74AFB4F
:100BD000DFED347AB5EEC08AF1EE10FA70EE277AC6
:100BE00003D59FED317A77EE877A28EE088AF2EE08
:100BF000085AA8EEA88A2046002267EEA57A9FED43
:100C00002B7A87EE875AB1EEC87ADFED297AB4EEF7
:100C1000E77AF1EE10FAD4BFBDEEC77A9FED257AE0
:100C2000B8EEC77AF0EE047A87EE276AF1EE084A4A
:100C3000B1EE466A07EE902AF8EEE76AF0EE477AE0
:100C400075EE666A0132F0EEE66AF4EEE46AF1EE01
:100C500010FAC8BF75EEE66A0C2AE6EE267A00F1B5
:100C60000300FDEEE77A17EE903A83F30803DBB258
:100C700000F8033C00F8023C00F8013CDAD1BDEC7E
:100C8000028BF8BDDFED0C7AAFE700BF1E2C002011
:100C9000782C0020802C002035AC040817A3040811
:100CA0002BAC0408DB0FC93FDB0F4940DB0FC94009
:100CB00000007F43FF00000000000000002110B58D
:100CC0000B481DF037FB0B4B0B481B78102163B111
:100CD0000FF09CFB094C237833B1012323722AF0D7
:100CE00007FA00236060237010BD0FF091FBF1E75D
:100CF000290E01081C2C002000040240642C002056
:100D000008B50B4611461A18282A06D81A46044B6D
:100D10001844F6F71FFF012008BD0020FCE700BFC4
:100D20003C2C002008B503461046CA18282A06D8CD
:100D30000A4604491944F6F70DFF012008BD0020BA
:100D4000FCE700BF3C2C002008B50B4611461A18E2
:100D5000182A06D81A46044B1844F6F7FBFE012061
:100D600008BD0020FCE700BF1F2C002008B503468B
:100D70001046CA18182A08D80A4605491944F6F731
:100D8000E9FE003818BF012008BD0020FCE700BFC5
:100D90001F2C002041B100F1240200230370437096
:100DA000837003309042F9D1704700007FB5174E31
:100DB00035784DBB08F0D0FB154B1648ADF80E50FA
:100DC00012221A600124102302A902938DF80C400C
:100DD0000FF0CEFA104817F0FDFF104817F0FAFF99
:100DE0000F4B34702246322100930E482B462BF0D5
:100DF000EDF806462AF07CF964230246009321466A
:100E00002B4630462BF054F904B070BD6627002005
:100E1000702C002000040240D8B80408F4B804087C
:100E2000BD0C010860B8040810B51C4B1C4A1B68B7
:100E30001268934205D91B480C21BDE8104008F008
:100E400041BC194A194C11681360194A194852F8E3
:100E50002320C91A18BF01219047237A73B12AF0C1
:100E600047F9616840F2DB53401A984209D90021E2
:100E7000217261600F482422F6F782FF0D480C2191
:100E8000DBE74FF49671B0FBF1F301FB130164292A
:100E90004FF0FF3188BF0021C9B2EBE7880B00207B
:100EA000702C0020B72B00200C2C0020642C00207C
:100EB0008C0B0020E52B00202DE9F04F2DED028B4F
:100EC000834693B009B3A54A034600F124010024E8
:100ED000147054709470033303F8034C03F8024CFD
:100EE00003F8014C994202F10302F1D19C4B00221C
:100EF0001A600DF00DFA00234FF47A72FCF7AAFF86
:100F0000984BC3E90001984B1C60DFF85C82DFF866
:100F10006092D8F8003009EB8302013351680891E0
:100F200009EB8303D579167992F805A097795A7859
:100F30009B781343334305F00F044FEA551500F037
:100F400000810DF0E5F94FF47A720023FCF782FF7F
:100F5000CDE90401DFF80CC2DFF804E2DFED836ABB
:100F6000DCE900232821CDE90023C1FB86234FEAD9
:100F7000DA014FEACA0ACDE9022340F20F2007F056
:100F80001F020AF0380A41434AEA571A4243029FB5
:100F9000049840F2031387420398059F03FB0AF36A
:100FA00001F1170103F1210302F11702B841C1F366
:100FB0008711C3F38713C2F3871273D309AFDFF826
:100FC0009CC18DF81D108DF81E308DF81F203846FD
:100FD0004FF0000E9CF8008080F800800EF1010EAA
:100FE0009CF8018080F80180BEF10C0F9CF8028013
:100FF00080F802800CF1030C00F10300EAD19DF8A7
:10100000230064F3030065F347108DF823005FFAB3
:1010100080FAC00640F13881049B009A981A059B1B
:10102000019A63EB0201FCF789FA80464FF47A706B
:1010300046431920B6FBF0F08946FCF74BFA02460E
:101040000B4640464946FCF7D9FBFCF7A5FD1AF0D4
:101050000F0206EE900AF7EE007A00F08B8037EE72
:10106000E67A3E4E0DF11D0104EB4404002209A86E
:1010700011F8013B07EE903AA35DF8EEE77A06EE31
:10108000103A67EEA67AB8EEC66A0132E7EE067A43
:10109000032AFCEEE77A17EE903A235404F1010498
:1010A000E6D18BE09DF8237064F3030765F34717DF
:1010B0005FFA87FA17F00F0748D1284C21700137E3
:1010C0000C2F6370A27004F10304F7D11AF0E00F43
:1010D00018D007EE906AF8EEE77AB3EE097A67EE79
:1010E000A67A4FF47A7387EE876A6B4307EE903ADD
:1010F000F8EEE77A86EE277ADEED007A77EE277A49
:10110000CEED007ADDE90234CCE90034D8F80030C5
:101110000133C8F8003009EB83035A680892DD797F
:101120001E7993F805A09F7905F00F046D09002E34
:101130007FF416AFBAF1000F7FF412AF002F7FF4E7
:101140000FAF13B0BDEC028BBDE8F08F034F04EB83
:1011500044043819395543708270B7E7F02C0020E9
:10116000142D0020182D0020EC2C002000007A44C3
:10117000382C002037EEE67A504B0DF11D049E18F6
:10118000B818002116F8013B06EE103A14F8013B9E
:1011900007EE903AF8EEE77AB8EEC66A67EEA67AFE
:1011A0000131E7EE067A0329FCEEE77A17EE903A72
:1011B00000F8013BE6D10332242ADDD1404B1AF07E
:1011C000E00F93ED008A15D0049B009A981A059BB6
:1011D000019A63EB0201FCF7F7FD4FF47A735D436C
:1011E00007EE905A07EE100AF8EEE77A87EE277AB4
:1011F00038EE078AF2EE087A28EE278AB7EE007AF0
:10120000FDEEC87A0C2017EE905AF8EEE77A95FBBF
:10121000F0F338EE678A00FB135537EE487A002466
:101220002646AB19013493FBF0F200FB123303EBBB
:101230004303B4FBF0F200FB12425B4409A902EB4A
:1012400042070F4403F1FF3CA2EB8201023306EB9D
:101250004606CA19925D06EE902A17F8012B07EE92
:10126000902AF8EEE77AF8EEE66A67EE277AE6EE7D
:10127000887AFCEEE77A17EE902A0CF8012F634586
:10128000E7D10C2CCCD15CE71AF00F0008D101306B
:101290000C2839707B70BA7007F10307F7D18DE71E
:1012A00004EB440404F148000DEB000404F8241C92
:1012B00004F8233C04F8222C80E700BFF02C002027
:1012C000142D00201FF044BB73B5134E34780CBBB3
:1012D0001FF014FB0323114900934FF49672234629
:1012E0000F48019429F082FD0E4B01930E4B0093A1
:1012F00001222346C8210D482AF096FE054629F012
:10130000F7FE234602460094012128462AF0D0FE2B
:101310000123337002B070BD6727002028B904088C
:101320001D0A0308202D0020C51201082BB904084E
:1013300008B5044B1B6802215B689847024B186094
:1013400008BD00BF080C0020D42F002008B5044BB6
:101350001B6801215B689847024B186008BD00BFFD
:10136000080C0020D42F002008B5044B1B68032173
:101370005B689847024B186008BD00BF080C00204E
:10138000D42F002008B5044B1B6804215B689847E4
:10139000024B186008BD00BF080C0020D42F0020AD
:1013A00019B9044B28221A8070470129FCD1014B3E
:1013B0000822F8E75C0C002010B5044C23781BB918
:1013C0000349044825F0ECFB207810BD6827002075
:1013D00058B90408ED530208084629F0EDBF000093
:1013E00070B586B0FDF74AF80B2102200FF0B8FA6D
:1013F00001244FF4006304A80493ADF814308DF871
:1014000016400EF05DFF3F4B3F4E18782146FCF72B
:10141000C5FF3E4B1D7821462846FCF7BFFF3C4BDD
:1014200000211878FCF7BAFF00212846FCF7E2FFFC
:101430000A2029F0C1FF21462846FCF7DBFF0A20DD
:1014400029F0BAFF334934482BF008F932482BF021
:1014500067FB054638B1002330493148337025F029
:101460009FFB06B070BD2C482BF064F900220023CE
:10147000CDE902232848DDE902232CF0A8FA294906
:1014800025482CF09CFA284923482CF09AFA274941
:1014900021482CF098FA26491F482CF096FA1E484D
:1014A0002BF0DFFB1C482BF04DFE22491A482BF095
:1014B0002DFE194802212BF097FC174809212BF02B
:1014C0009BFC154821462BF0E9FB42F210711248B3
:1014D0002BF056FA10482CF0F9F9174817F07AFC5F
:1014E000204628F01CFF154B15491860154B019339
:1014F0000323009314482B464FF4E17229F076FC45
:101500003470AEE788950408682700208C9504089D
:101510008B9504082C0C0020A82D00207FB904080E
:10152000ED530208311301084D1301086913010836
:1015300085130108371A050808BA0408A42D0020ED
:10154000A2B90408D83000207D1601082DE9F8431F
:101550001E46164BDDF820901888154D14460F4690
:10156000FDF79CF8134B93F8008000214046FCF7F0
:1015700041FF224639462846F6F7ECFA4A463146FC
:101580002819F6F7E7FA0C4A294604EB0900FDF79B
:1015900011F801214046FCF72DFFFDF78FF8074AAF
:1015A000936801339360BDE8F88300BF5C0C0020B2
:1015B000102F0020889504084C2E0020600C00207D
:1015C0002DE9F8431D46194B089E1888184F1446FC
:1015D0008846FDF763F8174B93F8009000214846C2
:1015E000FCF708FF41462246DFF850803846F6F700
:1015F000B1FA324600213819F6F7C2FB42463946A5
:10160000A019FCF7D7FF324608EB04012846F6F78D
:10161000A1FA01214846FCF7EDFEFDF74FF8064A16
:10162000936801339360BDE8F88300BF5C0C002031
:10163000102F002088950408400C00204C2E00201C
:1016400010B5094B094CD870094B53F83030236062
:1016500008481B689847236806485B68002198473C
:10166000054B1860012010BDFC0B0020080C002069
:101670000C0C0020A82D0020D42F002080B50022C3
:1016800020210A2028F03AFD4B4B4C4C18600023D7
:10169000E3701CF08BFB4A4E4A4F30684FF0FF312D
:1016A00028F0BCFF94F80280B8F1000F5AD129F05D
:1016B0001FFD6379054663B194F80490B9F1000FFA
:1016C0002FD000F57A750220A560FFF7B9FF84F8E6
:1016D00004800023DFF8088130681A46194628F094
:1016E00045FDD8F80020012100202AF069FA0546BE
:1016F00000284CD0DFF8E480334D30684FF0FF31E4
:1017000028F08CFF40462CF009F9002330681A4677
:10171000194628F02BFD2878FCF77AFE0028ECD13A
:10172000BBE7A3689842D4D9284B1B689B689847AD
:10173000E37848B107EBC30325495A6884F805905C
:10174000244825F02DFAC4E70133D8B2042828BF75
:101750000120431E05F57A75022BA560B9D8FFF765
:101760006FFFB6E740F20113A380E3784345B0D0A2
:1017700008F1FF33022BACD84046FFF761FF002889
:10178000A7D0E378144907EBC3035A68D8E7306859
:101790004FF0FF3128F042FF0C4B10481B682946E0
:1017A0005B6898472B46C8F800002A4630682946EF
:1017B00028F0DCFC71E700BF482E0020FC0B002065
:1017C000A42D00200C0C00208B950408080C002090
:1017D000A6B90408ED530208C8B90408A82D0020D2
:1017E000D42F0020F8B50D4B1C7805460E4694B159
:1017F0000B4F4FF0FF31386828F010FF094B1B6882
:101800003146DB6828469847002304461A46386864
:10181000194628F0ABFC2046F8BD00BF6827002021
:10182000A42D0020080C0020F8B50D4B1C780546AF
:101830000E4694B10B4F4FF0FF31386828F0EEFEA2
:10184000094B1B6831461B6928469847002304460C
:101850001A463868194628F089FC2046F8BD00BFB2
:1018600068270020A42D0020080C0020F8B50D4B9F
:101870001C7805460E4694B10B4F4FF0FF31386887
:1018800028F0CCFE094B1B6831465B692846984717
:10189000002304461A463868194628F067FC20469B
:1018A000F8BD00BF68270020A42D0020080C0020F0
:1018B00038B505460948007878B1094CA01C62701B
:1018C0002570F6F747F9074800231A4600682146B5
:1018D00028F04CFC431E5842584138BD6827002070
:1018E000082E0020482E002008B5054B0146002296
:1018F000186828F0F3FD431E5842584108BD00BF48
:10190000482E002007B50B4B00211868019101AA51
:101910002AF04AFA019B4BB14FF0E0234FF080527E
:10192000C3F8042DBFF34F8FBFF36F8F03B05DF883
:1019300004FB00BFD830002070470000014B18881E
:1019400080B27047FC0B0020014B1880704700BF2D
:10195000FC0B0020014B1878704700BF523100206B
:10196000014B1879704700BFC0320020014B187836
:10197000704700BF5331002013B50446019129F090
:10198000B7FB019A03460348214602B0BDE8104068
:1019900027F0DFBA8090001013B50446019129F0BA
:1019A000A7FB019A03460348214602B0BDE8104058
:1019B00027F0CFBA8090001070B50A4B0A4C1D6812
:1019C000002201461046AB6854F8046B9E42BCBF2F
:1019D0000A54431C02F10102B8BFD8B2082AF2D15E
:1019E00070BD00BF2C0E00208C3300200A4601463B
:1019F000014827F09DBA00BF809000100A460146BA
:101A0000014827F095BA00BF8090001003460020DF
:101A1000185401300828FBD17047000037B5044640
:101A20000D4629F065FB214602466B46054827F026
:101A30006CFA044618B12946684627F0B5FA2046E4
:101A400003B030BD8090001037B504460D4629F034
:101A50004FFB214602466B46054827F056FA0446DE
:101A600018B12946684627F09FFA204603B030BDDA
:101A70008090001010B507289FBF064B1B6803EB32
:101A8000001058300C4697BF0FC8002084E80F00A4
:101A9000012010BD2C0E002038B5054629F028FB8A
:101AA0009FED0D0B0E4A014602230E4826F09EFFC5
:101AB0000D4B00241C700D4B20461C70FFF744FF9B
:101AC00042F2107128462AF05BFF28462BF0FEFEFA
:101AD000074B1C7038BD00BF0000000030C12D4214
:101AE000511B01088090001051310020503100201E
:101AF000523100200000000010B5044629F0F8FA29
:101B00000F4A01239FED0C0B01460E4826F06EFF95
:101B10004CF2503120462AF033FF20462BF0D6FEFF
:101B2000094B0A4A1A60012283F8252000221A7103
:101B300010BD00BFAFF300800000000030C12D4297
:101B4000A51B010880900010C03200209A99193E10
:101B500070B5124B8CB01B688362054600230646A5
:101B60008DF800300FCD01AC0FC40FCD0FC495E838
:101B7000070084E80700684624F0DAF896F8203079
:101B800096F82120013303F00703934201BF044A72
:101B900002EB8303726A1A600CB070BD300E002035
:101BA0000C31002030B50C4B93F825208DB08AB154
:101BB0001B688362044600238DF800300FCC01AD12
:101BC0000FC50FCC0FC594E8070085E807006846ED
:101BD00024F0AEF80DB030BDC0320020000000008F
:101BE0002DE9F04F994AD2F888340133B3B0C2F8E6
:101BF000883407462BF031F90DF1330102460646D1
:101C000038462BF048F99DF84830222B40F00681E9
:101C10008F4B109C93F80090E4B2B9F1000F53D0B1
:101C2000DFF84C8298F80030A34240F0F480894DF0
:101C300038462AF030FF2B7898F8012023F07F03F4
:101C400043F041032B706B7803F0030363F023032D
:101C50006B70F0236B7508F1020105F11600F5F7C2
:101C600079FF7D4B00221B68AA73EA732A746A7499
:101C7000AA7498F800206FF043014FF0FF3C2971DF
:101C800029756FF0300003EBC20185F80DC0E870D4
:101C9000E87453F832204B68C5F809303846C5F867
:101CA00005202BF068F938462BF04CFA98F8012003
:101CB0002946163238462BF0AEF8384601212AF074
:101CC000E5FF38462AF09FFF0022002308A9384686
:101CD000CDE908232BF006FA072C00F2988029F0B2
:101CE00007FA0246DDE90801A31CCDE9040132A987
:101CF00001EB83030AAF53F87FAC584804F1C803E3
:101D00006B44214613F87F3C03F07F0306933B4668
:101D100026F090FE384627F032F900258046BB4673
:101D2000E9B2884534D032AAAB1C02EB830353F8E6
:101D30007F2C6AB105F1C8036B44584613F87F3C09
:101D4000079103F07F030093002327F08FF9079991
:101D500032AA05F1140302EB430333F87F2CBAB126
:101D60000023584627F0DAF93D4B1B785A1C02F045
:101D7000070242450CD132AA143302EB430313F895
:101D80007F2C13F87E3C42EA0323364A22F81830AF
:101D90000135082DC4D1DDE904233946CDE90023FE
:101DA0002E48314D5246002327F000F8069B02933F
:101DB000002301933846DDE90423CDF800A027F085
:101DC00010F9384627F01EF951EC100BFBF7E4FE32
:101DD00005EB8405224B28604E3E002E1C7013DD5F
:101DE0009DF88130F02B0FD11B4B10991A68119878
:101DF000A2F10803383253F8085F5C68A04208BFBC
:101E0000A9420ED09A42F6D1184B01221A704846C8
:101E100033B0BDE8F08F4FF0000955E74FF00009EF
:101E2000F5E79DF88230012BEED1DDF88B3001EE25
:101E3000103ADDF8873000EE903ADDF883300AA8DA
:101E400000EE103A27F0C3F8DEE700BF80C00010B4
:101E50005031002054310020280E002080900010C6
:101E600051310020DC300020EC30002052310020C5
:101E70002C3100202DE9F04F564ED6F88834B3B0FF
:101E800001330746C6F888342AF0E7FF0DF1330125
:101E90000246054638462AF0FEFF0023002208A924
:101EA0003846CDE90823109C2BF01CF99DF84830EA
:101EB000302B5BD1DDE90823CDE904239DF84930BF
:101EC000DDF84AA003F07F03069329F011F90AAF69
:101ED0000246E1B23B46A6F5405026F0ABFD4FF07E
:101EE0000009C8460DF14F049DF84E205FFA88F3B3
:101EF0009A423ED8DDE9041212ABE41A0023CDE980
:101F00000012CDE9023352460AA9334826F0A8FD53
:101F1000153D069B0293CDE900A9DDE904230AA83B
:101F20002D1B27F05EF8002D1DDD04F1C8036B4466
:101F300013F8802CF02A16D113F87F3C012B12D114
:101F40000DF1330316341C440AA8D4F8093001EE0D
:101F5000103AD4F8053000EE903AD4F8013000EE93
:101F6000103A27F034F81D4B01221A7133B0BDE846
:101F7000F08FD4F8022021784AB16378079103F0FA
:101F80007F0300933846002327F070F8079994F9EF
:101F90000130002B1BDAB4F806B01FFA8BF292B1B5
:101FA00000233846079127F0B9F8384626F0E7FFB6
:101FB00096F828350799834205D196F829358B4242
:101FC00008BFA6F84CB5083408F101088CE70634C0
:101FD000FAE700BF80C0001080900010C0320020DF
:101FE0002DE9F04F2DED088B0022B9B00023CDE98B
:101FF000042304462AF031FF064608B9002020E0F9
:1020000015220021CC4D0DF14B00F5F7B9FE3246FB
:102010000DF14B0120462AF03EFF2F681498159BC6
:10202000D7E90412934208BF88420FD020462AF015
:1020300091FF20462BF086F820462AF0CBFD4FF08A
:10204000FF3039B0BDEC088BBDE8F08FDFF81883A6
:10205000169A1799C8F811309DF86030C8F8052015
:10206000022BC8F80910C8F80D0000F0FD80042B01
:10207000E5D1B24B9DF861201B789A42BED1B04B9E
:10208000DDF862009DF8662018601A71AD4B9DF86E
:102090006B20DDF86700DFF8D4A21A7118609DF894
:1020A00070308AF80430A84B1B981C68A74BCAF8FC
:1020B00000001868A64FDFF8B8B2201AFBF7FAF94B
:1020C000DDF8676041EC180BDDF86200301AFBF7B1
:1020D000F1F941EC190B1B98801BFBF7EBF941EC74
:1020E0001A0B38689B4E001BFBF7E4F934780BEBB6
:1020F000840341EC1B0B019351EC180B53EC1A2B8E
:10210000FBF752FA53EC1B2B8046894651EC190B16
:10211000FBF74AFA02460B4640464946FBF78CF865
:1021200053EC1A2B8046894651EC180BFBF786F8C6
:1021300053EC192BFBF782F853EC1B2BFBF77EF8C3
:1021400002460B4640464946FBF758FB76A3D3E9C7
:102150000023FBF753FB76A3D3E90023FBF724FA14
:10216000FBF71AFD019BDFF80C821860DDF879207F
:102170001A624FF0840909FB048204EB4414D2F87C
:102180008030013303F01F03C2F8803008EB840075
:1021900003AA202127F004FB307800EB401002AAAC
:1021A000202108EB800027F0E3FA3378DDED027A96
:1021B00009FB038903EB4312D9F880100A4408EBAA
:1021C00082080BEB830B644A9BED007A01211170AE
:1021D0002A6888ED007A77EEC77A92F8D810F0EE88
:1021E000E77A19B902EB0311896D01B3DDED036ADA
:1021F000B1EE006A66EE866AF4EEE76AF1EE10FA76
:1022000015DD02EB03110A46C86D526E096E079088
:1022100003248DF8283006A84FF07A538DF8184023
:10222000089109928DED0B7A0C9323F081FD424BBE
:102230001B6893F8D9309BB133788BB9DAF800205A
:10224000464802F060439A1AD7E9003461EB010175
:102250009B1841EB0401C0E90031414B01221A7087
:10226000404B01221A70C9E6344B9DF861001B787F
:1022700098427FF4C3AE153E032E11DD9DF8623007
:10228000F02B0DD107F118030026D3E900C08142DD
:1022900008BF624503F1080330D00136082EF4D19F
:1022A000032388F8153004AE9DF8613088F81630A5
:1022B000314620462AF016FF2A68D2E90031049AF6
:1022C0005B0843EAC173D31A059A62EB5102CDE968
:1022D000043296E803001C4B83E8030020462AF0F2
:1022E0004AFE1722204620492AF095FD204601216A
:1022F0002AF0CCFC20462AF086FCA0E69DF863304C
:10230000012BCDD128F0F4FE07EB06172B68B8653A
:1023100003EB0616199BF3651A9B33661B9B7366CA
:10232000BEE700BFAFF300800000000030C12D42C7
:102330000000004A78DEB1412C0E0020F832002067
:1023400028330020F0320020E83200203033002013
:1023500010330020F93200205331002018330020C0
:1023600008340020483300200934002008330020BE
:102370004C3300203002001070B50446042934D8D4
:10238000DFE801F02A03222A2A00FFF729FC1A4E6F
:102390001A4D40B1002333701948FFF7A5FA002306
:1023A00030702B6010E020462AF0D4FD20462AF041
:1023B000C9FE20462AF00EFC2B680133272B2B6028
:1023C000E8DC3378002BE7D028F092FE0020FFF7FE
:1023D000BBFA4FF0FF3070BD2AF0BCFD20462AF05A
:1023E000B1FE20462AF0F6FBEEE70649064840F229
:1023F0000F1223F049FFE7E7503100204C31002055
:102400002C31002058BA0408ABD804080129F8B5CB
:1024100005461AD002D90239022919D828F068FED7
:102420002E4E01462E4826F009FD701DFFF75CFA7E
:10243000A8B928462AF08EFD28462AF083FE2846B1
:102440002AF0C8FB4FF4FA70F8BDFFF713FDE5E77B
:10245000244925484FF4187223F016FFDEE7234C79
:1024600028462AF018FB2378B27923F07F0343F043
:1024700041032370637803F0030363F02303637065
:10248000F11DF02304F116006375F5F763FB737912
:10249000C4F805306FF030000022154BE0706FF08B
:1024A0004301E0744FF0FF3728462171A273E273B5
:1024B00022746274A2742175C4F8093067732AF01B
:1024C0005AFD28462AF03EFEB279284616322146A9
:1024D0002AF0A1FC28462AF096FBB3E7C032002080
:1024E00000C50010ACBA0408ABD80408E9310020DC
:1024F0000000CFBC38B52F4B1C68D4F8DC30002B63
:10250000054605DA24F008F900F00100C4F8DC0003
:10251000D4E90432D4F8DC105B1842EBE172C4E970
:102520000432254B002195221846F5F729FC234B50
:102530000024C3E90044224BC3E90044214BC3E912
:102540000044214BC3E90044204BC3E90044204B25
:102550004122C3E9004402701E4B6FF02302427017
:102560006FF03002C2701C706FF043021A4B0271A0
:1025700020461C70FFF7E8F9184B19481C70194BDE
:10258000202221461C70F5F7FBFB2022214616482D
:10259000F5F7F6FB202221461448F5F7F1FB4FF43E
:1025A0007A7128462AF0ECF928462BF08FF9104B67
:1025B0001C7038BD2C0E0020093400203033002060
:1025C00028330020F0320020E832002010330020B1
:1025D00008330020F8320020F93200204833002070
:1025E0004C330020083400206C3300208C33002052
:1025F000533100202DE9F04FDFF84483D8F8003044
:1026000087B005460C461BB928F072FDC8F80000DB
:10261000042C00F26A81DFE814F0340005000B009E
:102620006F016F01284607B0BDE8F04FFFF7D8BC37
:1026300004AC214628462AF039FCB04B1A68D2E98E
:102640000031049A5B0843EAC173D318059A42EB40
:102650005102CDE90432AA4B5B7D012B09D0032B3B
:102660000DD0A84B187880F00100404207B0BDE8BB
:10267000F08FA54B94E8030083E80300F1E7A34B38
:10268000F8E7A34FA34EFFF759F93A78A24B044657
:102690003078002A40F0AA809A4A1278002A40F046
:1026A000A580DFF858E29FED9D0ADEF800E000F11A
:1026B000100CDEF808E053F82C1001227145B8BF69
:1026C000013102FA00F212B224B2B6BF43F82C1064
:1026D0009443144314F0F2FC32789149A4B28B5C19
:1026E00001338B542046FFF72FF928F001FDD8F86D
:1026F000003003F57A73984200F28A80DFF844B222
:102700007F4CDFF8F8A15846FFF7EEF804F10D0909
:102710007C4B04F10508002840F0AD801870DAF811
:102720000030387093F8D9305BB17E4B1B7873B1B1
:102730007D49D1E9003213F1005342F10002C1E9B1
:10274000003233780133DBB2072B337001D9002319
:10275000337028462AF09FF9744A01236375137871
:102760000133DBB21370A375DAF80030D3E9041239
:10277000C9F804203278C4F80D10033203EBC2010B
:1027800053F83230C4F8053028464B68C8F8043096
:102790002AF0F1FB28462AF0D5FC17225849284692
:1027A0002AF039FBDAF8003093F8D920E2B15D4A1B
:1027B0001278CAB15C4AD3F8DC00D2E900320421B5
:1027C000C0FB013223F4FF7323F0010303F5007310
:1027D0000592049306AA12E9030002AB83E8030002
:1027E00028460CCB2AF063FA012175E001228240D1
:1027F000144300F11002002143F8221003EB800380
:1028000093ED000A14F05AFCA4B23278484966E706
:1028100028F06EFC424CC8F80000DFF82CE1444878
:10282000DFF82881DFED436A08214FF0000C14F82F
:10283000013B10F8012B1344DBB208F8013B8BB1CC
:1028400007EE902AB8EE677A07EE903A27EE267ADE
:10285000F8EE677A87EE276AFCEEC67ACDED017A4C
:102860009DF804300EF8013B013904F801CC00F862
:1028700001CCDCD142E7012228461A702AF00BF97C
:10288000F0239BF8012063750BF1020104F116009F
:10289000F5F760F9DAF80030D3E90412C9F804203A
:1028A0009BF80020C4F80D10033203EBC20153F86B
:1028B0003230C4F8053028464B68C8F804302AF096
:1028C0005AFB28462AF03EFC9BF80120214616328E
:1028D00028462AF0A0FA002128462AF0D7F92846EF
:1028E0002AF091F94FF0FF30C0E61349134840F247
:1028F000B11223F0C9FCF5E70020B7E62C0E00204A
:102900000934002020330020303300201033002011
:1029100048330020F93200204C3300200000C07FF3
:10292000FA3200200834002018330020F83200204A
:10293000003400200000C84200BB040852BB040859
:10294000FC330020282E00204033002038330020A4
:1029500030B589B0002304468DF803300DF1030132
:10296000204610F091FC012028F026FD9DF8033050
:10297000002BF3D001A9204610F088FC094B9DF8EC
:102980001F201B881341DB0720464CBFBDF81C509D
:1029900047F6FF7510F06FFC204610F04EFC2846FD
:1029A00009B030BD7C0E002030B52DED028B83B018
:1029B0001BF0FCF93348334C9FED338A10F05BFC7D
:1029C000304810F03AFC314810F055FC2F4810F018
:1029D00034FC2F4810F04FFC2D4810F02EFC2D48F1
:1029E00010F049FC2B4810F028FC2B4810F043FC59
:1029F000294810F022FC28F07BFB04F56975019052
:102A0000642101A828F08EFC2046FFF7A1FF07EE05
:102A1000900AB8EEE70A002080EE080A19F0E4FAFE
:102A20002846FFF795FF07EE900AB8EEE70A012067
:102A300080EE080A19F0D8FA1548FFF789FF07EE6B
:102A4000900AB8EEE70A042080EE080A19F0CCFAE2
:102A50001048FFF77DFF07EE900AB8EEE70A022064
:102A600080EE080A19F0C0FA0B48FFF771FF07EE75
:102A7000900AB8EEE70A032080EE080A19F0B4FACB
:102A8000BEE700BF5006001000007A44F4090010B1
:102A9000980D00103C110010E014001013B504460E
:102AA0002020019208F0E8FA022028F085FC204658
:102AB000074906F06DFC019A044630B10549064805
:102AC00024F06EF8204602B010BD0449F7E700BFBD
:102AD000440F002058BB0408ED53020871BB0408E2
:102AE00038B51A4D1A4C2B780BB1207838BD194BDC
:102AF000194A1B78194823701021FFF7CFFF23785C
:102B0000174A1840207002211648FFF7C7FF2378A4
:102B1000154A1840207001211448FFF7BFFF2378A1
:102B2000134A1840207040211248FFF7B7FF23785E
:102B3000114A1840207004211048FFF7AFFF237896
:102B40001840012320702B70D0E700BF9F34002075
:102B50009E34002069270020F297040850060010D8
:102B6000F8970408F4090010121C0508980D0010CD
:102B7000FD9704083C11001002980408E0140010AE
:102B800037B50E4D2C78B4B908F064FA6FF05701E0
:102B9000202008F067FA5721202008F089FA012345
:102BA0002B700323009306490648019423464FF4F3
:102BB000967228F01BF903B030BD00BF69270020D2
:102BC0008CBB0408A929010870B53D4E337833B198
:102BD0003C493D4823F0E4FF0024204670BD3B4BB8
:102BE000102120201D7808F047FA39493948012280
:102BF00006F0FEF90446002848D03749324823F051
:102C0000CFFF2C460221202008F036FA3049334805
:102C1000012206F0EDF9054600283CD030492A484B
:102C200023F0BEFF25460121202008F025FA28497F
:102C30002C48012206F0DCF9044688B32A492248D0
:102C400023F0AEFF2C464021202008F015FA204941
:102C50002648012206F0CCF9054630B324491A482B
:102C600023F09EFF25460421202008F005FA18498C
:102C70002048012206F0BCF90446D8B11E4912488A
:102C800023F08EFF2C4601233370A6E71B490E4824
:102C900023F086FFB6E71A490B4823F081FFC2E70D
:102CA0001849094823F07CFFCDE71749064823F06F
:102CB00077FFD8E71549044823F072FFE3E700BF28
:102CC000A0340020B4BB0408ED5302086A2700209A
:102CD000440F0020BC340020DBBB0408A4340020D7
:102CE00015BC0408043500204DBC0408D434002071
:102CF00081BC0408EC340020B9BC0408F7BB04080C
:102D000030BC040866BC04089CBC0408D5BC04089C
:102D100007B51BF04BF81B481A4E1B4D1B4C0021EE
:102D200006F0A2FA1948002106F09EFA1848002180
:102D300006F09AFA1748002106F096FA1648002184
:102D400006F092FA28F0D4F90190322101A828F077
:102D5000E9FA304606F0DBFA2880204606F0D7FA7A
:102D60000E4B18800A4806F0D2FA0D4B188009481D
:102D700006F0CDFA0B4B1880074806F0C8FA0A4B4C
:102D80001880E2E7BC3400201E350020A434002067
:102D900004350020D4340020EC3400201C35002001
:102DA00024350020203500202235002037B50E4D77
:102DB0002C78B4B908F04EF96FF05701202008F0D4
:102DC00051F95721202008F073F901232B700323B8
:102DD000009306490648019423464FF4967228F062
:102DE00005F803B030BD00BF6A27002026B20408F2
:102DF000112D0108014B28221A807047B83B002092
:102E0000014B08221A807047B83B002028F0D4BA42
:102E100008B5054B1888FBF741FC044B00211878D6
:102E2000BDE80840FBF7E6BAB83B00208A950408E5
:102E30000B4604498A681A448A600146024A1846C9
:102E4000FBF7B8BBE80E0020693700201FB50B4A1E
:102E50008DF80700936801339360094A9368013342
:102E600093600DF107010DF10F020120FBF7A2FBAA
:102E70009DF80F0005B05DF804FB00BFCC0E0020EC
:102E8000E80E0020074B10B5012104461878FBF727
:102E9000B1FA14B1FF20FFF7D9FFBDE81040FBF7EE
:102EA0000DBC00BF8A95040838B50A4A93680B44E4
:102EB0009360094B05460C460A4618464FF0FF3111
:102EC000F4F75EFF2A4601462046BDE83840FBF78E
:102ED00071BB00BFCC0E00206937002010B5FBF796
:102EE000CDFA074B28221A80064B1C780121204678
:102EF000FBF754FA20460121BDE81040FBF77ABAEF
:102F0000B83B00208A95040808B5084B01221A70C6
:102F1000074B00221A70074B186828F041F8064B3F
:102F200064211868BDE8084027F078BB69390020A3
:102F300068370020783F0020B43B002010B5044CD7
:102F400023781BB90349044823F02AFE207810BDDA
:102F50006B27002018BD0408ED53020837B51A4D41
:102F60002C7844BB194815F035FF012027F0D7F91C
:102F7000174B1860012027F0D2F9164B2146186034
:102F80000322012027F0BAF8134B144918600122DC
:102F900013480CF0C1FB044688B91249124823F0CB
:102FA000FFFD0123009311491148019423464FF47A
:102FB000967227F01BFF01232B7003B030BD0D4923
:102FC000094823F0EDFDF6E76B27002018BA040846
:102FD000B03B002084390020B43B0020ABD804086B
:102FE0002835002040BD0408ED5302085ABD0408EE
:102FF000F537010861BD0408014801F0AABF00BF10
:103000009C0E00201FB50A4601910446014603AB01
:103010000C480CF032FD019A48B102460A490B48AF
:1030200023F0BEFD0A4B00221A7004B010BD2146E9
:10303000084823F0C3FB084A039993680B44936044
:10304000F3E700BF883900207DBD0408ED53020876
:103050006837002064370020800E002002680023BB
:10306000C0E90222C3800382704770B58388C48898
:103070001B1B9BB29A4215D88E18B14204D1C3884B
:103080001A44C280012070BDC36811F8014B1C7046
:10309000C4680368858801341D44AC4218BF2346C8
:1030A000C360EAE70020EEE72DE9F04F87B0044661
:1030B0000F4615460BF02CF93F4B1B78CDE9040168
:1030C000002B49D03D4EDFF800813368DFF8F490E3
:1030D000D8F8000001334FF0FF31336027F09EFA3B
:1030E000B9F8063023B1364B186808B127F058FFFD
:1030F000B9F80630B9F80420D21AA3882B4492B24A
:103100000A339A4221DB23882E48ADF80E30022282
:103110000DF10E01FFF7A9FF2A48082204A9FFF7C5
:10312000A4FF25B127482A463946FFF79EFFDFF85E
:103130009CA0DFF89CB0234F04F106090025A3787A
:10314000AB420CDC7368013373600023D8F80000D5
:103150001A46194627F00AF807B0BDE8F08F39F88B
:10316000023B0193184615F0FBF90138019B062834
:103170001BD8DFE800F0040E14040E1414001846E7
:1031800015F050FD012201463846FFF76EFF01356C
:10319000D5E7184615F046FD02220146F4E7184629
:1031A00015F040FD04220146EEE74FF4037251464C
:1031B000584623F069F8EAE768370020703F00209E
:1031C000783F002070390020843900209DBD04081C
:1031D00052BB0408F8B50C4D044614F0B5FA696901
:1031E00000222E26D3B2994200D8F8BD7343EF18BF
:1031F00001323F8B8742F5D11833227CE168E81811
:10320000BDE8F840FFF750BFBC3B002010B5C388B5
:103210009BB184680C60C3689C4207D21B1B13805F
:10322000C368836013880382012010BD818803680E
:103230000B441B1B13800368F3E71846F5E7C388AC
:10324000028A9B1AC3800023038270472DE9F04F46
:10325000D1B0C04B0093012200236421BE4828F066
:10326000B5FE044627F044FF0023024600930121E7
:10327000204628F01DFF322028F09EF8B74B1B781F
:1032800003F0FF05002B40F00182284628F02EF9BC
:10329000B34B1B78002BF1D0B24CB34E2068B34F28
:1032A0004FF0FF31C6E9005527F0B8F9B048FFF7F5
:1032B000D5FE29462B462A46206826F057FFAD4BFF
:1032C0004FF0FF31186827F0A9F9AB4B1D605FFA8A
:1032D00085F8013517F80830002BF8D1DFF88C920B
:1032E00008F1FF350AA948460CF07FFD00284BD0B5
:1032F0009E49A2480A220CF035FA8046002840F088
:10330000BB819A4A9E499F489F4D23F049FC9F48A4
:1033100023F032FABC23012107A88DF81C30FFF7F7
:1033200071FE02210DF11E00ADF81E10FFF76AFEBE
:103330007B69ADF82030022108A8FFF763FECDF8C5
:103340000C80BDF82030039A93422BDC884F844BCD
:103350001B78002B40F03B812068854D4FF0FF31FA
:1033600027F05CF909AA0AA92846FFF74FFF034690
:10337000002800F057810A98BDF82410FFF742FE9C
:103380002846FFF75CFFEDE77B5D392B03BF302359
:103390007B55A8F10202013309BFBB5C7B550133A9
:1033A000BB549FE735F8060C14F0DAF915F8043C25
:1033B000ADF8223007460221A81FFFF723FE35F89B
:1033C000062C4FF6FF739A421BD171480F21FFF76D
:1033D00019FE02210DF12200FFF714FE002F70D11B
:1033E000DFF8B491DFF8B4A1DFF8B4B1A846002744
:1033F00015F8043CBB426DDC039B013303932E356F
:103400009FE7D7F800804046F5F77AF8411C404620
:10341000FFF7F8FDBDF822203B7A1344ADF82230C7
:10342000D7E742238DF8283001210AA8FFF7EAFDEB
:1034300058480221FFF7E6FD0BF1010B3B7A5B4593
:10344000CEDD7B6803EBCB035B6804931846F5F78E
:1034500057F8049B01461846FFF7D4FD012140466A
:10346000FFF7D0FD7B6813F83B30013B072B21D8D9
:1034700001A252F823F000BF233401089D34010853
:10348000A534010899340108A1340108A9340108C0
:10349000AD340108B13401086223C3E74823C1E712
:1034A0006823BFE74923BDE76923BBE76623B9E784
:1034B0006523B7E74FF469724946504622F0E4FEAF
:1034C000B2E7DFF8D880DFF8D890DFF8D8A04FF067
:1034D000000BB3E738F8023B0593184609A90AAA7E
:1034E00015F078FB099A04921046F5F709F8049A4A
:1034F00001461046FFF786FD01214846FFF782FD91
:103500000A9A04921046F4F7FBFF049A014610460B
:10351000FFF778FD01215046FFF774FD059B184623
:1035200015F01EF8013806284AD8DFE800F0043FFD
:10353000433D4145470042238DF81D3001210DF1E7
:103540001D00FFF75FFD13480221FFF75BFD013708
:103550004EE700BFF92F0108EDBD040869390020CE
:103560006837002084390020703F0020BC3B0020D9
:1035700070390020B03B00206C39002088390020D1
:10358000F6BD0408ED530208DA3B00206437002042
:103590000BBE0408B71105081CBE04081ABE0408B7
:1035A0009DBD040852BB04086223C5E74823C3E756
:1035B0006823C1E74923BFE76923BDE76623BBE76B
:1035C0003B4840F2CB32594622F05EFEB6E700207F
:1035D00027F08CFF4FF0FF31206827F01FF809AA71
:1035E0000AA93846FFF712FE002305461A4620684E
:1035F000194626F0BBFD002D3FF4A9AEBDF82410FE
:103600000A98FFF7FFFC20684FF0FF3127F006F81B
:103610003846FFF714FE002320681A46194626F0A4
:10362000A5FD94E602460146206826F09FFD21484C
:1036300023F0D8F80421099009A8FFF7E3FC1E48FD
:103640000CF026FB1D480AA90CF0CFFB1C4A08B958
:103650000A9B136033680193736800931268174BD9
:103660001849194823F09CFA184800231A461946AD
:10367000006826F07BFD01E60022154910460CF09B
:103680004BF80E4A1349104823F08AFA124B1B7864
:1036900033B11248002300681A46194626F066FD29
:1036A0000F4B0020186051B0BDE8F04F27F0CCBBA5
:1036B00052BB04086437002088390020BC3B00203E
:1036C0006C3900201EBE0408ED530208B03B0020F8
:1036D000ABD804084BBE040869390020B43B002075
:1036E000783F0020014801F0C9B900BF9C0E0020BE
:1036F000014801F08BBA00BF9C0E0020084611461D
:103700001A46014B01F085BA9C0E0020084611466E
:103710001A46014B01F0C7BA9C0E0020084611461C
:10372000014A01F01CBB00BF9C0E002000487047FE
:10373000000021482DE9F74F0026DFF870B004465D
:10374000894692460546B046374609F1FF33BB42EB
:1037500013DD012201AB0DF1030150460CF0E1F83D
:10376000019A012A04D00020287003B0BDE8F08F30
:103770009DF803300A2B04D1A6B900232B702046F4
:10378000F3E713F80B100907DFD4232B03D15FB93C
:103790001646B046D9E7B8F1000FD6D105F8013B7F
:1037A0000137D2E70026F4E79046CEE719930408E4
:1037B000014B1878704700BF68370020014BD87C58
:1037C000704700BFBC3B0020014BD889704700BF49
:1037D000BC3B0020064890F8B033132B07D82E22AC
:1037E00002FB0300002211461830FFF75DBC704752
:1037F000BC3B00202DE9F04F8FB027F079FCB74992
:103800000490B74823F0CCF91AF0D0FA09F044FE3E
:10381000002800F0AE80B349B34801220BF0A2FFAC
:103820000446002840F01281AF4A202106A8FFF785
:1038300081FF002800F00A810A2205A9F4F7F0FFB1
:10384000012840F00381A84A202106A8FFF772FF53
:10385000002800F0FB800A2205A9F4F7E1FFA34E3F
:10386000A14A30820D213046FFF764FF002800F0A6
:10387000ED803046F4F744FE0A28034628BF0A23A9
:103880003022F254334420215A709C70964A06A884
:10389000FFF750FF002800F0D9800A2205A9F4F7AD
:1038A000BFFF003818BF01201423B07486F8B0336E
:1038B0008D4A74610A23202106A8F381FFF73AFF9D
:1038C000DFF86892884FDFF868A2044606F1180511
:1038D000002C00F0AD80032249462046F4F77EFE1E
:1038E00000285BD104F1030851464046F4F73CFC44
:1038F000002843D13A46202106A8FFF71BFF0028E5
:1039000000F096800A2205A9F4F78AFF3A46F08172
:10391000202106A8FFF70EFF002800F089800A2268
:1039200005A9F4F77DFF4FF6FF73F0742B807369E0
:1039300086F8B033D0460023DFF8F8B1AB70AB8027
:103940003A46202106A8FFF7F5FE0446002860D07D
:1039500003224946F4F742FE00285AD02046F4F7E5
:10396000CFFD0328ECD92246002383421DD100233A
:1039700027E0642104A827F0D5FC47E7404613F070
:1039800003FF044628B113F0DFFE2880D4F800803E
:10399000D1E757495248424623F002F93A462021DE
:1039A00006A8FFF7C7FE044692E71146013391F8D7
:1039B00000C0BCF12E0F02F10102D6D100220A7024
:1039C000234419462046039314F098FD4FF6FF72E6
:1039D0009042039B05D147494148224623F0E0F835
:1039E000AEE7AA78132A0CD805EB42030132D8803F
:1039F000AA7014F0B5FD15F01FF9AB881844A88023
:103A00009EE70093424623465946354823F0C8F8BE
:103A100096E77569132D06D801352E23756103FBD2
:103A20000565183554E734492D48424623F0B8F867
:103A30002D480CF02DF93149002013F0CFFE30490C
:103A4000274823F0ADF82F4B01221A702D4B1B781D
:103A50004BB92D49224823F0A3F8002027F0F4F9B0
:103A60000FB0BDE8F08F214C2849228A1C4823F072
:103A700097F8208A26F034F9054600285CD02449BE
:103A80001748244F23F08CF8234A238A1560C2E993
:103A90000255224D93800026A37C2148D6801682B1
:103AA0003E602B7007F0A2FBCDE9006733461D494D
:103AB0001D484FF4E17227F099F92E784FF47A7887
:103AC000E189B8FBF1F104A827F02CFC2B78ABB30B
:103AD000E37C022B39D1FFF77DFE36E069BE040896
:103AE000ED53020839BF040888390020BC3B002090
:103AF00084BE04089BBE0408EFBE0408D53101084B
:103B000021BF04086A39002044BF04085EBF0408CE
:103B10007BBF0408783F0020703900206837002000
:103B2000092F010887BF04084D32010880BE040830
:103B30000BBE0408BCBE040805498BE72EB13868EB
:103B400027F02EFA2B78002BC2D12E78B8E700BFD1
:103B500090BF04082DE9F7431C4B1B78814688462B
:103B6000164623B90024204603B0BDE8F083184F61
:103B70000021386826F052FD01280246F2D115498D
:103B800015480BF0EFFDF0B9134849460CF08DF8DD
:103B90000446A8B9104801AB324641460BF0C1FEBD
:103BA00005460D480CF074F81DB90198831B5C4262
:103BB0005C41002338681A46194626F0D7FAD2E746
:103BC00005480CF065F80024F3E700BF6A390020CF
:103BD000B03B0020BC3B00208839002030B52DEDE3
:103BE000048B83B01AF0E2F8122200212548254DFB
:103BF000254CDFED269A05F01FFA0E2201212148FF
:103C000005F01AFA1F48002105F02EFB27F070FA84
:103C10000190A98A01A827F085FB1A4805F077FBD7
:103C200007EE900AB8EEE70A208080EE290A052008
:103C300018F0DAF9238840F6B7329342E9D807EE54
:103C4000903AB8EE678ADFED127A124B28EE278A97
:103C5000B7EE009AD3ED007A38EE490A20EE270A33
:103C6000F0F732FEF0EE408A27F042FA78EE898AC9
:103C7000DFED090AB0EE480A68EEA00A18F0C6F9AE
:103C8000C7E700BF7C3F00209C3F002000007A4433
:103C90006F12833A943F00200AD7233B37B50C4D6F
:103CA0002C789CB90B490C48012205F0A1F902239C
:103CB00000934FF49672234608490948019427F06F
:103CC00095F8084B084A1A6001232B7003B030BDE9
:103CD0006C270020440F00207C3F0020C4BF040854
:103CE000DD3B0108943F002048B56941034B18783B
:103CF00010B1034804F06FBC704700BF6C27002070
:103D00007C3F0020014B1878704700BF6D270020D2
:103D100037B5124D2C78BCB91149124805F038FB63
:103D2000A0B11149114822F03BFF022300934FF448
:103D3000967223460E490F48019427F057F80E4B10
:103D40000E4A1A6001232B7003B030BD0C4907489E
:103D500003B0BDE8304022F023BF00BF6D27002034
:103D6000440F002084180010F0BF0408ED5302082F
:103D700009C00408853D0108983F00206BF73A40D0
:103D800012C0040870B52DED048B8AB01AF00EF83D
:103D90003348334D334E9FED349A0FF06CFA0221C5
:103DA0002F480FF0BFF846F2A8112D480FF0F6F893
:103DB0002B480FF042FA27F09BF90290192102A834
:103DC00027F0B0FA00238DF807300DF107012448E1
:103DD0000FF05AFA012027F0EFFA9DF80730002B78
:103DE000F3D003A928460FF051FABDF82440284625
:103DF0000FF041FA28460FF020FA07EE904AB8EE8D
:103E0000E70A052080EE090A348018F0EDF83388BF
:103E100041F287329342D1D807EE903AB8EE678AE2
:103E2000DFED127A124B28EE278AF0EE047A78EE54
:103E3000677A93ED000A27EE800AF0F745FDF0EE71
:103E4000408A27F055F9B7EE000A38EE800ADFED18
:103E5000090A60EE200AB0EE480A18F0D7F8ADE77C
:103E6000841800109E3F002000007A446F12833AAD
:103E7000983F00200AD7233BF0B501218BB00320E7
:103E80000CF074FC01210A200CF088FC4B4C4C4EC9
:103E90000425A38854F80C0B02A9CDE902360CF0D6
:103EA00067FA013DF5D10222114646480CF0B7FAF7
:103EB0004448022203210CF0B2FA434802220521B1
:103EC0000CF0ADFA4048022204210CF0A8FA53226B
:103ED0004FF6FF7307A93D48ADF82450CDE90723FD
:103EE0008DF826500CF088FD07A9394801240CF004
:103EF00083FD08270DF112013448ADF81270ADF8BA
:103F00001450ADF81640ADF81850ADF81A500CF03A
:103F100015FF0C230DF112012C48ADF812300CF0F6
:103F20000DFF0DF112012A48ADF8125004260CF0D5
:103F300005FF0DF112012648ADF812600CF0FEFEEF
:103F400032238DF804300DEB06000A238DF806307D
:103F50008DF805508DF807400CF090FB1D230DEBFC
:103F600006008DF804300CF089FB214617480CF050
:103F70008CFD214616480CF088FD22463946134830
:103F80000CF045FF2246114810210CF040FF22465C
:103F900021460E480CF03BFF22460D4802210CF052
:103FA00036FF224631460A480CF031FF08482246C7
:103FB00021460CF02CFF0BB0F0BD00BF040F002019
:103FC000020300010000024000040240000C004017
:103FD0000004004070B5404808210CF027FF01287C
:103FE0002BD108213C483D4D0CF02BFF3A480CF0FA
:103FF00071FE4FF4006184B237480CF011FF00B13C
:104000002C8037482B880168364A2C80A34228BF71
:10401000DB4301F0010634BFE31A1B1922F8163006
:10402000138852881A44304BB3FBF2F32F4A1380A3
:104030002F4B0131022201601A60274810210CF039
:10404000F5FE01282BD1102123482A4D0CF0F9FE52
:1040500021480CF041FE4FF4805184B21E480CF010
:10406000DFFE00B12C8024482B880168234A2C8075
:10407000A34228BFDB4301F0010634BFE31A1B193A
:1040800022F81630138852881A44174BB3FBF2F308
:104090001B4A13801B4B0131022201601A6001216F
:1040A0000D480CF0C3FE0128014614D10A480CF05B
:1040B000C8FE0F4A1368013B002B1360BEBF0B4BB9
:1040C00000221A800F4A1368013B002B1360BEBF09
:1040D0000B4B00221A8070BD000C0040A43F002052
:1040E000AC3F0020A83F002000879303B03F002092
:1040F000340F0020A63F0020D03F0020CA3F002000
:10410000D43F0020400F002070B5404802210CF041
:104110008DFE01282BD102213C483D4D0CF091FE33
:104120003A480CF0D3FD4FF4007184B237480CF0DC
:1041300077FE00B12C8037482B880168364A2C80E6
:10414000A34228BFDB4301F0010634BFE31A1B1969
:1041500022F81630138852881A44304BB3FBF2F31E
:104160002F4A13802F4B0131022201601A60274829
:1041700004210CF05BFE01282BD1042123482A4D99
:104180000CF05FFE21480CF0A3FD4FF4806184B277
:104190001E480CF045FE00B12C8024482B88016895
:1041A000234A2C80A34228BFDB4301F0010634BF21
:1041B000E31A1B1922F81630138852881A44174B39
:1041C000B3FBF2F31B4A13801B4B01310222016047
:1041D0001A6001210D480CF029FE0128014614D176
:1041E0000A480CF02EFE0F4A1368013B002B1360A7
:1041F000BEBF0B4B00221A800F4A1368013B002BF5
:104200001360BEBF0B4B00221A8070BD000400403B
:10421000A03F0020B83F0020B23F0020008793035A
:10422000BC3F0020380F0020A23F0020C43F0020E8
:10423000BE3F0020C83F00203C0F002013B51446AD
:1042400084421A4601DB8C4209DDCDE900140346A5
:104250000449054822F0A4FC002002B010BD012052
:10426000FBE700BF78C00408ED530208024B18605A
:10427000024B0C221A707047D83F002036400020B5
:1042800010B50849084C09480978006823460022FF
:1042900000F099FE20B12078A0F14803584258411F
:1042A00010BD00BF36400020F83F0020D83F00205E
:1042B00013B5084C084909480094097800680023A0
:1042C000022200F09FFE2078003818BF012002B0C3
:1042D00010BD00BFF83F002036400020D83F00202E
:1042E000F7B50A4C009407460E460948094900688C
:1042F000097815460623032200F052FE23883B80EE
:1043000063883380A3882B8003B0F0BDF83F002082
:10431000D83F00203640002013B5084C0849094812
:104320000094097800680323092200F06BFE2078CE
:10433000003818BF012002B010BD00BFF83F0020B8
:1043400036400020D83F002003490346034809783F
:1043500000680A2200F09DBE36400020D83F0020B1
:1043600007B50649009006480978006806230C2224
:1043700000F09BFE03B05DF804FB00BF3640002058
:10438000D83F002013B52B492B48097800680DF160
:1043900001030A2200F017FE044650B30020FFF785
:1043A000D3FF0120FFF7DCFF1820FFF7CDFFFFF759
:1043B000B3FF1524FFF77CFF18B9013C14F0FF048C
:1043C0001AD10DF1060201A90DF10200FFF788FFD5
:1043D0000020FFF7B9FF194BBDF90220C8216FF08B
:1043E000C700FFF72BFF58B900249DF80100FFF725
:1043F000ABFF204602B010BD012026F0DDFFD9E75B
:104400000F4BBDF90420C8216FF0C700FFF716FF5E
:104410000028E9D00B4BBDF906200B490B48FFF7EC
:104420000DFF04460028DFD009490A4822F0B8FBF6
:10443000DBE700BF36400020D83F002007C6040855
:104440000DC6040813C60408E0FCFFFF80F3FFFF5D
:10445000B6C00408ED53020813B500241A480194AD
:1044600002210CF0E3FCE8B14FF4007116480CF0A7
:10447000D7FC15480CF02AFC144B1A8880B2821A1B
:1044800018801348ADF80220234601AA0DF102015D
:10449000006825F057FF0F4B0B48012202211A70CC
:1044A0000CF0CFFC084801210CF0C0FC48B1094BCE
:1044B000094A197811700448002201211A700CF081
:1044C000C0FC02B010BD00BF0020004046400020EC
:1044D000404000203E4000204440002038B5084DB8
:1044E0002B7804464BB9074814F074FC064B1C604B
:1044F000064B50221A7001232B70012038BD00BFDB
:104500006E27002028BA0408DC3F00203740002036
:104510001FB5084B187850B10DF10F030649074835
:104520000093097800680123002200F07DFD05B0AA
:104530005DF804FB6E27002037400020DC3F0020A0
:1045400010B5FFF7E5FF044628B10449044822F0FE
:1045500027FB204610BD0349F8E700BFCFC0040881
:10456000ED530208EDC004088B18B3F5005F07B5E2
:104570000BD20090134606480A460649006809789F
:1045800000F052FD03B05DF804FB0020FAE700BF25
:10459000DC3F0020374000202DE9F04F8B188FB012
:1045A000B3F5005F03900D4603D300200FB0BDE8C4
:1045B000F08FDFF89490DFF894A014464FF00008D5
:1045C0000CB90120F2E7039B4746D81906A9A44677
:1045D000012210F8013B01F8013B15FA82F6624511
:1045E00002EB0708ACEB02041FFA82FBB6B212D151
:1045F00000240A2706AB009399F80010DAF80000AF
:104600005B462A4600F0A1FD50B9062026F0D4FEF4
:10461000013FEFD1C9E7F30602F10102D9D1E8E782
:104620001E2599F80010DAF800000DF11703012299
:1046300000F00DFD28B9012026F0BEFE013DF0D1AD
:10464000B3E73546BCE700BF37400020DC3F002021
:104650002DE9F0411E4E3578C5BB1E4C01214FF4AB
:1046600080400CF08FF801270623A57020460D2509
:104670002370E77065700CF001F807232046237063
:1046800065700BF0FBFF08232046237065700BF06C
:10469000F5FF0923204623704FF00A0865700BF0E0
:1046A000EDFF04232046637084F800800BF0E6FFE2
:1046B00017232046237065700BF0E0FF2823204667
:1046C00084F8018023700BF0D9FF3770BDE8F081CA
:1046D0006F270020484000207047000008B5054BB8
:1046E0004022C3F8802101200BF03CFEFFF7F4FFCD
:1046F00008BD00BF00E100E07047000008B5054BB1
:104700008022C3F8802102200BF02CFEFFF7F4FF7B
:1047100008BD00BF00E100E07047000008B5054B90
:104720004FF48072C3F8802104200BF01BFEFFF7CA
:10473000F3FF08BD00E100E07047000008B5054B3D
:104740004FF40072C3F8802108200BF00BFEFFF736
:10475000F3FF08BD00E100E0704703F0B3BD0000C7
:1047600008B5054B4FF48062C3F8802110200BF090
:10477000F9FDFFF7F2FF08BD00E100E07047704768
:10478000704770477047000008B51E4B4FF4000299
:10479000C3F8802120200BF0E3FD012804D1202064
:1047A0000BF0E0FDFFF7EAFF40200BF0D9FD0128F8
:1047B00004D140200BF0D6FDFFF7E1FF80200BF085
:1047C000CFFD012804D180200BF0CCFDFFF7D8FFEE
:1047D0004FF480700BF0C4FD012805D14FF48070B8
:1047E0000BF0C0FDFFF7CDFF4FF400700BF0B8FDEC
:1047F000012805D14FF400700BF0B4FDFFF7C2FFA4
:1048000008BD00BF00E100E070477047704700003E
:1048100007B50023019309F07BFD0B4BC3E90001B1
:104820000A4B01A9186825F0FBFD019B4BB14FF025
:10483000E0234FF08052C3F8042DBFF34F8FBFF336
:104840006F8F03B05DF804FBE05000201C5B00207C
:1048500070470000014B1B681B6B1847EC5B002086
:104860007047000008B5274B4FF48072C3F88421CD
:104870004FF480600BF074FD012805D14FF4806087
:104880000BF070FDFFF7C0FF4FF400600BF068FD08
:10489000012805D14FF400600BF064FDFDF732F8FC
:1048A0004FF480500BF05CFD012805D14FF480508F
:1048B0000BF058FDFFF7A9FF4FF400500BF050FD2F
:1048C000012805D14FF400500BF04CFDFFF7A0FF7D
:1048D0004FF480400BF044FD012805D14FF4804097
:1048E0000BF040FDFFF7B6FF4FF400400BF038FD32
:1048F000012805D14FF400400BF034FDFFF7B0FF65
:1049000008BD00BF00E100E038B504460D46E3688D
:10491000FF209847FF2800D025B9A0F1FF03584297
:10492000584138BDA36900209847236A0120984761
:10493000E3699847013DEAE783690120184738B5E4
:104940000446C3699847E368FF2098474FF4FA711B
:104950002046FFF7D9FF054620B92046FFF7ECFFB8
:10496000284638BD0125FBE773B516460A060546FD
:104970000C4607D500223721FFF7F6FF012832D871
:1049800004F07F044FF4FA712846FFF7BDFF0128B9
:104990002DD144F040038DF80230330E8DF80330F2
:1049A000330C8DF80430330A8DF805308DF806602D
:1049B000DCB1082C14BF012387238DF807300621B2
:1049C0006B690DF1020098470C2C02D1EB68FF20B7
:1049D00098470A24EB68FF209847030603D5013C5B
:1049E00014F0FF04F6D102B070BD9523E5E7002076
:1049F000F9E7022337B50D46044611468362E368A2
:104A00000191FF209847FF28019904D1A06A00284E
:104A1000F5D103B030BDFE280AD123692846984756
:104A2000E368FF209847E368FF2098470120F0E7FC
:104A30000020EEE770B50E464FF4FA7104461546B5
:104A4000FFF762FFB8B1E36828469847FD2D13D001
:104A50004FF40071636930469847E368FF20984738
:104A6000E368FF209847E368FF20984700F01F00A5
:104A7000431F5842584170BD0120FCE7F7B504467A
:104A8000002800F0BF800368984794F8243013F0A2
:104A9000020304D094F82400C0B203B0F0BD5A4E13
:104AA000327802B13370636898472046FFF744FFBD
:104AB0000A25E368FF20013D984715F0FF05F8D16E
:104AC000E369984740238DF8023095238DF8035011
:104AD0008DF804508DF805508DF806508DF807308C
:104AE000062163690DF1020098474FF40055E36811
:104AF000FF209847012801D0013DF8D12046FFF75B
:104B00001BFF012320463370FFF719FF012877D1DF
:104B1000002211462046FFF727FF012805466DD1E8
:104B20000A23A3624FF4D57208212046FFF71CFF29
:104B3000012846D10DF1020637460425E368FF201F
:104B40009847013D15F0FF0507F8010BF6D19DF8D8
:104B50000430012B26D19DF80530AA2B22D1A36A5F
:104B60003BB14FF08042A9212046FFF7FDFE00280F
:104B7000F5D1A36AB3B100223A212046FFF7F4FE33
:104B800080B90425E368FF209847013D15F0FF0533
:104B900006F8010BF6D19DF8023013F0400F14BF58
:104BA0000C25042584F825502046FFF7C5FE3DB3AB
:104BB000A368984794F8243003F0FE0384F8243067
:104BC00068E70022A9212046FFF7CEFE022836BF63
:104BD000A92601260225A36A33B1002231462046C8
:104BE000FFF7C2FE0028F6D1A36A3BB14FF4007272
:104BF00010212046FFF7B8FE0028D3D00025D1E7CA
:104C00000123DBE7042048E74C40002090F8240013
:104C10007047F8B507460E4614461D46002B3ED099
:104C2000002A3CD093F82430DA073AD495F825309E
:104C300028461B0758BF4E02FFF781FE012813D1FB
:104C4000012C324614D111212846FFF78DFE40B9C0
:104C50004FF4007239462846FFF7CBFEB0FA80F4D5
:104C600064092846FFF768FE201E18BF0120F8BD22
:104C700012212846FFF778FE0028F2D14FF4007287
:104C800039462846FFF7B5FE18B1013C07F5007715
:104C9000F4D100220C212846FFF766FEE1E704204C
:104CA000E5E70320E3E7F8B507460D4614461E4640
:104CB000002B4ED0002A4CD093F82430D9074AD488
:104CC00096F824305A0748D496F8253030461B070A
:104CD00058BF6D02FFF733FE012812D1012C14D109
:104CE0002A4618213046FFF73FFE80BBFE22394698
:104CF0003046FFF79FFEB0FA80F464093046FFF7B4
:104D00001BFE201E18BF0120F8BD96F8252012F0CA
:104D1000060F04D0224697213046FFF725FE2A468B
:104D200019213046FFF720FE0028E7D1FC22394642
:104D30003046FFF77FFE18B1013C07F50077F5D14B
:104D4000FD2200213046FFF775FE0028D6D1012450
:104D5000D4E70420D8E70320D6E70220D4E77FB5C4
:104D600004460E461546002A00F0ED8092F82430E5
:104D7000D90700F1EA801046FFF7E1FD012840F075
:104D8000E680042C00F2DD80DFE804F0030CDB5049
:104D90009F004FF4FA712846FFF7B6FDB0FA80F491
:104DA000640907E0002209212846FFF7DDFD0446DB
:104DB00030B101242846FFF7BFFD204604B070BD86
:104DC000102269462846FFF714FE0028F1D09DF80E
:104DD00000309DF808109DF809009B09012B9DF8F3
:104DE000073009D11A0402F47C1200EB01210132D0
:104DF0000A4492023260DDE79DF806209B0003EB37
:104E00009113920202F44062013313449DF805208D
:104E10009DF80A1002F00F0202EBD1124100073A8E
:104E200001F006010A4493403360C3E795F825205A
:104E300012F004021DD000228D212846FFF794FDB8
:104E40000028B6D1EB68FF20984710226946284613
:104E5000FFF7CFFD0028ACD03024EB68FF20984747
:104E6000601E10F0FF04F8D19DF80A301A091023D3
:104E7000D9E709212846FFF777FD0446002898D195
:104E8000102269462846FFF7B4FD002891D095F816
:104E900025209DF80A309DF80B1092070AD59DF841
:104EA0000D205B0003F07E0303EBD1139209013365
:104EB000013AB8E7CA0002F01802C3F3840302EB18
:104EC0005112013302FB0333AEE795F8253013F09E
:104ED000060F3FF46EAF2A4669460B20FFF73FFFEF
:104EE00000287FF466AF9DF80A309DF8002003F09B
:104EF000400353EA92133FF45CAFD6E9002495F8DF
:104F000025301B0758BF52024FF02001284658BFDA
:104F10006402FFF729FD00287FF44BAF22462121D0
:104F20002846FFF721FD024600287FF442AF2621E4
:104F30002846FFF719FD00287FF43BAF47F23051B8
:104F400029E7042436E7042437E7032435E701245E
:104F500033E7836A9BB213B1013B9BB28362C36A9E
:104F60009BB213B1013B9BB2C36290F8243003F0B3
:104F7000F90380F82430704708B500F087FB012062
:104F800008BD10B588B00446009303A8134601225B
:104F900000F092FB03A9204600F0DCFB08B010BD36
:104FA00010B58AB004460C98CDE901300123009376
:104FB00005A81346002200F0A5FB05A9204600F035
:104FC000C9FB0AB010BD07B500930123FFF7E8FF46
:104FD00003B05DF804FB37B51C460DF107039DF8DF
:104FE0001850FFF7F0FF58B1631C5A1B0123AB4068
:104FF0009DF80710013B93400B401341079A137033
:1050000003B030BD1FB51C460DF10F030093012303
:10501000FFF7C6FF012202FA04F39DF80F201340A8
:10502000069A137004B010BD10B58AB004460C98EF
:10503000CDE90130012013460090024605A800F09A
:1050400061FB05A9204600F085FB0AB010BD10B534
:1050500088B00446009303A81346002200F02CFBFE
:1050600003A9204600F076FB08B010BD10B58AB049
:1050700004460C98CDE9013000201346009002460A
:1050800005A800F03FFB05A9204600F063FB0AB02D
:1050900010BD1FB58DF80F300DF10F0300930123E4
:1050A000FFF7E4FF05B05DF804FB2DE9F7439946EF
:1050B0009DF828800DF107030124174605460E468A
:1050C000FFF781FF04FA09F39DF807205BB2B8F1FE
:1050D000000F0BD01343DBB23A46314628468DF819
:1050E0000730FFF7D6FF03B0BDE8F08322EA0303E1
:1050F000F2E72DE9F74398460DF107039DF8289054
:1051000005460E461746FFF75EFFD8B101249DF80D
:105110002C2008F1010304FA09F4A3EB0903013C74
:105120009C4002FA03F39DF80720DBB222EA040256
:105130001C4042EA040331463A4628468DF80730BF
:10514000FFF7A7FF03B0BDE8F08310B58AB00446AF
:105150000C98CDE901300023009305A813460122E5
:1051600000F0D0FA05A9204600F0F4FA0AB010BD0C
:1051700003681B6840F201221A8003680022186845
:105180004FF4C0610BF026BA10B503680446002145
:10519000186C0BF031F82368996C186C0BF08DF8D3
:1051A0002368002118680BF0FDF9236800211868B6
:1051B0000BF004FA23680022BDE81040186C14219B
:1051C0000BF05CB82DE9F04106460F4609F0A0F857
:1051D00042F2117804460D46394630460BF010F97C
:1051E00040B909F095F8031B61EB0501434571F1E6
:1051F0000003F1D3BDE8F0812DE9F04103680446D6
:1052000088B0586A01210BF0B1FA2368012158696E
:105210000BF0ACFA2368012158680BF0BFFA02A822
:105220000BF0E8F840F20123ADF80C3001238DF8C3
:105230000E30236802A9DA69986902920BF098F897
:10524000236802A9DA6A986A02920BF091F823683F
:105250009F6AB3F82C809D699E8B414638460BF0BF
:10526000D5F8414638460BF0CBF83146002800F01F
:10527000A28028460BF0CAF80A2021F094FD41468E
:1052800038460BF0C5F80A2021F08DFD314628463E
:105290000BF0BEF80A2021F086FD414638460BF09F
:1052A000B5F8314628460BF0B1F831462846FFF7ED
:1052B00089FF41463846FFF785FF02238DF80C3001
:1052C000236802A9DA69986902920BF051F8236801
:1052D00002A9DA6A986A02920BF04AF8236893F8F6
:1052E0003420198C98690BF09AF8236893F83420CD
:1052F000198E986A0BF093F8236818680BF0A2F8DF
:10530000394A3A4BCDE905234FF48043ADF81C30C0
:1053100023681A690492186804A90BF0C3F823687B
:1053200001224FF4807118680BF054F923680025AE
:1053300001269B688DF80030072768468DF80170BC
:105340008DF802508DF803600BF098F923686846D9
:10535000DB688DF800300BF091F923683146986BCB
:105360000BF004FA2368DA6BC4F8C8201A68C4F892
:10537000DC501032C4E933254FF48062C4E938258B
:105380004FF40032C4E93555C4E93A55C4E93C2527
:10539000C4E93E55C4F800515B6C8DF8043001A897
:1053A0008DF805708DF806508DF807600BF066F9E2
:1053B00008B0BDE8F08128460BF028F831462846B1
:1053C000FFF700FF0A2021F0EEFC314628460BF0E3
:1053D0001FF80A2021F0E7FC284631460BF016F8AA
:1053E0000A2021F0E0FC3CE70000FFBF3000000491
:1053F00007B5002301A9019325F012F8019B4BB1D9
:105400004FF0E0234FF08052C3F8042DBFF34F8FCD
:10541000BFF36F8F03B05DF804FB10B5036804465B
:10542000D96C186C0AF0FAFE30B12368D96C186C8C
:105430000AF043FF0123E3722368996C186C0AF0A9
:10544000EDFE08B10023E3722046FFF79DFE206ABF
:10545000FFF7CEFF2046BDE81040FFF789BEF7B545
:10546000056804462868818A8BB211F001011FD0BB
:105470000023A361A37A23B1628A4FF6FF739A4295
:105480000AD0217A28684900002201F0FE0103B009
:10549000BDE8F0400BF06CB8286801210BF071F802
:1054A000217A236849001868012201F0FE01EEE725
:1054B0009E074BD5A27A638A1AB14FF6FF729342C8
:1054C0001DD0028B4FF6FF7293420CD0227CA2B10A
:1054D000190A0BF062F82368A17C18680BF05DF8DC
:1054E0004FF6FF7363822368012218684FF48061CE
:1054F00003B0BDE8F0400BF06DB8D9B2EEE76368D9
:10550000012B1FD10BF03DF82368002218684FF4DF
:10551000C0610BF05FF823680122186C14210AF0B7
:10552000ADFE2368012118680BF03CF823680121C7
:10553000186C0AF061FEBFF35F8F23681B681B8B3A
:1055400003B0F0BD01210BF039F8DDE713F00406DC
:1055500020D0038B5D070BD5A37A012B13D140F22A
:105560000113038023681A681388D905FCD4E7E780
:10557000D4E905656B1CA3610BF011F87055A269A5
:1055800063689A42EED1206AFFF732FF2046FFF7A8
:10559000EFFDE7E713F040020DD0D4E905756B1C71
:1055A000A3610AF0FCFF7855A26963689A42C7D1EB
:1055B0002368324699E71B06C2D5A37A012B02D194
:1055C0004FF4806194E7D4E905135D1CA561C95CC3
:1055D00001920AF0E2FFA1696368019A9942AFD192
:1055E00023684FF4806118680AF0F4FFBFF35F8FFF
:1055F000A6E7000010B503682049044618680AF0C1
:10560000F2FF70B1637A5A1E6272002B2CD02368AD
:105610001B6840F201121A802368184918680AF0C2
:10562000FCFF2368164918680AF0DDFF20B12368E3
:10563000134918680AF0F1FF2368124918680AF044
:10564000D2FF20B123680F4918680AF0E6FF2368EB
:105650000D4918680AF0C7FF78B123680A4918682D
:10566000BDE810400AF0D9BF0123206AE372FFF7BA
:10567000BFFE2046FFF77CFDCEE710BD0004001002
:1056800000010010000800100002001013B50446CD
:10569000FFF7B2FD0022032311460093012004F11D
:1056A000240324F0DDFC04F178012062012024F0C1
:1056B00021FE606702B010BD2DE9F041DDF81880D1
:1056C0001D4608F17043B3F5803F04460F46164669
:1056D00005D20A490A484FF4B97220F0D5FD0023DB
:1056E00023734FF6FF72E37102232771A671E281E3
:1056F0002560C4F810806371BDE8F0810DC1040815
:10570000ABD804082DE9F041DDF820801D4608F1F2
:105710007043B3F5803F04460F46164605D20B4949
:105720000B484FF4C37220F0AFFD9DF81830A37101
:10573000079B23600023E371022327712673E58111
:10574000C4F810806371BDE8F08100BF0DC104088A
:10575000ABD8040838B50D4604464FF0FF31406F12
:1057600024F05CFF2946231D05F1140251F8040BB7
:1057700043F8040B9142F9D1636903F17043B3F527
:10578000803F04D223492448C42220F07DFDA57A1D
:10579000012D10D1D4E90032C4F8D8206269C4F8D0
:1057A000D020186C04F1C8010AF0FCFC23682946DB
:1057B000186C0AF021FD2368002218684FF48061FC
:1057C0000AF008FF2368012218684FF400710AF0FC
:1057D00001FF23681B6840F201121A80206A4FF40F
:1057E0007A7124F01BFF01280BD1E57AB5FA85F513
:1057F0006D090023606F1A46194624F0B7FC28464D
:1058000038BD2046FFF7C0FC2046FFF7F5FC002519
:10581000EFE700BF0DC10408ABD804080148FFF74B
:10582000E9BE00BF440F00200148FFF718BE00BFCB
:10583000440F00200148FFF7F0BD00BF440F0020D7
:105840000148FFF7D7BE00BF481000200148FFF70E
:1058500006BE00BF481000200148FFF7DEBD00BFB4
:1058600048100020174B30B553F82030012B0C4660
:1058700008BF81F00104052893B0054611D108F056
:10588000AFF870B1002C14BF172318238DF8063021
:105890000DF1060000238DF8073008F0A7F813B0CB
:1058A00030BD094B53F82500084B33F8251024B1BF
:1058B00013B0BDE830400AF0A9BD13B0BDE83040D8
:1058C0000AF0A6BD68C2040880C2040850C20408D9
:1058D000052838B504460D4604D908490848E02291
:1058E00020F0D2FC074B1B782BB9062C03D8294695
:1058F0002046FFF7B7FF044B1D5538BDF8C104081B
:105900003FC20408544000204E4000202DE9F743D8
:10591000134D2C7804BB01210C200AF027FFDFF87F
:105920004C80104F40F20119264658F8043B57F8B6
:10593000040B00936946ADF804908DF806600AF0F8
:1059400017FDE0B200210134FFF7C2FF062CECD1B5
:10595000054B1E7001232B7003B0BDE8F08300BF20
:105960007027002080C204085440002050C2040860
:10597000012108B50846FFF7ABFF01210320FFF71F
:10598000A7FF00210220FFF7A3FF00210420FFF75B
:105990009FFFFA2025F010FD00210120FFF798FF5E
:1059A00000210320FFF794FF01210220FFF790FF61
:1059B00001210420FFF78CFFFA2025F0FDFC0021D7
:1059C0000120FFF785FF00210320FFF781FF002161
:1059D0000220FFF77DFF00210420FFF779FF01215E
:1059E0000020FFF775FF01210520FFF771FF014B34
:1059F000187808BD7027002070B5164D164B95F924
:105A000000101A78002913DA012A1CBF01221A702B
:105A1000002401262A7806FA04F31A4214BF012151
:105A20000021E0B20134FFF71DFF062CF2D170BD5A
:105A3000002AFCD00024094D1C7015F8011B003908
:105A400018BF0121E0B20134FFF742FF062CF4D168
:105A5000EDE700BF4D400020544000204E400020A4
:105A600008B500210120FFF733FF00210320FFF7D5
:105A70002FFF01210220FFF72BFF01210420FFF758
:105A800027FF0021BDE808400846FFF721BF0000BE
:105A900070B50A4E14461D4602460B46084831783A
:105AA000FFF7D5FA48B144B13DB1317804482B46EF
:105AB0002246BDE87040FFF764BA70BD3840002050
:105AC000440F0020094901230B700423D822000C45
:105AD0004B7000234A7188718B70CB700B71CB7146
:105AE0000B721A460920FFF7D3BF00BF55400020B4
:105AF000084910B4012200240346052048710A70A9
:105B00004A708C70CA700C715DF8044B0620FFF768
:105B1000BFBF00BF5540002013B50DF10700FFF7D0
:105B2000E7FF04469DF80730DB0702D4204602B0A9
:105B300010BD012025F040FC0DF10700FFF7D8FF54
:105B40002040C4B2EEE70000064901230B704B7001
:105B5000062000238B70CB700B7148711A46FFF73B
:105B600097BF00BF55400020044B1A7822B9044A61
:105B70002F21117001221A70012070477127002017
:105B800038400020B0F5003F2DE9F04705460E46AD
:105B9000904604D21A491B489C2220F075FBB6F5AA
:105BA000807F04D9164918489D2220F06DFB37B23A
:105BB000FFF7CAFF154C3B1D1BB26370C3F30723ED
:105BC000A3700223637101222B0C4FF00009227095
:105BD000A37132462B0A414604F10900E37184F8AF
:105BE000039084F804902572F1F7B4FF07F10900DF
:105BF0004B464A46214680B2BDE8F047FFF748BF12
:105C000098C20408E9C20408FFC2040855400020F5
:105C100007B500231A460DF1070101208DF8073062
:105C2000FFF736FF03B05DF804FB07B544F202222C
:105C30000346ADF806200DF1060101220220FFF710
:105C400027FF03B05DF804FB10B40C460B49134664
:105C500001220A7004224A7000228A70220A0A7104
:105C600003224A71020C8A71020ACA710872CC704E
:105C7000224609205DF8044BFFF70ABF554000207B
:105C800006490123AB220B704B7000234A718B70C5
:105C9000CB700B711A460620FFF7FABE5540002064
:105CA00010B5FFF751FF4FF40030FFF70BFF04462C
:105CB000FFF732FF2040C4B2FFF746FF4FF44030F9
:105CC000FFF700FF0440FFF727FF204010BD000052
:105CD00010B5074C23784BB9064B1860064B5D2274
:105CE00005201A7025F068FB01232370012010BDE8
:105CF00072270020E03F0020394000201FB50D4BE7
:105D00001B781BB9002005B05DF804FB0DF10F03F3
:105D100009490A4800930978006801230F22FFF718
:105D20003FF90028EED09DF80F00A0F1BD035842C6
:105D30005841E8E77227002039400020E03F00206A
:105D400000B52DED028BB4EEC01AF1EE10FA89B059
:105D5000B0EE408AF0EE608A024604D4B4EEE01A57
:105D6000F1EE10FA1DDD11EE100A0792F7F7C4FBF1
:105D7000CDE9040118EE900AF7F7BEFBCDE9020168
:105D800018EE100AF7F7B8FB079ACDE900010649AB
:105D9000064820F005FF002009B0BDEC028B5DF83D
:105DA00004FB0120F8E700BF1CC30408ED53020800
:105DB0007FB51C4A0346107860B31B4D1B4E286804
:105DC00031780DF10F043BB3C6238DF80F3020223C
:105DD00001230094FFF74AF90F2331788DF80F3033
:105DE0001022012328680094FFF740F9C32331787B
:105DF0008DF80F302E22012328680094FFF736F922
:105E00004023317828688DF80F3000940123212237
:105E1000FFF72CF904B070BD8DF80F30009401230A
:105E20002022F5E772270020E03F002039400020C3
:105E3000D0ED007AF5EEC07AF1EE10FA08B514DD77
:105E40009FED0B0ADFED0B0A80EE270AEEF7DAFD75
:105E5000F7EE007A30EE670ADFED077A9FED077AFA
:105E600060EE277A87EE870A08BD9FED050AFBE7FB
:105E7000CDEC7D4454D4423E33139543F4FDD43BE2
:105E8000000000002DE9F043DFF89890DFF89880DB
:105E900085B00DF10B0305460F46164699F8001024
:105EA0000093D8F800000323A822FFF779F80DF13A
:105EB0000E0399F80010009304460223D8F800005E
:105EC000AB22FFF76DF89DF80C309DF80D20DFED4B
:105ED000136A1B0243EA02439DF80B20134307EEAB
:105EE000903ABDF90E3007EE103AFAEECA7AB8EEE3
:105EF000C77AC5ED007AC7EE267A2040C4B228469C
:105F00009FED077A77EE877AC7ED007AFFF790FF6B
:105F1000204686ED000A05B0BDE8F0830000F0439E
:105F200000002A4239400020E03F00201FB5104BFE
:105F30001B781BB9002005B05DF804FB03AA02A979
:105F400001A8FFF79FFF0B489DED011ADFED0A0A3C
:105F50009FED0A0AFFF7F4FE0028EBD09DED021A30
:105F6000DFED070A0748BBEE040AFFF7E9FEE2E7A8
:105F700072270020E6A20408008089440000E14363
:105F80000000A04263C3040810B503282DED068B62
:105F90000446B0EE408AB0EE609A04D927492848FA
:105FA000962220F071F9274B1B6853F824301B7898
:105FB000DBBBF0EE007AB4EEE79AF1EE10FADFED1B
:105FC000227A37D49FED21AADFED216A88EE0A7A82
:105FD00027EE267ADFED1F6AB4EEE67AF1EE10FACC
:105FE00028D437EEC77AF0EE676AE7EE676ADFED2E
:105FF0001A9AC6EEA78AF0EE697A78EEE98AE8EE98
:10600000A87AF1EEE7AA38EEAA0AEEF7FFF9B0EEA9
:10601000408A38EEEA0AEEF7F9F938EE000A30EE77
:10602000690A80EE098A28EE0A8AB0EE480ABDECB9
:10603000068B10BDB0EE678AF7E700BF6FC3040898
:10604000B9C30408F84200200000000000FF7F47A9
:106050006666263E8FC2F53C0000C07F38B52B4CEB
:1060600023681A68D26B112555605A68D26B556047
:106070001B680122B3F84810986A0AF0E6FE23680C
:106080001B680122D86B10210AF0F8F823685B68BE
:106090000122D86B10210AF0F1F823681B68012156
:1060A000D86B0AF0A9F823689A68D26B55609B6890
:1060B0000122B3F84810986A0AF0C7FE23689B686B
:1060C0000122D86B10210AF0D9F823689B680121BE
:1060D000D86B0AF091F82368DA68D26B5560DB68F8
:1060E0000122B3F84810986A0AF0AFFE2368DB6813
:1060F0001021D86B01220AF0C1F82368DB68012166
:10610000D86BBDE838400AF077B800BFF8420020ED
:10611000F8B5464B1B7804460D46002B55D0032896
:1061200005D94349434840F2DF1220F0ADF8424B15
:106130001B78012B4AD1414B33F81450404B414F4F
:1061400023F814503B6853F824301A78012A4FEA98
:10615000840665D1032C05D93549364840F293129F
:1061600020F092F8B5F5BC6F4FEA551238BF002207
:10617000D30983EAD20383EA420303F00F0343EA1D
:106180004213314A442101FB0421002013F4004F43
:1061900000F1010014BFD12568255B00102841F8EB
:1061A000045B9BB2F2D1442303FB0422274D00235E
:1061B00013643B689B59D86B0AF02CF860BB24B978
:1061C00008F0A6F8224BC3E90001F8BD022B02D16A
:1061D0001A4B1D88B2E7032BB0D11E4D5CB904F0F9
:1061E000FFFFD5ED007A9FED1C7A30EE670AE0EEF6
:1061F000077AC5ED007A114BD5ED000A1B8800EE39
:10620000103A2046B8EE400AFFF7BEFEBCEEC00AC8
:1062100010EE103A9DB291E72B6801332B60C8E76E
:10622000DA6C986A290A9047C9E700BF73270020F3
:106230006FC30408B9C3040804430020FC420020D3
:1062400006430020F8420020DC410020D841002015
:10625000F04200206C1100200AD7233C70B50C4D91
:106260000024204655F8046B14F06CFD01340146FF
:106270003046FFF74DFF042CF3D1064B1B681B681B
:106280001B78012B03D1BDE87040FFF7E7BE70BD5E
:1062900000C40408F84200202DE9F047854F3E78FD
:1062A0008CB0002E40F00281834D844A2860036840
:1062B00083481978834B002918BF1A46824920F079
:1062C0006FFC2B681B6893F82230BBB101210420BE
:1062D0000AF04CFA02A80AF08DF84FF400440123AA
:1062E0007A48029402A9ADF80C308DF80E300AF00D
:1062F0003FF87648324621460AF08CF80024DFF851
:10630000D4814FF0010926462B681B59012158689A
:106310000AF02CFA2B681B59012198690AF026FA19
:106320002B681B590121586A0AF038FA2B681B594F
:106330001B8CB3B102A80AF05DF82B688DF80C90A5
:106340008DF80E601A59128C02921B5902A9D86955
:106350000AF00EF82B681B590122198CD8690AF033
:1063600059F802A80AF046F840F20233ADF80C30B2
:106370002B681A5912698DF80E201A5992890292C7
:106380001B5902A9986809F0F3FF2B681B591A7D65
:10639000D98998680AF043F82B681A59526B05920C
:1063A0001A59ADF81860128FADF81020ADF81260D0
:1063B0008DF81A601B5904A9986A0AF01DFB2B6816
:1063C000CDF81C8009961A59928DADF828204FF40B
:1063D0008072ADF82C201B5907A95A6D986A904716
:1063E0002B681B5908219A6D986A04349047102C29
:1063F0008AD1374CDFF8E08001214FF400100AF019
:10640000B5F94FF48063A3614FF4804323621123F5
:10641000C4E904364FF48053E3614023E3604FF452
:106420000033C4E90A366663A66366622663002603
:106430004FF00A0AB1462A6893595B6CC4E90138E7
:1064400093591B6C236093592146D86B09F0AAFE1F
:106450002B689B598DF805A093F84A308DF80430CD
:1064600001A8012304368DF806908DF807300AF054
:1064700005F9102E08F14408DDD100242B681B59C2
:106480000121986A04340AF000FB102CF6D1012493
:106490003C70FFF7E3FE2B681B6893F822302BB1AA
:1064A0000A4822464FF4004109F0B4FF0CB0BDE8A1
:1064B000F08700BF73270020F8420020CCC30408F7
:1064C000ED530208D4C30408DEC3040800080240E8
:1064D0006041002060000100DC41002038B5064D1D
:1064E00000242B681B590121986A04340AF081FCAE
:1064F000102CF6D138BD00BFF8420020032810B59B
:10650000044605D909490A4840F233221FF0BCFE6F
:10651000084B09491B6853F8242092890A6053F8F4
:106520002430BDE81040986809F022BF6FC304080A
:10653000B9C30408F84200204C110020032810B50C
:10654000044605D90B490C4840F23A221FF09CFE44
:106550000A4B0B491B6853F8242092890A6053F8B0
:10656000242012698A7153F82430BDE810409868DD
:1065700009F0FEBE6FC30408B9C30408F842002046
:1065800054110020032810B5044605D908490948CC
:1065900040F242221FF078FE074B1B6853F824306C
:1065A0000122BDE810409989986809F033BF00BF07
:1065B0006FC30408B9C30408F8420020032810B5CB
:1065C000044605D90A490B4840F229221FF05CFE17
:1065D000094B1B6853F824300021986A0AF009FC23
:1065E0002046FFF78BFF2046BDE81040FFF7CABFEB
:1065F0006FC30408B9C30408F8420020032810B58B
:10660000044605D9084909484FF412721FF03CFEB0
:10661000074B1B6853F824300022BDE810409989CD
:10662000986809F0F7BE00BF6FC30408B9C3040837
:10663000F8420020032810B5044605D90849094846
:1066400040F24E221FF020FE074B1B6853F8243007
:106650009989986809F0D4FE003818BF012010BD50
:106660006FC30408B9C30408F8420020032810B51A
:10667000044605D90449054840F25A221FF004FE99
:10668000034B33F8140010BD6FC30408B9C30408EA
:106690000643002003282DE9FF410446884617469B
:1066A0001E4605DD1A491B4840F263221FF0ECFD2F
:1066B000194D2B6853F824301B78DBB901A80AF078
:1066C000D9F9B8F1000F18D0144AB2FBF7F204233D
:1066D00092B2ADF8043002922B6853F8243001A92D
:1066E000986A0AF089F92B6853F824303146DA6C3D
:1066F000986A904704B0BDE8F0812B6853F82420D5
:10670000526B029253F824301B8FADF80430E3E74C
:106710006FC30408B9C30408F842002000590001FF
:106720002DE9F843134FDFF85480DFF8549000242C
:106730003B6853F824301E78AEB958F8245039F825
:10674000142040F2757301212846FFF7A3FF322081
:1067500024F032FE2846334632463146FFF79AFF90
:10676000962024F029FE0134042CE1D1024B187844
:10677000BDE8F883F84200207327002000C4040815
:1067800094C5040803280CD8084B1B6853F8203024
:106790001B78012B07D0064A0648002B08BF10467D
:1067A0007047044870470448704700BFF842002013
:1067B00080C504089CC504088AC5040808B50022E1
:1067C0004FF400614FF080400AF03FFB0548064956
:1067D00009F073FDBDE8084002480022102109F0CD
:1067E0004DBD00BF286002400088001008B500229F
:1067F0004FF400714FF080400AF027FB054806492E
:1068000009F05BFDBDE8084002480022102109F0B4
:1068100035BD00BF886002400088002010B500220E
:106820004FF480614FF080400AF00FFB0C4C0D4894
:106830000D4909F042FD0B480022102109F01EFD10
:1068400023685B680122B3F84810986A0AF0FDFAE1
:1068500023685B68BDE81040D86B012109F0CCBC0F
:10686000F8420020A06002400080202008B50022ED
:106870004FF480514FF080400AF0E7FA054806498E
:1068800009F01BFDBDE8084002480022102109F074
:10689000F5BC00BFB860024000800028054B1A78A4
:1068A00032B9054A1060054A6921117001221A7037
:1068B000704700BF75270020E83F00203B400020C4
:1068C00000B52DED028BB4EEC01AF1EE10FA89B0CE
:1068D000B0EE408AF0EE608A024604D4B4EEE01ACC
:1068E000F1EE10FA1DDD11EE100A0792F6F704FE24
:1068F000CDE9040118EE900AF6F7FEFDCDE902019C
:1069000018EE100AF6F7F8FD079ACDE900010649DE
:10691000064820F045F9002009B0BDEC028B5DF877
:1069200004FB0120F8E700BFA6C50408ED530208E8
:106930002DE9F04FAA4BAB4CAB4D18689B882178E2
:10694000A1B000260590ADF8183019220DF10F0303
:106950002868CDE90866CDE90A66CDE90C66CDE97F
:106960000E66CDE91066CDE91266FEF72CFB2178A4
:10697000286804AB1A22FEF726FB217828680DF15F
:1069800011031B22FEF71FFB217828680DF112036B
:106990001D22FEF718FB217828680DF113031C2235
:1069A000FEF711FB3346217828681922FEF771FBA8
:1069B0002178286802231A22FEF76BFB21782868C9
:1069C00001231B22FEF765FB2178286802231D2284
:1069D000FEF75FFB2178286801231C22FEF759FB94
:1069E0000DF11409C826CDF80090217828680623F7
:1069F0003B22FEF7D5FABDF81430CDF80090DABA94
:106A00000B9B2178286813440B93BDF81630DABA33
:106A10000C9B13440C93BDF81830DABA0D9B134449
:106A20000D9343220623FEF7BBFA9DF815309DF91E
:106A3000142043EA0222089B134408939DF9162070
:106A40009DF8173043EA0222099B134409939DF9EC
:106A500018209DF8193043EA02220A9B013E134494
:106A60000A93C0D10DF12C0A0DF120084246504680
:106A70000323C826013B016891FBF6F140F8041B93
:106A8000116891FBF6F142F8041BF3D121782868D4
:106A9000554FE0231C22FEF7FCFA21782868E023FA
:106AA0001B22FEF7F6FA192024F086FCC82621786E
:106AB0003868CDF8009006233B22FEF771FABDF846
:106AC000143021783868CDF80090DABA0E9B134460
:106AD0000E93BDF81630DABA0F9B13440F93BDF82E
:106AE0001830DABA109B1344109343220623FEF7A2
:106AF00057FABDF81430DABA119B13441193BDF85C
:106B00001630DABA129B13441293BDF81830DABA71
:106B1000139B013E13441393C9D10DF1380B0DF1B2
:106B200044094B4659460326C820013E0A6892FB99
:106B3000F0F241F8042B1A6892FBF0F243F8042BB0
:106B4000F3D12178286833461C22FEF7A2FA217877
:106B5000286833461B22FEF79CFA192024F02CFCEF
:106B6000217828680DF11A030D22FEF72CFA2178FE
:106B700028680DF11B030E22FEF725FA21782868FC
:106B800007AB0F22FEF71FFA217828680DF11D03CD
:106B90003246FEF718FA217828680DF11E0301220B
:106BA000FEF711FA21782868104D02220DF11F031B
:106BB000FEF709FA1AAA0DF11A01104611F8013B65
:106BC00013B1013B35F8133040F8043B0136062E73
:106BD000F4D1DFED076A14AD17A803210AE000BF66
:106BE0009C8D04083B400020E83F002016C60408A6
:106BF0000000C84252F8046B5AF804CB5BF8043B1F
:106C0000B444A3EB0C0307EE903A07EE106AF8EEDB
:106C1000E77AB8EEC77A67EEA67A58F8046B59F8A7
:106C2000043B87EE876A9B1B96689B1B013907EE26
:106C3000903A07EE106AF8EEE77AB8EEC77A67EE98
:106C4000A67AA5EC016A87EE876AA0EC016AD1D129
:106C50009DF80F30217838681922FEF71AFA9DF84E
:106C60001030217838681A22FEF713FA9DF8113097
:106C7000217838681B22FEF70CFA9DF81230217833
:106C800038681D22FEF705FA9DF813302178386820
:106C90001C22FEF7FEF922489DED171AF2EE0C0AAF
:106CA000BAEE0C0AFFF70CFE18B9002021B0BDE8BF
:106CB000F08F1C489DED181AF2EE0C0ABAEE0C0A81
:106CC000FFF7FEFD0028F0D017489DED191AF2EEEF
:106CD0000C0ABAEE0C0AFFF7F3FD0028E5D01348C2
:106CE0009DED141AF2EE0C0ABAEE0C0AFFF7E8FD5D
:106CF0000028DAD00E489DED151AF2EE0C0ABAEE15
:106D00000C0AFFF7DDFD0028CFD09DED161A0948CB
:106D1000F2EE0C0ABAEE0C0AFFF7D2FDC6E700BF8E
:106D2000EEC50408F5C50408FCC5040803C604083C
:106D300009C604080FC60408034903460348097836
:106D400000681922FEF7A5B93B400020E83F00206B
:106D500007B50323019006490648009309780068A7
:106D600002231A22FEF7C5F903B05DF804FB00BF49
:106D70003B400020E83F002007B502230190064970
:106D8000064800930978006804231B22FEF7B1F936
:106D900003B05DF804FB00BF3B400020E83F00204B
:106DA00007B5022301900649064800930978006858
:106DB00004231C22FEF79DF903B05DF804FB00BF1D
:106DC0003B400020E83F002007B502230190064920
:106DD000064800930978006800231D22FEF789F910
:106DE00003B05DF804FB00BF3B400020E83F0020FB
:106DF00007B5064900900648097800680623242252
:106E0000FEF753F903B05DF804FB00BF3B400020E0
:106E1000E83F002007B50649009006480978006859
:106E200004232422FEF741F903B05DF804FB00BF00
:106E30003B400020E83F002007B5042301900649AD
:106E4000064800930978006803232422FEF751F9CD
:106E500003B05DF804FB00BF3B400020E83F00208A
:106E600003280B460AD800EB400000F12502044934
:106E7000044809780068D2B2FEF70BB9704700BF2A
:106E80003B400020E83F002003280B460AD800EBD7
:106E9000400000F126020449044809780068D2B293
:106EA000FEF7F7B8704700BF3B400020E83F0020E6
:106EB000032807B50CD800EB4000009100F1270231
:106EC00005490648097800680723D2B2FEF7EDF8B5
:106ED00003B05DF804FB00BF3B400020E83F00200A
:106EE000032807B50ED800EB4000019100F12702FE
:106EF0000423064906480093097800680323D2B2A8
:106F0000FEF7F7F803B05DF804FB00BF3B4000203C
:106F1000E83F002007B50523019006490648009385
:106F20000978006804233422FEF7E3F803B05DF823
:106F300004FB00BF3B400020E83F002007B50649A6
:106F4000009006480978006807233722FEF7ADF85D
:106F500003B05DF804FB00BF3B400020E83F002089
:106F600007B50649009006480978006806233722CD
:106F7000FEF79BF803B05DF804FB00BF3B40002028
:106F8000E83F002007B506490090064809780068E8
:106F900005233722FEF789F803B05DF804FB00BF34
:106FA0003B400020E83F002007B506490090064816
:106FB0000978006804233722FEF777F803B05DF8FC
:106FC00004FB00BF3B400020E83F002007B5064916
:106FD000009006480978006801233722FEF765F81B
:106FE00003B05DF804FB00BF3B400020E83F0020F9
:106FF000034903460348097800683822FEF749B878
:107000003B400020E83F002007B5064900900648B5
:107010000978006800233822FEF747F803B05DF8CE
:1070200004FB00BF3B400020E83F00202DE9F34176
:10703000124C009480460F461148124900680978A6
:1070400016461D463B220E23FDF7AAFF2388089A09
:107050005BBAA8F8003063885BBA3B80A3885BBA50
:10706000338023895BBA2B8063895BBA1380A38941
:10707000099A5BBA138002B0BDE8F0810C40002091
:10708000E83F00203B40002007B50346009105483B
:107090000549006809786722FEF707F803B05DF834
:1070A00004FB00BFE83F00203B40002007B5064935
:1070B000009006480978006805236A22FDF7F5FF6D
:1070C00003B05DF804FB00BF3B400020E83F002018
:1070D00007B501230549064800930978006807238E
:1070E0006B22FDF7E2FF03B05DF804FB3B4000209C
:1070F000E83F002007B50649009006480978006877
:1071000006236B22FDF7D1FF03B05DF804FB00BF3F
:107110003B400020E83F002007B580F001000090D0
:10712000054906480978006803236B22FDF7BDFF77
:1071300003B05DF804FB00BF3B400020E83F0020A7
:1071400007B50323019006490648009309780068B3
:1071500002236B22FDF7CDFF03B05DF804FB00BFF7
:107160003B400020E83F002013B50623064C0749AA
:10717000074801940093097800687522FDF72BFFFA
:10718000207802B010BD00BF0C4000203B40002022
:10719000E83F002008B5FFF7E7FFA0F138035842A9
:1071A000584108BD4FF4407009F05EBA22F0A2BC0D
:1071B00001480AF023BE00BF0854001070471EF0BB
:1071C000040F0CBFEFF30880EFF3098000F002B862
:1071D000704700002DE9F04FD0E90273D0E9005666
:1071E00087B0D0E90489D0E906AB2E492E48059333
:1071F0001FF0D6FC2D492C482A461FF0D1FC2C4903
:10720000294832461FF0CCFC2A4927483A461FF04D
:10721000C7FC059B284924481A461FF0C1FC274992
:10722000214842461FF0BCFC25491F484A461FF032
:10723000B7FC4FF0E02423491B4852461FF0B0FC36
:10724000214919485A461FF0ABFCD4F8382D1F4984
:1072500015481FF0A5FCD4F8282D1D4912481FF031
:107260009FFCD4F82C2D1B490F481FF099FCD4F833
:10727000302D19490C481FF093FCD4F83C2D1749C8
:1072800009481FF08DFCFEF7E9FFFEF7E9FBCDE9A9
:1072900002ABCDE90089059B3A46314628461FF0EE
:1072A00025F8FEE716C80408117C01082CC804085C
:1072B00035C804083EC8040847C8040850C8040874
:1072C0005AC8040863C804086CC8040876C80408CF
:1072D00081C804088CC8040897C80408A2C8040818
:1072E00008B5FEF7BDFBFEF7B9FF02481FF01AF81C
:1072F000FEE700BFADC8040808B5FEF7AFFFFEF714
:10730000AFFB02481FF00EF8FEE700BFB7C8040845
:1073100008B5FEF7A3FFFEF7A3FB02481FF002F833
:10732000FEE700BFC0C804087047000070B5304ECB
:1073300034788AB0002C59D10121084609F016FA98
:107340000121082009F02AFA2A4B2B480422694619
:10735000CDE90023082509F00BF827480095694678
:1073600009F006F802221146234809F058F80222D3
:107370002148032109F053F8FF23204803930DEB24
:1073800005010294ADF810408DF8124009F034FB6D
:107390001B4B059302231948ADF8203005A94FF483
:1073A0008073ADF82430079409F0F4FB13482946A4
:1073B00009F07AFC1148ADF8204005A909F028FC35
:1073C0000E48294609F078FC0C48012109F011FD0E
:1073D0000A48214609F052FC0848214609F050FCB1
:1073E0000648012109F051FB012333700AB070BD3A
:1073F000772700200200000200000240000C00403D
:107400006000010007B501460548019109F036FC0E
:107410000199034803B05DF804EB09F031BC00BFEB
:10742000000C00400349B1FBF0F10022024889B290
:1074300009F028BB1C070500000C004013B50446EA
:1074400061F07F0128208DF806208DF80710F7F7EE
:1074500025F900212046F6F7CDFF32201FF0A3FCCE
:107460000DF1070211460120F7F7A4F832201FF0B2
:107470009AFC0DF1060211460120F7F79BF8322025
:107480001FF091FC01212046F6F7B4FFF7F716F93B
:10749000C8201FF088FC02B010BD30B585B004468E
:1074A000002501F07F0128208DF807108DF80E507F
:1074B0008DF80F50F7F7F2F829462046F6F79AFFB5
:1074C00032201FF070FC0DF1070211460120F7F782
:1074D00071F84FF4FA701FF066FC0DF10E020DF119
:1074E0000F010120F7F766F832201FF05CFC012144
:1074F0002046F6F77FFFF7F7E1F8C8201FF053FCAE
:107500009DF80E0005B030BD2DE9F041DFF8D083C5
:1075100098F800500446002D40F0DA810121F6F77A
:107520003DFF01212046F6F765FFF6F7A7FF28206B
:1075300023F042FF01212046F6F75CFF022023F0F2
:107540003BFF29462046F6F755FF022023F034FF83
:1075500001212046F6F74EFF022023F02DFF294699
:107560002046FFF79AFF5F2106462046FFF795FF6A
:10757000D949034607463246D8481FF011FB492E29
:1075800040F0A481B62F40F0A1815A223A21204632
:10759000FFF754FF052023F00FFF02212046FFF7DD
:1075A0007CFF03212046FFF778FF04212046FFF7E8
:1075B00074FF05212046FFF770FF06212046FFF7E4
:1075C0006CFF012023F0F8FE2A467F212046FFF7BA
:1075D00035FFAD2261212046FFF730FF03227F21D6
:1075E0002046FFF72BFF2A4640212046FFF726FFC3
:1075F00005227F212046FFF721FFB32241212046AB
:10760000FFF71CFFF12243212046FFF717FF14224A
:1076100045212046FFF712FF32225B212046FFF76B
:107620000DFF34225F212046FFF708FF08227B214F
:107630002046FFF703FF06227F212046FFF7FEFECC
:107640001B2244212046FFF7F9FEBF22402120469D
:10765000FFF7F4FE3F224E212046FFF7EFFE0822FF
:107660007F212046FFF7EAFE202265212046FFF712
:10767000E5FE18226A212046FFF7E0FE09227F215D
:107680002046FFF7DBFEAF224F212046FFF7D6FE54
:1076900040225F212046FFF7D1FE8022482120466C
:1076A000FFF7CCFE802231462046FFF7C7FE772247
:1076B00057212046FFF7C2FE782260212046FFF7BF
:1076C000BDFE782261212046FFF7B8FE0822622124
:1076D0002046FFF7B3FE502263212046FFF7AEFE9F
:1076E0000A227F212046FFF7A9FE6022452120467D
:1076F000FFF7A4FE2A467F212046FFF79FFE1122B6
:107700004D212046FFF79AFE802255212046FFF7A3
:1077100095FE1F2274212046FFF790FE1F2275213F
:107720002046FFF78BFE78224A212046FFF786FE8F
:1077300078224B212046FFF781FE08224421204673
:10774000FFF77CFE502245212046FFF777FEFF22FF
:1077500064212046FFF772FE1F2265212046FFF7B5
:107760006DFE14227F212046FFF768FE6722652107
:107770002046FFF763FE082266212046FFF75EFEE3
:10778000702263212046FFF759FE15227F212046F3
:10779000FFF754FE482211462046FFF74FFE07220E
:1077A0007F212046FFF74AFE0D2241212046FFF7A8
:1077B00045FE142243212046FFF740FE0E224B21B6
:1077C0002046FFF73BFE0F2245212046FFF736FEFD
:1077D000422244212046FFF731FE80224C212046E0
:1077E000FFF72CFE10227F212046FFF727FE022202
:1077F0005B212046FFF722FE07227F212046FFF76C
:107800001DFE412240212046FFF718FE2A46702126
:107810002046FFF713FE0A2023F0CEFD442232213A
:107820002046FFF70BFE07227F212046FFF706FECA
:10783000402211462046FFF701FE06227F21204606
:10784000FFF7FCFDF02262212046FFF7F7FD2A46F4
:1078500063212046FFF7F2FD0D227F212046FFF72E
:10786000EDFDC02248212046FFF7E8FDD5226F211B
:107870002046FFF7E3FD2A467F212046FFF7DEFD85
:10788000A0225B212046FFF7D9FDA8224E212046E9
:10789000FFF7D4FD50225A212046FFF7CFFD80226A
:1078A00040212046FFF7CAFD2A467F212046FFF7E8
:1078B000C5FD10225A212046FFF7C0FD2A4654215B
:1078C0002046FFF7BBFD012388F8003098F80050F0
:1078D0002846BDE8F08100BFCBC80408ED5302087C
:1078E0007827002037B51623054628208DF8073065
:1078F0000C46F6F7D3FE00212846F6F77BFD322032
:107900001FF051FA0DF1070211460120F6F752FE61
:1079100032201FF048FA224621460C20F6F74AFE94
:1079200032201FF040FA01212846F6F763FDF6F7F2
:10793000C5FE32201FF037FA63895BBA638103B05A
:1079400030BD0000F0B50C468BB006460121042086
:1079500008F00CFF01214FF4802008F01FFF4FF4C6
:107960000063049302235C488DF8143004A90123BA
:1079700000258DF817304FF4806708F0F9FC4FF4BC
:1079800081735548ADF8143004A904978DF816504A
:1079900008F0EEFC504807220A2108F040FD4E484E
:1079A00007220B2108F03BFD0C23ADF82230631EAB
:1079B000012B8CBF2B464FF48053012C0696ADF85B
:1079C0001C30ADF81E507DD1ADF820700024032589
:1079D0004248ADF8244006A909F03AFA404B009518
:1079E00022462146012022F03BFB3E4B22461860F6
:1079F00021463D4B0095012022F032FB3B4B2246B5
:107A000018602146234622F0B1FB01214FF40010FB
:107A100008F0ACFE364B374A5A60374A9A604FF44A
:107A200080629A614022DA604FF000621A6001259C
:107A3000C3E90444C3E90944C3E90B445C631C6221
:107A4000DC619C630A260E2303A88DF80C308DF8A8
:107A50000D608DF80E408DF80F5008F00FFE274B8B
:107A60008DF80D601D7003A827238DF80C308DF85C
:107A70000E408DF80F5008F001FE214B214A009472
:107A800029464FF4007022F0EBFA1F4B186020B922
:107A90001E491F48B8221EF0F7FB01220F4840F292
:107AA000255109F048FA0D48012109F027FA0B4841
:107AB000012240F2255109F03EFA164B01221A70BC
:107AC0000BB0F0BD022C06BF4FF4C063ADF8203000
:107AD000ADF820507AE700BF00080240004800409F
:107AE000B4460020AC460020BC450020B445002030
:107AF0009C41002004480040184300205A430020C5
:107B000064430020B443002060430020EBC8040815
:107B100034C904087A2700200021FFF713BF0000B2
:107B200010B5064B04460A460146186822F0D6FCFA
:107B300001281EBF00232370184610BD604300209B
:107B40004FF47A71FFF7ECBF074B1B781BB1074B63
:107B50000844814200D170471A881206FCD511F8FA
:107B6000012B9A80F5E700BF7A27002000480040EB
:107B70002DE9F0411F4B1B7805460E46002B37D0F0
:107B80001D4FDFF8808038684FF0FF3122F046FD4E
:107B9000404608F03FFB04460028F9D12A4631460A
:107BA0001648EFF7D7FF164916480D6108F0FAFAA4
:107BB00014480122102108F061FB012212488021A3
:107BC00009F0B0F91048402109F0CDF90D48012124
:107BD00008F012FB0D4B4FF0FF31186822F01EFD2C
:107BE0003868234622462146BDE8F04122F0BEBA5D
:107BF000BDE8F0815A430020B4450020184300201E
:107C00009C4100205860024000480040AC460020E3
:107C100007B5019001A90120FFF796FF9DF8040028
:107C200003B05DF804FB0000034B01464FF0FF3248
:107C3000186822F053BC00BF60430020014B186855
:107C400022F0A2BE604300204FF400707047000095
:107C5000014B1868704700BF5C43002013B5002437
:107C6000224613480194102108F008FB10484FF0F9
:107C7000C05108F022FB22460E48802109F052F93B
:107C80000B48214608F0B8FA0B4B01A9186822F0FE
:107C9000C7FB019B4BB14FF0E0234FF08052C3F87C
:107CA000042DBFF34F8FBFF36F8F02B010BD00BF25
:107CB0005860024000480040AC46002037B5194CDF
:107CC00040F22551204609F052F910B30025204614
:107CD000019509F023F98DF8030013482B4601AAFA
:107CE00000680DF1030122F02DFB01281FBF0F4A90
:107CF000136801331360019B4BB14FF0E0234FF049
:107D00008052C3F8042DBFF34F8FBFF36F8F03B0C2
:107D100030BD23889BB2A3889BB2054B01221A7009
:107D2000F5E700BF00480040604300205C430020AE
:107D30005843002073B52B48048803889906A4B2E1
:107D400019D50023019309F0E9F88DF803002648BE
:107D500001AB006801220DF1030124F0B3FB019B8C
:107D60004BB14FF0E0234FF08052C3F8042DBFF326
:107D70004F8FBFF36F8F1B4803881A0626D51B4D04
:107D8000296819B31A4E3268531C8A5C33608280AA
:107D9000184A1268934219D1002240F2277109F063
:107DA000CAF800232B600193134B01AA1868012124
:107DB00021F07CFD019B4BB14FF0E0234FF080524E
:107DC000C3F8042DBFF34F8FBFF36F8F230707D086
:107DD000044B1A8892B29A8892B2084B01221A7008
:107DE00002B070BD00440040A8470020AC4700200E
:107DF000B0470020B4470020A4470020594300208A
:107E000013B501214FF4800008F0B0FC154B164A61
:107E10005A60164A9A6040214FF480629A61D96094
:107E200000224FF40031C3E90A124FF02061C3E988
:107E300004225A631A62DA619A635A621A631960F9
:107E400046238DF804300124052301A88DF8053060
:107E50008DF806208DF8074008F010FC044B1C70CC
:107E600002B010BDB84700200414014008480020AB
:107E70005B43002070B58CB00324002200941146AF
:107E80004A4B4B4E012022F0EBF84A4B002218607F
:107E900011460094484B012022F0E2F8474B18604D
:107EA00000231A46194622F061F9454B002503F1DB
:107EB000500200954221082022F0D2F8414B0121C6
:107EC0001860042008F052FC0121202008F072FC08
:107ED00080230124049304A902233B488DF8143025
:107EE0008DF8174008F044FA4023049304A94FF496
:107EF00081733548ADF814308DF8165008F038FA13
:107F000031480822062108F08AFA08222E48072163
:107F100008F085FA2D4BADF82C5008A9CDE90835AD
:107F200030464FF440230A9308F092FFFFF768FFB2
:107F300047238DF80C3003A805238DF80D308DF8FC
:107F40000E508DF80F4008F099FB2246304640F263
:107F5000255108F0F0FF2146204608F007FCADF857
:107F600014508DF8165010250DEB05011848049596
:107F70008DF8174008F0FCF94FF4805306A8ADF8CF
:107F80001C3006958DF81E4008F09AF9284608F036
:107F9000E9F9104B4FF480621A602146304608F030
:107FA000ADFF0D4B1C700CB070BD00BF54470020DE
:107FB00000140140B04600205C460020B845002077
:107FC000D41D0010A04800200008024040420F00CD
:107FD0000000024000E100E07C270020044B8022EA
:107FE000C3F88820BFF34F8FBFF36F8F704700BF78
:107FF00000E100E0034B00221A70034B80229A60DC
:10800000704700BF5A48002000E100E0014B012208
:108010001A707047A4480020034B01464FF0FF320E
:10802000186822F05BBA00BFA04800202DE9F0419B
:10803000264B1B7804460E461BB1254A13680133B4
:108040001360244B1B78002B3DD0234FDFF8988022
:1080500038684FF0FF3122F0E1FA404608F0DAF8D4
:1080600005460028F9D1224631461C48EFF772FD3B
:108070001B4B1C491C481C800C6108F093F81A48E3
:108080000122102108F0FAF821F0C4FC012217485F
:10809000802108F047FF21F0DFFC1448402108F060
:1080A00062FF1148012108F0A7F8114B4FF0FF3192
:1080B000186822F0B3FA38682B462A462946BDE8EC
:1080C000F04122F053B8BDE8F08100BFFA4700202C
:1080D000044800205B430020B845002008480020E9
:1080E00050480020B8470020B86402400014014006
:1080F000B046002037B50023644C019323889806CE
:1081000040F19B80A388624C2278DBB2062A00F201
:108110009180DFE802F0040B10172F485C00A3F1F8
:10812000BC014B424B41237003B030BDCF2B0CBF81
:1081300002230023F7E7574A13705370564A13700F
:108140000323F0E7402B13D8534A5370514A117858
:108150001944C9B21170117850780144C9B25170F4
:1081600000214E4A8B42117014BF04230523DAE725
:108170000023D8E74948484D02782A449370454A7D
:1081800011780B44DBB21370137851780B44DBB2D7
:10819000537003780133DBB203706A7803789A4234
:1081A000C2D10523BFE73B4A1278934201D106238F
:1081B000B9E7002323703A4BD3F8F030DA07B3D491
:1081C00040F21322374938481EF05EF813E0314A76
:1081D0005278934229D1354D286822F0EBFBC0B983
:1081E000334B1B782BB103462B49286801AA22F098
:1081F000A9F800232370019B002B95D04FF0E023BA
:108200004FF08052C3F8042DBFF34F8FBFF36F8F31
:108210008AE7234BD3F8F030DB07EAD440F225227B
:10822000204921481EF030F8E3E70023237040F294
:108230002B22F5E74FF40C72C4E740F22771204679
:1082400008F095FE01281CD11A4B1A686AB11A4D24
:108250001A492B780978994207D9D15C204608F051
:1082600059FE2B7801332B70C5E70848002240F2F5
:10827000277108F060FE124B01A9186822F0D0F8AF
:10828000B9E723889BB2A3889BB2B4E700140140EE
:108290005A480020F44700205B480020F6470020A1
:1082A00000ED00E047C9040831110508A04800208E
:1082B000A448002054480020F7470020F847002039
:1082C000B046002070B5102008F044F82C4810216A
:1082D00008F096F801282B4B2AD12B4A1870136806
:1082E0002A480133136007F095FF01281FD1274862
:1082F000264C0022102107F0C1FF2448002107F07E
:108300007BFF204607F086FF0028FAD11F484FF078
:10831000205107F0D2FF1D4807F079FF1C4B188051
:108320001C4B01221A701C4A13680133136070BD84
:108330001A4A184C00251D70136801331360237806
:10834000002BF4D0124E1148318807F05EFF144B19
:1083500032881B880D489A1A124B1344124A102176
:10836000C2F8C430012207F089FF1048402108F00C
:10837000FAFD0648012107F03FFF0D4A2570D3E7BB
:1083800000000240FA470020FC470020B864024089
:1083900058480020F94700204848002000480020A5
:1083A00050480020084800200064024000140140AA
:1083B0004C480020FFF79EBE37B50F4D00242246E3
:1083C00028461021019407F059FF28464FF020510C
:1083D00007F073FF22460948802108F0A3FD2146DB
:1083E000284607F009FF064B1C80064B01A91868B8
:1083F00022F016F803B030BDB8640240001401400A
:1084000058480020B046002010B5104B104C1A6898
:10841000104920461EF0C4FB0F4B10491A68204635
:108420001EF0BEFB0E4B0F491A6820461EF0B8FB2B
:108430000D4B0E491A6820461EF0B2FB0C4B0D493D
:108440001A682046BDE810401EF0AABBFC47002079
:10845000ED53020897C9040848480020B9C9040828
:1084600000480020E3C904084C48002006CA04085C
:108470000448002031CA0408084B4FF47A7259436B
:1084800001F5FA714FF4FA63B1FBF3F3B1FBF2F1CA
:1084900002FB0030B0FBF1F0704700BF002F3A0044
:1084A0001FB50023ADF80E300DF10E0300930A4600
:1084B000022301784068FCF773FDBDF80E0040BA56
:1084C00080B205B05DF804FB13B500230C468DF8AF
:1084D0000730017840680DF107030122FCF773FDB6
:1084E0009DF80730C3F300122270C3F3C002A270DC
:1084F000C3F380026270C3F38012DB09E270237160
:1085000002B010BD1FB5130A8DF80E300DF10E0329
:1085100000938DF80F2002230A4601784068FCF78B
:10852000A5FD05B05DF804FB37B541F00103044635
:10853000017840680022FCF7ACFD22F0D9FD002351
:10854000A0818DF807309DF807306068217813F01E
:1085500007050CD001230B22FCF79BFD002321789B
:1085600060681A46FCF795FD012003B030BD0DF19F
:1085700007031322FCF727FD2389002BE3D022F009
:10858000B7FDA389228980B2C31A9342DBDD284656
:10859000EBE750B10138002330F0FF019AB203F14C
:1085A000010303D140EA022080B270474008F3E79C
:1085B000C021FFF775BF07B5002301788DF807309C
:1085C000C2220DF107034068FCF7FDFC9DF807008F
:1085D00003B05DF804FB38B50546FFF7E9FF044634
:1085E0002846FFF7E8FF4EF6AA639C4208BF102812
:1085F0000CBF0120002038BD38B504460D460B469F
:108600008A2201784068FCF744FD257038BD0000DF
:10861000B5EEC00AF1EE10FA12D4DFED0A7AB4EE2C
:10862000E70AF1EE10FA0BDCDFED077A20EE270AFD
:108630004421BCEEC00A10EE103A9AB2FFF762BFB6
:1086400000207047B8FEFF430000004307B581B922
:108650008DF807100DF10703502201784068FCF7F0
:10866000B2FC9DF8070001304000C0B203B05DF8D5
:1086700004FB012906D100238DF8073070220DF18B
:108680000703EAE7FF20F1E72DE9F3471446064622
:1086900000250F460DF10703017840688DF807505B
:1086A0005022FCF790FC9DF807308DF807500133FD
:1086B0005B00DBB2238031787068DFF8C4800DF195
:1086C00007034622FCF77FFC9DF807305A1C2378ED
:1086D000A28008FB03F34FF47A7903F5FA734FF4A1
:1086E000FA6AB3FBF9F13046B3FBFAF302FB01334C
:1086F0005121B3FBF9F3E360FFF7D2FEC3B2C0F33D
:108700000F22257803FA02F2013293B208FB05F535
:10871000E38005F5FA723046B2FBF9F1B2FBFAF2EA
:1087200003FB01220121B2FBF9F22261FFF78EFF68
:10873000712160803046FFF7B3FEC3B2C0F30F2053
:10874000834001339BB22381FA7812B1E2889B1AED
:108750002381A37820894FF47A7208FB03F34FF446
:10876000FA6503F5FA73B3FBF2F1B3FBF5F300FB23
:108770000133B3FBF2F3636102B0BDE8F08700BFE1
:10878000002F3A00F0B544F61F63994289B00546C0
:108790000C4657D90DF10301FFF796FE02AA0DF121
:1087A00003012846FFF770FF9DF80330002B3BD0F4
:1087B000059B03F636339DF80520C2B3059A02F2F5
:1087C000B22203EB42039DF806701FB1069A02F530
:1087D000257213449DF8076096B303F226239C424A
:1087E00030D39DF80A10E01AFFF746FE80B21FB1A1
:1087F000BDF80E30034498B2FFF7CBFE712102465C
:108800002846FFF77FFE07EE904ADFED0F6A2C61E6
:10881000F8EE677A87EEA67ABCEEC77A17EE103AC2
:10882000AB82304609B0F0BD40F6E803C3E79DF8DF
:108830000420002AC7D0059A02F525721344C2E726
:108840000126EEE70026ECE700007A4410B588B078
:1088500004460DF10301FFF737FE02AA0DF10301F3
:108860002046FFF711FF9DF8033043B3059800F64B
:1088700084509DF805302BB3059B03F2B22300EB27
:1088800043009DF806301BB1069B03F52573184481
:108890009DF807301BB1079B03F22623184407EE0F
:1088A000900AF8EE676A9FED0C7A2061C6EE877A2F
:1088B000FCEEE77A17EE903AA38208B010BD40F6BE
:1088C0003630D6E79DF80430002BDAD0059B03F54F
:1088D00025731844D5E700BF00007A442DE9FF4115
:1088E000044639B1012300930178406800238922AE
:1088F000FCF7DBFB2178606800238822FCF7C9FBCA
:108900000546002800F04C8321786068012380220E
:10891000FCF7BFFB217860680123FF22FCF7B9FB5D
:1089200000231A4621786068FCF7B3FB23469122A6
:1089300013F80E1B6068FCF746FB21786068012382
:108940000022FCF7A6FB217860680023FF22FCF7D9
:10895000A0FB2178606800238022FCF79AFB217835
:10896000606802AB6022FCF72EFB9DF8083021788E
:10897000606843F012036022FCF78BFBB5EE000A3F
:108980002046FFF745FE21786068FF230122FCF7AF
:1089900080FB2178606801238022FCF77AFB217834
:1089A00060680123FF22FCF774FB00231A4621783C
:1089B0006068FCF76EFB0125217860680623FF22C2
:1089C000FCF767FB21786068009502238322FCF79F
:1089D0006CFB217860680723FF22FCF75AFB2178A3
:1089E00060682B468122FCF754FB217860682B4697
:1089F0008022FCF74EFB217860686B239422FCF701
:108A000048FB0023217860688322FCF742FB22F0B8
:108A10006FFB0023A0818DF80A300DF10A069DF846
:108A20000A5060682178002D00F0A982012383227A
:108A3000FCF72FFB217860680DF109039222FCF707
:108A4000C2FA217860689DF8098000238122002500
:108A5000FCF71FFB217860680623FF22FCF719FB57
:108A600021786068009502238322FCF71EFB2178A1
:108A700060680123FF22FCF70CFB2178606801236A
:108A80002A46FCF706FB217860682B46FF22FCF79C
:108A900000FB217860682B468022FCF7FAFA2178E7
:108AA000606800960623B022FCF77AFA21786068A5
:108AB0000123FF22FCF7EDFA217860682B464F2254
:108AC000FCF7E7FA217860682C234E22FCF7E1FAE4
:108AD000217860682B46FF22FCF7DBFA4FEAD817B3
:108AE00021786068B622B423FCF7D3FAAF4218BFEE
:108AF0000C2708F07F012A464FF0010EC5F3C40C85
:108B00000CF110035FFA85F80DEB030C47451CF8D8
:108B1000063C05F0070002D8914240F045820EFA6B
:108B200000F023EA00030CF8063C0135302DE5D1B6
:108B3000217800960623B0226068FCF797FA217826
:108B400060680123FF22FCF7A4FA00231A4621786B
:108B50006068FCF79EFA217860680023FF22FCF72A
:108B600098FA2178606800230922FCF792FA2178AC
:108B7000606800231022FCF78CFA217860680023DB
:108B80001122FCF786FA2178606801232422FCF781
:108B900080FA21786068FF232522FCF77AFA217891
:108BA000606800237522FCF774FA2178606801235D
:108BB000FF22FCF76EFA217860682C234E22FCF726
:108BC00068FA2178606800234822FCF762FA2A4696
:108BD000217860682023FCF75CFA21786068002324
:108BE000FF22FCF756FA2A46217860680923FCF731
:108BF00050FA2178606800235422FCF74AFA217861
:108C0000606804233122FCF744FA2178606803236A
:108C10003222FCF73EFA2178606883234022FCF779
:108C200038FA2178606825234622FCF732FA217849
:108C3000606800236022FCF72CFA2178606800232A
:108C40002722FCF726FA2178606806235022FCF7D9
:108C500020FA2178606800235122FCF71AFA217863
:108C6000606896235222FCF714FA21786068082382
:108C70005622FCF70EFA2B46217860685722FCF743
:108C800008FA2178606800236122FCF702FA217853
:108C9000606800236222FCF7FCF9217860680023F9
:108CA0006422FCF7F6F92178606800236522FCF75E
:108CB000F0F921786068A0236622FCF7EAF92178B0
:108CC00060680123FF22FCF7E4F921786068322311
:108CD0002222FCF7DEF92178606814234722FCF792
:108CE000D8F921786068FF234922FCF7D2F921786E
:108CF000606800234A22FCF7CCF9217860680023E1
:108D0000FF22FCF7C6F9217860680A237A22FCF773
:108D1000C0F92178606800237B22FCF7BAF921783A
:108D2000606821237822FCF7B4F921786068012378
:108D3000FF22FCF7AEF92178606834232322FCF788
:108D4000A8F92178606800234222FCF7A2F9217873
:108D50006068FF234422FCF79CF921786068262391
:108D60004522FCF796F92178606805234622FCF736
:108D700090F940231A4621786068FCF78AF9217837
:108D8000606806230E22FCF784F9217860681A23B4
:108D90002022FCF77EF92178606840234322FCF70B
:108DA00078F9217860680023FF22FCF772F92178B6
:108DB000606803233422FCF76CF92178606844234F
:108DC0003522FCF766F9217860680123FF22FCF761
:108DD00060F92178606804233122FCF75AF9217880
:108DE000606809234B22FCF754F921786068052359
:108DF0004C22FCF74EF92178606804234D22FCF7E1
:108E000048F9217860680023FF22FCF742F92178B5
:108E1000606800234422FCF73CF921786068202335
:108E20004522FCF736F92178606808234722FCF7D1
:108E300030F92178606828234822FCF72AF9217844
:108E4000606800236722FCF724F921786068042316
:108E50007022FCF71EF92178606801237122FCF76B
:108E600018F921786068FE237222FCF712F9217844
:108E7000606800237622FCF70CF9217860680023F3
:108E80007722FCF706F9217860680123FF22FCF7BE
:108E900000F92178606801230D22FCF7FAF82178A7
:108EA00060680023FF22FCF7F4F821786068012352
:108EB0008022FCF7EEF821786068F8230122FCF7A5
:108EC000E8F8217860680123FF22FCF7E2F82178B6
:108ED000606801238E22FCF7DCF8217860680123AA
:108EE0000022FCF7D6F8217860680023FF22FCF707
:108EF000D0F82178606800238022FCF7CAF80026A9
:108F00002178606804230A22FCF7C3F8217860689E
:108F1000009604238422FCF7C8F8217860680123B6
:108F20000B22FCF7B6F82046FFF790FC07EE900AFC
:108F3000DFED2B6A21782061F8EE677A012287EE57
:108F4000A67A6068BCEEC77A17EE103AA382E823CF
:108F5000FCF79FF821692046FFF714FC01232178D4
:108F600060681A46FCF795F840212046FFF7DCFAC6
:108F70000546F8B91B491C481DF012FE10E03346A7
:108F80008322FCF720F82389002B3FF448AD22F020
:108F9000AFF8A38980B2C01A238998427FF73FAD0A
:108FA000284604B0BDE8F0810341DB0744BF01322D
:108FB000D2B2BAE52178606802230122FCF769F891
:108FC00031462046FFF7B0FA054608B90749D2E70F
:108FD00021786068E8230122FCF75BF8E0E700BF36
:108FE00000007A445CCA0408ED53020879CA0408F8
:108FF00038B5292303700023416003818372838184
:1090000083730361838211460446FFF767FC78B1DE
:1090100020F000FD074B1D686A1C1A6020F01CFD43
:109020006F2D05DCE9B22046BDE83840FFF7E4BA11
:10903000002038BD74110020F0B589B056080446F0
:109040000F460DF103011546013EFFF73DFA02AA56
:109050000DF103012046F6B2FFF716FB002F67D192
:10906000A5F10C03062B00F2FD80DFE813F00700EA
:10907000FB005B00FB005D00FB005F001823217814
:1090800060685722FCF705F82178606808235622AB
:10909000FBF7FFFF3346502221786068FBF7F9FFAA
:1090A00029460698FFF7E8F980B2FFF772FA5121D6
:1090B00002462046FFF726FA29460598FFF7DCF915
:1090C00003469AB2B2F5807F98BF03F1FF33606820
:1090D000217894BFDBB2FF234622FBF7DAFF216938
:1090E0002046FFF74FFB0025217860688DF802507D
:1090F0000DF102030122FBF766FF02230122217812
:109100006068FBF7C6FF29462046FFF70DFA9DF879
:1091100002302178054601226068FBF7BAFF284635
:1091200009B0F0BD3023AAE74023A8E75023A6E703
:10913000012F40F09780A5F10803062B00F29280E2
:10914000DFE803F00490489068907C002178606824
:1091500010234822FBF79DFF2178606808234722EF
:10916000FBF797FF2178606802233222FBF791FF1B
:10917000217860680C233022FBF78BFF01232178D4
:109180006068FF22FBF785FF30232178606830227A
:10919000FBF77FFF217860680023FF22FBF779FF50
:1091A0003346217860687022FBF773FF07982946E1
:1091B000FFF762F99DF8063080B21BB1BDF80E30A2
:1091C000184480B2FFF7E5F9712102462046FFF707
:1091D00099F984E72178606828234822FBF759FF32
:1091E0002178606808234722FBF753FF0323217887
:1091F00060683222FBF74DFF092321786068302236
:10920000FBF747FF012321786068FF22FBF741FF4E
:109210002023BAE72178606838234822FBF739FF1A
:109220002178606808234722FBF733FF0323217866
:1092300060683222FBF72DFF0823DEE748231A4639
:1092400021786068FBF725FF2178606808234722B2
:10925000FBF71FFF0323217860683222FBF719FF19
:109260000723CAE700255AE730B5044685B00D4606
:109270000123017840688022FBF70BFF21786068AA
:109280000123FF22FBF705FF00231A4621786068BF
:10929000FBF7FFFEA37B217860689122FBF7F9FEC4
:1092A0002178606801230022FBF7F3FE21786068D3
:1092B0000023FF22FBF7EDFE217860680023802267
:1092C000FBF7E7FE0DB3F8212046FFF7E9F800B100
:1092D00045432B0E8DF80C302B0C8DF80D302B0ADE
:1092E0008DF80E3003AB009304231A462178606892
:1092F0008DF80F50FBF7BAFE042321786068002236
:1093000005B0BDE83040FBF7C4BE0223F5E737B532
:10931000044621F0EDFE0023A0818DF807309DF872
:1093200007305B070BD01E212046FFF7B9F82178E4
:109330000546012360680B22FBF7ABFE1CE00DF134
:109340000703132221786068FBF73DFE9DF8073084
:109350005A0702D1012022F02FF82389002BDED0FA
:1093600021F0C6FEA38980B2C01A23899842D6DDB7
:109370000123A3724FF6FF75284603B030BD38B500
:1093800004460D4609F0CAFD84F8985338BD000024
:1093900038B5292380F89833C0F89C13044620F090
:1093A00039FB0D4B1D686A1C1A6020F055FB6F2DB0
:1093B0000EDCE9B22046FFF7E2FF204609F0D0FEBE
:1093C00010B9204609F087FEB0FA80F0400938BD98
:1093D0006FF00200F8E700BF7811002007B5009297
:1093E0009BB20A4690F89813D0F89C03FBF7ADFEA9
:1093F00000280CBF6FF00C00002003B05DF804FBE8
:1094000007B500929BB20A4690F89813D0F89C03D7
:10941000FBF70AFE00280CBF6FF00C00002003B021
:109420005DF804FB1FB50DF10F0300938DF80F20BD
:1094300001230A4690F89813D0F89C03FBF785FEA9
:1094400000280CBF6FF00C00002005B05DF804FB95
:1094500037B50A4D0095144601230A4690F8981333
:10946000D0F89C03FBF7E0FD2B78237000280CBF9D
:109470006FF00C00002003B030BD00BFA8480020F2
:1094800037B50A4D0095144602230A4690F8981302
:10949000D0F89C03FBF7C8FD2B88238000280CBF65
:1094A0006FF00C00002003B030BD00BFA6480020C4
:1094B00008B57D2007F0A2F938B107F0B3F90449E7
:1094C00004481DF06DFB002008BD0120FCE700BF33
:1094D00098CA0408ED53020808B545F2555007F044
:1094E000A1F8032007F0A4F8BC2007F0A7F807F0C4
:1094F000ABF8BDE8084007F0AFB810B500234A78D4
:109500009A4012F0800F14BF4B221D2220F8132026
:109510000133082BF3D100F10E0400230A789A409E
:1095200012F0800F03F1010314BF4B221D22082B00
:1095300024F8022FF2D11E3000238A789A4012F0CC
:10954000800F03F1010314BF4B221D22082B20F8CA
:10955000022FF2D110BD000070B5012102204B4C4A
:1095600007F004F90121022007F018F920254FF433
:109570008173C4E900532146454806F0F9FE0125F0
:10958000102321464248236002262571E67106F029
:10959000EFFE32463E48052106F041FF3D493E4878
:1095A00000246823C1E900430C818C7207F024FA7F
:1095B0003A493B4B0B6038488C608C8107F0AAFA23
:1095C0003548384C082107F065FB3348294607F039
:1095D00010FC29464FF4001007F0C8F8324806F096
:1095E00059FD04F17043B3F5803F04D22F49304850
:1095F00076221CF049FE2F492F4BC1E901344FF46C
:1096000080638B614FF400530B624FF40063CB61B6
:109610004023CB604FF480704FF480330024C1E9C5
:1096200009034FF0206320480B60C1E90444C1E9FD
:109630000B444C638C6306F0B5FD20481023037087
:1096400001250D2343708470C57007F017F80322BD
:109650002146284620F052FD194A106020B12346C9
:109660002246214620F082FD0F480122102106F0FB
:1096700005FE0D480122082106F000FEBDE87040FD
:10968000054801224FF4806107F0DFBBE848002065
:10969000000402400849002000040040F448002073
:1096A000600001002049002088600240D2CA0408FE
:1096B000ABD80408AC48002038040040F048002033
:1096C0001449002070B504460D4661B3164B174E81
:1096D00018684FF0FF3120F0A1FF154B15481D60B1
:1096E000154B21461C60FFF708FF01239D423360A4
:1096F00013D01248E11CFFF700FF02233360104B28
:10970000104830220121C3F88C2006F075FDBDE819
:1097100070400D48012107F0B8B9302200210748F8
:10972000EEF72EFBE9E770BD144900201C4900202C
:10973000804900202049002018490020504900207D
:1097400000600240886002400004004040B1036AAB
:1097500033B1436A23B1806AB0FA80F040097047A0
:109760000120704740B1036A33B1436A23B1806A74
:10977000B0FA80F0400970470120704748B1C369D2
:109780003BB1036A2BB1406AB0FA80F04009404215
:1097900070474FF0FF30704748B143683BB1836872
:1097A0002BB1C068B0FA80F04009404270474FF0DA
:1097B000FF30704748B143683BB183682BB1C06844
:1097C000B0FA80F04009404270474FF0FF307047D8
:1097D0002DE9F04790465A79424492B21C46D31D77
:1097E0008946DB086946A1EBC30300AF05469D46E9
:1097F0002046EA46FFF7AAFF78B92379266AA078BF
:10980000012B08BF45F08005134629465246B04754
:10981000002380B29AB2904502D8BD46BDE8F087D9
:1098200062790AEB03018A5C09F803200133F1E74E
:1098300013B5002304468DF80730FFF787FF024673
:10984000D0B923795A1E53425341637101222346F2
:109850000DF10701FFF7BCFF024680B99DF8073004
:10986000237040F20313E380064B082121729970A4
:109870000321197001215970104602B010BD042255
:10988000FAE700BF84490020F8B5064618461D4691
:10989000FFF75CFF044678B971B16AB12B796F6A42
:1098A000A878012B08BF06F07F0613460A4631460A
:1098B000B847002818BF04242046F8BD37B5054630
:1098C000FFF744FF044670B9B6238DF80730012234
:1098D0002B460DF107017E20FFF7D6FF044610B995
:1098E000AB6A01209847204603B030BD2DE9F3470D
:1098F0000446FFF72BFF00286CD13E4E677AF378C1
:1099000094F808A094F80790BB4202D1B27852456F
:1099100053D07A1F072A64D8BAF1020F4FF000051E
:1099200049D996F802A0002D4AD14FF001082346EC
:1099300001220DF107014020FFF74AFFC0B99DF851
:10994000072007F00F0302F0800213434FEA0A12C8
:1099500002F0700213438DF80730012223460DF107
:1099600007014020FFF790FF10B9F77086F802A0BA
:1099700073784B451DD0B9F1030F23D8234601223C
:109980000DF107014120FFF723FF074688B99DF835
:10999000073023F0030343EA09038DF8073001225F
:1099A00023460DF107014120FFF76EFFA8B986F8A5
:1099B0000190002307E0A846B9E780460546D7E7AF
:1099C000A846D5E7012355B9B8F1000F07D1002B00
:1099D00018BF202002B0BDE8F0873B46F3E7202007
:1099E000F8E7BAF1020F1F464FF0010599D84FF082
:1099F00000089CE78449002037B50246FFF7A6FE21
:109A000098B90F4D94792B78A3420ED07CB90423DA
:109A10008DF806408DF8073013460DF1060102223D
:109A20007C20FFF731FF00B92C7003B030BD032C50
:109A300004D18DF806408DF80700EDE72020F4E70B
:109A4000844900201FB5044608460191FFF77EFEB9
:109A500088B984B10B4606220DF10A011220FFF7E6
:109A6000B7FE40B9BDF80A302380BDF80C306380E2
:109A7000BDF80E30A38004B010BD1FB501908DF865
:109A80000F10FFF763FE48B911F0FB0F019B08D1DF
:109A900001220DF10F017D20FFF7F6FE05B05DF804
:109AA00004FB2020FAE71FB50B46024600211846AA
:109AB00001938DF80F10FFF749FE019B38B98DF81F
:109AC0000F200DF10F0101226D20FFF7DDFE05B023
:109AD0005DF804FB2DE9FF4100230193ADF8083048
:109AE000CDF80A30ADF80E30FF2303700646084665
:109AF000FFF72CFE0D460446002840F0A18003230A
:109B0000CB7140F602430B8128460421FFF7B5FFD5
:109B100007462846FFF7EAFE3843AB6A87B21420AF
:109B2000984729460D20FFF7BEFF384384B2002C2A
:109B300040F08680AB6A64209847294601A8FFF769
:109B400081FF294604460920FFF7ADFF204384B278
:109B5000002C75D1AB6A6420984729460DF10A00A4
:109B6000FFF770FF294607462046FFF79CFFBDF927
:109B700004C0BDF90A30BDF90620BDF90CE0BCF106
:109B8000000FB8BFCCF1000C002BB8BF5B423843CC
:109B90009C44BDF90E70BDF9083080B20FFA8CFC00
:109BA0004FF01008012108F1FF3818F0FF084FEAC4
:109BB0004101F8D10029B8BF1F3149119CFBF1FCCC
:109BC000CCEB4C180CEB880C4FEACC0C0FFA8CFC4D
:109BD000BCF57A7F38DB002AB8BF5242BEF1000FD5
:109BE000B8BFCEF1000E724412B292FBF1F2C2EB9A
:109BF000421C02EB8C02D20012B2B2F57A7F23DB58
:109C0000002BB8BF5B42002FB8BF7F423B441BB262
:109C100093FBF1F3C3EB431203EB8203DB001BB2B4
:109C2000B3F5FA7FB8BF40240443A4B21CB9347022
:109C3000AB6A642098472846FFF740FE204384B271
:109C4000204604B0BDE8F0814024EDE7F8B50646B3
:109C500018461D46FFF786FD044668B92B792F6A22
:109C6000E878012B08BF46F0800613460A463146C5
:109C7000B847002818BF04242046F8BD13B50023B8
:109C800004468DF80730FFF76DFD024688B90122C2
:109C900023460DF10701FFF7D9FF024660B99DF891
:109CA00007306370054B60818021217399701870B3
:109CB0005870104602B010BD0422FAE7884900200F
:109CC000F8B5064618461D46FFF74CFD044678B920
:109CD00071B16AB12B796F6AE878012B08BF06F081
:109CE0007F0613460A463146B847002818BF0424A9
:109CF0002046F8BD73B50546FFF734FD044658BB52
:109D0000174E6B7B72788DF80630EB7A8DF8073042
:109D10009A420CD0042B21D82B4601220DF10701C9
:109D20000F20FFF7CDFF18B99DF807307370044678
:109D30009DF80630F2789A420CD0072B0BD82B46B0
:109D400001220DF106011020FFF7BAFF10B99DF8AE
:109D50000630F37004B1202002B070BD0124E7E7A3
:109D60008849002013B50246FFF7FCFCA8B90E4C49
:109D7000937A21788DF807308B420ED0802B0ED14C
:109D800020290AD013460DF1070101221120FFF707
:109D900097FF10B99DF80730237002B010BD202B3B
:109DA000F0D18029EDE700BF884900201FB50446A7
:109DB00008460191FFF7D6FC88B984B10B4606220C
:109DC0000DF10A010220FFF741FF40B9BDF80A304A
:109DD0002380BDF80C306380BDF80E30A38004B042
:109DE00010BD73B5C37806460D46002B79D10846E1
:109DF000FFF7B8FC00284DD1002E4BD080240B4635
:109E000001220DF1060115208DF80640FFF758FFDD
:109E100000283FD173781BB901238DF8063003E089
:109E2000012B25D0022B26D02B4601220DF1060155
:109E30001820FFF745FF04462846FFF793FC38BB80
:109E40002B4601220DF107011620FFF7FFFEF8B99E
:109E5000737893B972799DF80730C2F3800103F0EB
:109E6000FC030B4302F0020213438DF8073008E0B5
:109E70008DF80640D8E78123CFE7012B0CD0022BC9
:109E800017D02B4601220DF107011620FFF718FF0E
:109E9000204380B202B070BDB2799DF8073002F065
:109EA000040103F0F3030B43C2F3400243EAC2038D
:109EB000DBE79DF80720737902F0FC02C3F3800111
:109EC0000A4303F002031A43B37922F00C0203F0B1
:109ED00004010A43C3F3400342EAC3028DF807209A
:109EE000CFE70020D6E71FB50446002208468DF8CC
:109EF0000F200191FFF736FCC0B9012C0B4617D893
:109F000001220DF10F013C20FFF7A0FE019B68B973
:109F10009DF80F2022F0010242EA04008DF80F00A4
:109F200001220DF10F013C20FFF7CAFE04B010BD65
:109F30002020FBE737B500238DF80730FF230546C7
:109F4000037008460C46FFF70DFC58B90120FFF7D7
:109F5000CAFF38B9234601220DF107013C20FFF763
:109F600075FE08B103B030BD9DF80730C3F3400360
:109F70008DF80730002BEDD0234601220DF10701AB
:109F80003C20FFF763FE0028ECD19DF807305B070B
:109F9000E8D42870E6E7002A5BD0002B59D010F0F7
:109FA000030F15D0D1ED017A93ED007AD3ED026A5B
:109FB000F8EE677A77EEC77A27EEA77A27EE267A49
:109FC000D3ED016AA7EEA67A83ED0E7A82ED007AD0
:109FD00010F001003FD093ED0E7AD3ED086AD3ED77
:109FE000077AD3ED044A91ED006AE6EE877A002005
:109FF00067EE075AD3ED096AE6EEA57A27EE255AF1
:10A00000D3ED0A6AE6EE857AD3ED036AE7EE246AB9
:10A01000D3ED054AE4EEA56AB8EE466AD3ED065ADA
:10A02000D3ED0C4AE5EE856A26EE065AD3ED0B5ABF
:10A03000E7EE245AD3ED0D4A26EE057AE6EE267AAF
:10A0400027EE247AA5EE857A77EE277AC2ED017A9B
:10A0500070474FF0FF30704710B5044692B0264964
:10A0600048226846EDF776FD94F871309BB194F87C
:10A070007330B7EE007AABBBDFED206ADFED207AFC
:10A08000E7EE267A4FF47A72FCEEE77A17EE903A12
:10A090009BB2B3FBF2F394F87220AAB194F8742047
:10A0A000B7EE007A1ABBDFED156ADFED167AE7EE40
:10A0B000267A4FF47A71FCEEE77A17EE902A92B284
:10A0C000B2FBF1F213449BB294F8762012A901EB93
:10A0D000820252F8482C9A4294BF6FF0020000208E
:10A0E00012B010BD013B37EE077ADBB2C3E7013A8D
:10A0F00037EE077AD2B2D5E7088E04080000FA449A
:10A100000000C44300809C432DE9F0471546DA78EF
:10A110002A441C46D31D0E46DB086946A1EBC30347
:10A1200000AF81469D462046E846FFF743FB90B9C5
:10A13000A378D4F804A06078012B16D093B249F02C
:10A1400080016A46D04700239AB2AA4206D300286B
:10A1500018BF6FF00600BD46BDE8F087E27808EB57
:10A1600003018A5CF2540133EEE72B46324649463E
:10A17000D047ECE72DE9F0411E465300073303F4C6
:10A180007E7300AF8046ADEB030D304614466A4641
:10A19000FFF710FB90BBB8F1000F2FD071B384B361
:10A1A0000B788DF80030B37853B908F1FF3010F810
:10A1B000015F0133DBB205F07F059C420570F6D1EB
:10A1C000012C19D00125501E18F8053000F8153063
:10A1D0004B5D02F815300135EBB29C42F4D86300B8
:10A1E000B56898F800107078A847002818BF6FF07D
:10A1F0000600BD46BDE8F0812346F1E74FF0FF3091
:10A20000F7E76FF00500F4E71FB5034601221B20B6
:10A210000DF10F0193F8704001938DF80E00FFF7D8
:10A2200073FF019B80B99DF80F20240122F03002BA
:10A2300004F0300422438DF80F200DF10F010122AC
:10A240000DF10E00FFF796FF04B010BDF7B5044600
:10A2500008460D46FFF7AEFA002840F0278114F0BB
:10A26000060F2AD01B200B46012201A98DF8010000
:10A27000FFF74AFF08BBA7070AD59DF8043095F8F9
:10A28000712023F0010302F0010213438DF8043022
:10A2900066070BD595F872309DF804205B0003F03B
:10A2A000020322F0020213438DF8043001222B46F0
:10A2B00001A90DEB0200FFF75DFF14F0F00F77D05E
:10A2C000002875D17B4B8DF80300B3F84830ADF80A
:10A2D000013004222B460DEB02011C20FFF714FF76
:10A2E000002865D114F0300F00F0E280E00695F808
:10A2F00074200AD59DF8043095F8731023F00703F5
:10A3000001F007010B438DF80430A10609D59DF833
:10A310000430D20023F0380302F0380213438DF8E2
:10A3200004301C238DF80130012622061AD595F839
:10A330007630112B84BF112385F8763006F108039F
:10A340000DEB030195F876209DF8053002F01F0211
:10A3500023F01F03134301F8043C01361D2301F8C9
:10A36000073CF6B2630614D506F108030DEB0301B2
:10A3700095F875309DF807205B0003F00E0322F07E
:10A380000E02134301F8043C01361F2301F8073C79
:10A39000F6B295F87030032B03D12846FFF75CFE28
:10A3A00030B92B46324601A90DF10100FFF7E2FE5C
:10A3B00014F4E16F4AD0002848D1012219202B461D
:10A3C0000DEB02018DF80400FFF79EFE00283DD141
:10A3D000E70595F8780095F8791095F87A200AD570
:10A3E0009DF8013095F8776023F0010306F001062F
:10A3F00033438DF80130A60509D59DF801304000A2
:10A4000023F0020300F0020003438DF801306005E1
:10A4100009D59DF80130890023F0040301F00401FF
:10A420000B438DF80130210709D59DF801309201C9
:10A4300023F0400302F0400213438DF80130012263
:10A440002B460DEB020101A8FFF794FE14F4C05F48
:10A450002CD058BB1A202B46012201A995F87B70FD
:10A4600095F87C608DF80100FFF74EFEF0B92205EB
:10A4700009D59DF804307F0023F0020307F002079E
:10A480003B438DF80430E30409D59DF80430B60051
:10A4900023F0040306F0040633438DF80430012250
:10A4A0002B4601A90DEB0200FFF764FE03B0F0BDDF
:10A4B00006463AE7088E040837B57E238DF8043047
:10A4C000B62305468DF80530FFF774F9044660B9E8
:10A4D0002B4601220DF106010320FFF715FE9DF822
:10A4E0000630DB0604D46FF00304204603B030BD11
:10A4F0000028F8D12B4601220DF1050101A8FFF734
:10A5000039FE04460028F0D1EB68022098472B461C
:10A5100001220DF107010220FFF7F6FD9DF807303B
:10A5200003F002031843C0B20028DED0DBE70000CE
:10A5300010B586B0002304468DF80230FFF73AF9D3
:10A540000146002840F0E680A378013B18BF0123B4
:10A55000E3700DF1020123460122FFF7D5FD01460C
:10A56000002840F0D7809DF802306C4A502B40F014
:10A57000C880137023702046FFF79EFF0146002815
:10A5800040F0C880664B1322B3F84B30ADF803306F
:10A590000DF10500EDF7F4FB23460DF10301152243
:10A5A0003120FFF7B1FDBDF803309FED5E7AA4F8CE
:10A5B000503007EE903AF8EE677ABDF80530A4F80F
:10A5C000523067EE877ADFED586AC4ED047A07EE01
:10A5D000903A9DF9073084F85430FBEEC17A014679
:10A5E000C4ED057A07EE903AB8EEE77ABDF9083087
:10A5F000A4F8563027EE267AA3F5804384ED067A38
:10A6000007EE103ABDF90A30A4F85830BAEEC67A0F
:10A61000A3F5804384ED077A07EE103A9DF90C30DC
:10A6200084F85A3007EE903ABAEEE17A9DF90D308F
:10A6300084ED087AB8EEE77ADFED3C7A84F85B3097
:10A6400027EE277A07EE903A84ED097ABDF80E30AE
:10A65000A4F85C30B8EEE77ADFED357A27EE277A9A
:10A6600007EE903A84ED0A7AB8EE677AF2EE007A55
:10A67000BDF81030A4F85E3027EE277A84ED0B7A0F
:10A6800007EE103A9DF9123084F86030BBEECD7AB7
:10A6900084ED0C7A07EE103A9DF9133084F861309E
:10A6A000BAEECC7A84ED0D7A07EE103ABAEEE87A7B
:10A6B00084ED0E7ABDF91430A4F8623007EE903ABA
:10A6C0009DF9163084F86430B8EEE77A07EE903AD8
:10A6D000F8EEE77A9DF9173084F8653067EEA67AD0
:10A6E00027EE267AC4ED107A07EE903A84ED0F7AC1
:10A6F000F8EEE77A9FED0F7A67EE877AC4ED117A6C
:10A7000008E0602B3FF435AF1278002A7FF432AFB7
:10A710006FF00101084606B010BD00BF8C49002053
:10A72000088E040800008043000080270000802F6E
:10A730000000002D0000001F13B5044608460191DB
:10A74000FFF738F80B4640B9012221461B20FFF7DE
:10A75000DBFC2378C3F30113237002B010BD73B583
:10A760000546FFF727F80446002861D129460DF178
:10A77000020095F87060FFF7DFFF9DF80230044695
:10A78000D3B11B202B46012201A98DF80300FFF74E
:10A79000BBFC044668B99DF8043023F030038DF803
:10A7A000043001222B4601A90DF10300FFF7E2FC62
:10A7B0000446EB6805209847D4BB032E3BD1042206
:10A7C0002B460DEB02011C20FFF79EFC9DF8043088
:10A7D00003F00702C3F3C20385F874309DF8053017
:10A7E00085F8732003F01F0385F876309DF8073055
:10A7F000C3F3420385F875300446C8B92846FFF70D
:10A800002BFC0446A0B92846FFF7FEFC044678B9A5
:10A810002B46012201A90220FFF776FC044638B935
:10A820009DF8043013F0040F0CBF04466FF00404CD
:10A83000204602B070BD012EFAD12846FFF7E4FC95
:10A840000446F5E7F0B51E4B85B0B3F86030ADF8BF
:10A850000230064600231046CDE902330D46174666
:10A860000193FEF7A7FF38BB31B313460DF1020188
:10A8700006220420FFF748FCE0B99DF804309DF85B
:10A8800003209DF807401B0443EA02239DF80220A1
:10A89000134302939DF80630240444EA03249DF8F0
:10A8A00005302A461C4302A907F1100330460394E1
:10A8B000FFF771FB05B0F0BD4FF0FF30FAE700BFC6
:10A8C000088E04087047012070470000024B1B6887
:10A8D0000BB11B681847704790490020024B1B685A
:10A8E0000BB15B681847704790490020014B186016
:10A8F000704700BF9049002008B54FF05F0383F315
:10A900001188BFF36F8FBFF34F8F094909481CF0BF
:10A9100047F901210220FAF7DBFF04200121FAF7B1
:10A92000D7FFFBF79BFC04481BF0FCFCFEE700BFD5
:10A9300020CB0408ED53020831CB040808B54FF0D2
:10A940005F0383F31188BFF36F8FBFF34F8F094904
:10A9500009481CF025F901210220FAF7B9FF04206B
:10A960000121FAF7B5FFFBF779FC04481BF0DAFC8C
:10A97000FEE700BF3FCB0408ED53020851CB0408AB
:10A9800038B50A4D002145F820100446FAF7A0FF1B
:10A99000074B1B683BB11A7BA24205D19A68013272
:10A9A00002D045F8243038BD5B68F3E7342000104E
:10A9B000A04900202DE9F04F2A4B93F8008085B084
:10A9C0000646B8F1000F3FD021F0EAFCDFF89C907A
:10A9D000254FC0B259F82050002D35D04FF0FF312F
:10A9E0003868D5F808B0D5F800A01FF017FEAB689E
:10A9F000287B01330AEBCB04AB606368991C19D048
:10AA00005A1C24D01AF83B10FAF762FF626800243F
:10AA100032B3234604210094304621F049FB20F054
:10AA200067FB0094024623460121304621F040FB9B
:10AA3000444601E00024AC60002338681A461946F9
:10AA40001FF094FB002CC7D005B0BDE8F08FAB60C1
:10AA50000390FFF795FF0398002459F82050EBE787
:10AA60001446E9E7984900209C4900203420001052
:10AA700010B5044B1C78FAF77BFF034B01221A70C8
:10AA8000204010BD7D2700209849002007B5019087
:10AA9000074800231A46694600688DF800301FF009
:10AAA00065FB431E5842584103B05DF804FB00BFEC
:10AAB00094490020F8B5104E057B044600274FF05E
:10AAC000FF3130681FF0AAFD2846A760FFF758FF46
:10AAD0003B463A46306839461FF048FB074B53F86F
:10AAE0002520A24206D103EB85039869BDE8F84012
:10AAF000FFF760BFF8BD00BF9C4900203420001064
:10AB0000DFED077A074A20EE270A1268FDEEC07AC9
:10AB100017EE903AC3F57A73C2ED017AD3607047AD
:10AB200000007A44EC11002007B50123019007488A
:10AB30008DF8003000231A46694600681FF016FBA6
:10AB4000431E5842584103B05DF804FB944900206D
:10AB500070B50E4E057B04464FF0FF3130681FF094
:10AB60005DFD4FF0FF33A3602846FFF709FF002388
:10AB700030681A4619461FF0F9FA054800EB8500BF
:10AB8000BDE870408069FFF715BF00BF9C490020F9
:10AB90003420001007B50A4C20684FF0FF32694698
:10ABA0001FF09CFC9DF800302BB1012BF4D10198D3
:10ABB000FFF7CEFFF0E70198FFF77CFFECE700BF5F
:10ABC0009449002000234FF0FF32C0E90132084AC7
:10ABD00013680BB910607047834202D170478342FB
:10ABE00004D01A465B68002BF9D15060704700BF53
:10ABF000A04900202DE9F7432E4F3C78002C56D178
:10AC0000FAF784FE2C482D4DDFF8EC90DFF8EC804D
:10AC1000FFF7D8FF2A48FFF7D5FF2A48FFF7D2FFF2
:10AC20002948FFF7CFFF2948FFF7CCFF2848FFF757
:10AC3000C9FF2848FFF7C6FF2748FFF7C3FF27488B
:10AC4000FFF7C0FF2648FFF7BDFF2648FFF7BAFF12
:10AC500005F13006C5E90044C5E90244C5E90444EC
:10AC60001835CDE90096234600224FF47A7140460C
:10AC700021F0DAF90134062C45F8040B06F12C0614
:10AC8000EFD101201FF04BFB174B00221860082169
:10AC90000A201FF033FA154B1549186001240023D0
:10ACA000CDE900431348962220F0A0F83C7003B091
:10ACB000BDE8F0837D2700207C12002034200010A6
:10ACC0006C1200204C120020CC110020EC1100204E
:10ACD0001C130020A41100207C110020241200204D
:10ACE000141200202C1300209C49002094490020BD
:10ACF0006CCB040895AB0108B5A9010860CB04082A
:10AD000000F0B4B810B5064C23783BB9054800F004
:10AD10008FF804480EF0AAF80123237010BD00BF7D
:10AD20007E2700203C13002030B5402993B0054613
:10AD30000C4604D91449154871221BF0A5FA144990
:10AD40008DF80650224602A88DF80740ECF702FF66
:10AD50000DF1060002F04AFE0E4B41F288311868F0
:10AD60001FF05CFC012806D10B4B187808B10022BB
:10AD70001A7013B030BD9DF80620084908481BF032
:10AD80000FFF0020F5E700BF76CB040835D3040899
:10AD9000F84900201C4A0020184A0020C0CB0408B3
:10ADA000ED53020810B502F0CDFD03220021012071
:10ADB0001FF0A4F90B4C206020B100231A4619465D
:10ADC0001FF0D4F9084901201FF094FA074B4FF007
:10ADD000FF31186020681FF021FCBDE81040FFF72C
:10ADE00091BF00BF1C4A0020A8490020A4490020B0
:10ADF0000378203B032B12D80A4A831C223053F8D5
:10AE0000041B42F8041B8342F9D1074B0122074877
:10AE10001A70002300681A4619461FF0A7B9024BA2
:10AE20000022F4E7F8490020184A00201C4A0020BC
:10AE300070B50C4E4FF0FF31054630681FF0EEFB49
:10AE400000212020FFF770FF044610B1064B1B784D
:10AE50002B70002330681A4619461FF087F92046E8
:10AE600070BD00BFA4490020F8490020F8B5114F7B
:10AE7000114D04460E4638684FF0FF311FF0CEFBEF
:10AE8000012121202C70FFF74FFF044648B1D5F86F
:10AE9000013033602C78D5F805307360FF3C18BF63
:10AEA0000124002338681A4619461FF05FF920462E
:10AEB000F8BD00BFA4490020F84900202DE9F84F53
:10AEC000702A01EB020605460C461F46B6B204D9AD
:10AED00026492748C0221BF0D7F9DFF89C80DFF80D
:10AEE0009CA0C146DAF800004FF0FF311FF096FB3E
:10AEF00009F8035B0025B44201D301240EE0A6EB60
:10AF0000040BBBF11C0FA8F8014018DC0BF1030186
:10AF1000C9B22220FFF708FF50B900240023DAF855
:10AF200000001A4619461FF021F92046BDE8F88FA7
:10AF30005A4649467819ECF70DFE3446DBE72021E6
:10AF40002220FFF7F1FE0028E7D00A4A7B1902F120
:10AF50001C0152F8040B43F8040B8A42F9D1127811
:10AF60001A701D341D35A4B2EDB2C4E776CB0408C7
:10AF7000D7CB0408FB490020F8490020A449002051
:10AF80002DE9F74F702A01EB020705460C460193A5
:10AF9000BFB204D92A492B48F3221BF075F92A4E77
:10AFA000DFF8AC90B046D9F800004FF0FF311FF049
:10AFB00035FB08F8055B0025AA464FF01A0BBC428A
:10AFC00001D3012415E0019BA6F801403A1B192A80
:10AFD00003EB050118DC94B2A6F803204046224694
:10AFE000ECF7B8FD611DC9B22320FFF79DFE28BB19
:10AFF00000240023D9F800001A4619461FF0B6F8BD
:10B00000204603B0BDE8F08F104A86F803B086F8FA
:10B0100004A001F1180051F804CB42F804CB81429E
:10B02000F9D10988118023201F21FFF77DFE002818
:10B03000DED01A341A35A4B2EDB2C0E73C46BEE702
:10B0400076CB0408D7CB0408F8490020FD4900203E
:10B05000A4490020014B024A1A607047F43F0020C7
:10B06000440F0020CBB20146024803220068FAF7E1
:10B0700010B800BFF43F002073B50C4E04460D46D7
:10B080000DF10703014601223068F9F79CFF9DF896
:10B090000720306842EA0503DBB2012221468DF821
:10B0A0000730F9F7F6FF02B070BD00BFF43F002093
:10B0B00073B50B4E04460D460DF107030146012200
:10B0C0003068F9F780FF9DF80720306822EA050311
:10B0D000214601228DF80730F9F7DBFF02B070BD81
:10B0E000F43F0020DFED107A104B60EE277A83EDFD
:10B0F000000AFCEEE77A0E4B17EE902A1A800D4BF1
:10B10000D3ED007AF4EEC07AF1EE10FA48BF83ED89
:10B11000000A094BD3ED007AF4EEC07AF1EE10FA92
:10B12000C8BF83ED000A704700007A44284A002017
:10B130002C4A0020304A00205813002070B50D4DD5
:10B140000D4E92B000243368A3420EDC422200214F
:10B150000DF10600ECF714FE16230DF106008DF834
:10B16000063002F043FC12B070BD55F8043B98471E
:10B170000134E8E74C4A0020604A00201FB50E4C1D
:10B180002378B3B90D4A02920D4A0E490E48CDE913
:10B19000003296221FF0DEFD0C4A0123237000EEE0
:10B1A000102A0B4BC3F8012004B0BDE81040FFF794
:10B1B00099BF04B010BD00BF7F2700206C21001094
:10B1C000684A0020EDCB04080DB30108CDCC6C40DB
:10B1D000C14C0020014B1878704700BF7F2700202A
:10B1E000014B93ED000A7047284A0020064A136875
:10B1F000042BDFBF054941F8230001330120D4BFF0
:10B2000013600020704700BF604A00204C4A0020B5
:10B210000378132B15D10E4BD0F802201A60D0F80A
:10B2200006205A60827A1A720A4A127822B10A4BB0
:10B2300093ED000AFFF756BFD3F8013000EE103A45
:10B24000F8E7152B03D10548002113F073B87047B8
:10B25000C14C0020664A0020444A00203DB101084C
:10B2600038B50D4B1B78C3F3400503F001041FF004
:10B270003FFF0A4B1B68C01A094B1B782BB925B13D
:10B28000002C0CBF0220012038BD41F288339842C7
:10B290008CBF03200020F7E7C14C0020244A002087
:10B2A000644A002008B5084B1B784BB1074B18784F
:10B2B000F3F756F8064BD3ED007A20EE270A08BDC7
:10B2C0009FED040AFBE700BF654A0020384A0020D2
:10B2D000344A00200000000008B5084B1B784BB131
:10B2E000074B1878F3F73CF8064BD3ED007A20EEC5
:10B2F000270A08BD9FED040AFBE700BF664A00204D
:10B30000394A00203C4A0020000000002DE9F041AD
:10B310002DED028B052192B0002020F075F81FF072
:10B32000E7FE5E4D5E4F286012F040FD4222002194
:10B330000DF10600ECF724FD14230DF106008DF845
:10B34000063002F053FB574E0024642020F034F8FE
:10B350001FF0CEFE8046FFF7BFFFDFED537A87ED8B
:10B36000000A20EE270A514BBCEEC00AB0EE088A54
:10B3700010EE102A1A80FFF795FFD6ED007A4C4B9D
:10B38000F4EEC87AF1EE10FA83ED000A2ED49FEDA8
:10B39000497AF4EEC77AF1EE10FA29DC464A002326
:10B3A000B2EC017AF4EEC77AF1EE10FA1CDC434AF3
:10B3B00003EB83035B001370414B93ED007AB4EE13
:10B3C000E77AF1EE10FA48BFC5F80080FFF748FFB2
:10B3D000DFF8FC80A04288F8000016D0032812D8BD
:10B3E000DFE800F04B3B08460133D9E70023DEE7F6
:10B3F0000923DCE73348FFF797FB3348FFF75AFB95
:10B40000042011F0A7FD98F8004098F80030002BB8
:10B4100041D0012B99D1D6ED007AF4EEC87AF1EE45
:10B4200010FA34D49FED237AF4EEC77AF1EE10FAD5
:10B430002FDC214A0023B2EC017AF4EEC77AF1EE58
:10B4400010FA22DC07EE903AF8EEE77AB2EE040A40
:10B4500087EE800AFFF754FB77E71C48FFF764FB91
:10B460001948FFF761FB1748FFF724FB0320C8E7E3
:10B470001648FFF71FFB0520C3E71248FFF71AFB2A
:10B480001148FFF703FB0220BBE70133D3E700239A
:10B49000D8E70923D6E709F0FBFE56E7244A002047
:10B4A000444A0020284A002000007A44484A0020EC
:10B4B000404A002033338340F8CB0408204A002060
:10B4C00054130020EC110020CC1100204C1200205D
:10B4D000C04C00200020704708B51FF009FE044B47
:10B4E0001B68C01AB0F57A7F2CBF0020012008BD70
:10B4F000DC4C002070B503781E2B044604D90E499D
:10B500000E48E4221AF0C0FE0D4D00262E7022785F
:10B51000214601326A7011F8012BA81C0132ECF7A8
:10B5200019FB084833466422294600681EF01EFEB7
:10B53000431E5842584170BD20CC040869CC040811
:10B54000E54C0020AC4D002008B5054B01466422B7
:10B5500018681EF0C3FF013818BF4FF0FF3008BD58
:10B56000D04C002002F036BA00B593B001238DF81C
:10B5700008000DF106008DF806308DF8073002F056
:10B5800035FA13B05DF804FB00B593B002238DF8D3
:10B5900006308DF8080001230DF106008DF8073004
:10B5A00002F024FA13B05DF804FB00B595B0CDE9C4
:10B5B000000105238DF80E308DF80F3004909DF8B2
:10B5C00004308DF814300DF10E0002F00FFA15B0B2
:10B5D0005DF804FB37B5184D2C785CBB174B009415
:10B5E00003F15002422101201EF03AFD144B186075
:10B5F000144B009403F15002202105201EF030FD71
:10B60000114B186020B91149114861221AF03CFE13
:10B6100002F098F91BF068F8C0B2FFF7A5FF1BF025
:10B620006FF8C0B2FFF7B0FF1BF076F8FFF7BDFF71
:10B6300001232B7003B030BD81270020CC210010E6
:10B64000AC4D002060220010D04C002020CC04081B
:10B6500087CC040800B593B007238DF806308DF829
:10B66000080001230DF106008DF8073002F0BEF945
:10B6700013B05DF804FB000030B5037891B00446C8
:10B680000BB1062B03D11FF033FD364B1860237826
:10B690005BBB627834482146013A01F8012F00680B
:10B6A0001A461EF063FD012804D030493048A62216
:10B6B0001AF0EAFD2F4A3048138801331380FFF750
:10B6C000E5F92E4B2E49186800221EF007FF0128CD
:10B6D00005D12C48FFF7DAF9294802F087F9FFF77E
:10B6E000FBFE294B187011B030BD062B15D16378C5
:10B6F0001D482146013B01F8013F00231A4600681E
:10B700001EF034FD012808BF204A1B4802BF1388E1
:10B7100001331380FFF7BAF9E1E7042B03D11C4B87
:10B72000A2781A70DBE70A2BD9D11348FFF7AEF9DC
:10B730006578A3788DF80330023DEDB2E3788DF89B
:10B7400002302A46211D01A8ECF704FA114B8DF8AE
:10B7500001501A68002AC2D01B680DF101009847F9
:10B76000BDE700BFDC4C0020D04C002020CC0408FA
:10B770009ACC0408CC4C002024120020AC4D0020B0
:10B78000694D002014120020D84C0020CA4C002023
:10B79000E44C0020E04C0020004870475C1300207F
:10B7A00007B500920A4601460548F9F7F9FB00285B
:10B7B0000CBF6FF00300002003B05DF804FB00BF76
:10B7C0004810002007B500920A4601460548F9F7DF
:10B7D0004DFC00280CBF6FF00300002003B05DF8A3
:10B7E00004FB00BF481000201FF0E6BD38B52DED6A
:10B7F000068B434BDFED43AAD3ED007ADFED428A9F
:10B8000067EEAA7A044687EEA88A0D46B0EE480A8B
:10B81000E8F78CFFF0EE409AB0EE480AE8F75CFEDD
:10B820003A4BD3ED007A67EEAA7AB0EE408A87EE03
:10B83000A89AB0EE490AE8F779FFB0EE40AAB0EE58
:10B84000490AE8F749FE324BD3ED007A67EEAA7A4F
:10B85000B0EE409AC7EEA8AAB0EE6A0AE8F766FF13
:10B86000F0EE408AB0EE6A0AE8F736FE29EE8A6A00
:10B8700068EEC85A28EE007A28EE0A5AA8EE867AB0
:10B88000E0EE065A60EE697A29EEA86AE8EE857A5B
:10B89000A0EE056A69EE286A94ED015A29EE004A85
:10B8A00066EE856A94ED005AE4EE056A94ED025A5C
:10B8B000EAEE456A69EE894AC5ED006AD4ED016A8F
:10B8C00027EE267AD4ED006AA5EEA67AD4ED026AB8
:10B8D000A4EEA67A28EE098A85ED017A94ED017A24
:10B8E00067EE877A94ED007AE6EE077A94ED027AB5
:10B8F000E8EE077ABDEC068BC5ED027A38BD00BFD5
:10B90000E8500020DB0F494000003443F85000208D
:10B91000F050002038B52DED068B434BDFED43AAE8
:10B92000D3ED007ADFED428A67EEAA7A044687EE0D
:10B93000A88A0D46B0EE480AE8F7F8FEF0EE409A05
:10B94000B0EE480AE8F7C8FD3A4BD3ED007A67EE4F
:10B95000AA7AB0EE408A87EEA89AB0EE490AE8F7D4
:10B96000E5FEB0EE40AAB0EE490AE8F7B5FD324B6D
:10B97000D3ED007A67EEAA7AB0EE409AC7EEA8AA95
:10B98000B0EE6A0AE8F7D2FEF0EE408AB0EE6A0A3C
:10B99000E8F7A2FD29EE8A6A68EEC85A28EE007A16
:10B9A00028EE0A5AA8EE867AE0EE065A60EE697A28
:10B9B00029EEA86AE8EE857AA0EE056A69EE286AA3
:10B9C00094ED015A29EE004A66EE856A94ED005A1C
:10B9D000E4EE056A94ED025AEAEE456A69EE894A98
:10B9E000C5ED006AD4ED016A27EE267AD4ED006A2F
:10B9F000A5EEA67AD4ED026AA4EEA67A28EE098A0C
:10BA000085ED017A94ED017A67EE877A94ED007AFC
:10BA1000E6EE077A94ED027AE8EE077ABDEC068B43
:10BA2000C5ED027A38BD00BFEC500020DB0F494065
:10BA300000003443FC500020F45000202DE9F04178
:10BA40008A4E2DED028B96F8008084B0B8F1000F7D
:10BA500040F08F80864F874C87F800804FF47A70D3
:10BA60001FF0AAFC2046FEF709F945B2002D69D166
:10BA7000814982481BF094F82046A572FEF772F9BE
:10BA800040F20223A3812046E572FEF733F99DF8C8
:10BA90000D308DF8095023F0070343F005032146CC
:10BAA00002A88DF80D308DF80B50FEF79AF9322070
:10BAB000A36A984721460DF10200FEF777F90421A9
:10BAC0006C48FDF7DAFFA36A052098476948FDF73F
:10BAD000AFFE45B2002D3CD1694968481BF060F8C3
:10BAE0006448A571FDF788FFA36A0A2098470323DD
:10BAF000E3714FF440635F482381FDF7F7FE5D4932
:10BB000002A8FDF79FFF5F4C772363700123A370AA
:10BB10005D4B63605D4BA3605D4BE3604FF00408D9
:10BB2000E368012098472046FEF702FD054628B34A
:10BB3000B8F10108F4D1574950481BF031F886F8A4
:10BB4000008016E054494D481BF02AF886F8008022
:10BB5000B5E7524949481BF023F800233370D2E778
:10BB6000602B01D14E4910E04A4944481BF018F8B7
:10BB7000357004B0BDEC028BBDE8F08101233B7051
:10BB8000484B1B78502BEBD147493C48DFED478AA7
:10BB90009FED478A1BF004F8012384F8713040F2CE
:10BBA0000133A4F872304FF400733649A4F87430AE
:10BBB000F620022384F876300325FEF747FB314850
:10BBC00084F87050FEF7CBFDE368142098472D4AA7
:10BBD000284602A9FEF736FE364B374D14221A705E
:10BBE00000242819F0EE680AB0EE480A1BF01EF88F
:10BBF0003248F3EE0E0A2044B0EE480A1C341BF023
:10BC000015F8542CEDD11AF097FDDFED2D8A9FED3C
:10BC10002D8A20EE280A80EE080AE8F75DFC2A4B00
:10BC200083ED000A1AF088FD20EE280A80EE080A4B
:10BC3000E8F77CFD254B83ED000A1AF08DFD20EE20
:10BC4000280A80EE080AE8F747FC214B83ED000A3A
:10BC50001AF082FD20EE280A80EE080AE8F766FD59
:10BC60001C4B83ED000A0123337082E782270020FA
:10BC700000510020884E0020D4CC0408ED53020867
:10BC80001BCD0408B84E0020A1B70108C5B70108B4
:10BC9000E9B70108A5CD0408F7CC04083ECD040897
:10BCA00084CD04088C49002063CD04080000A04224
:10BCB00000007A447913002024500020B44D002065
:10BCC000DB0F494000003443484F0020C05B002098
:10BCD000504F0020C85B002030B587B003240022FD
:10BCE000009411461C4B01201EF0BAF91B4B002298
:10BCF0001146186000941A4B01201EF0B1F9194B3F
:10BD00004FF480451860002402A9174802958DF869
:10BD10000C408DF80F4004F02BFB0E21022004F0A4
:10BD20001FFE4FF40063ADF81430012304958DF825
:10BD300016304FF05F0383F31188BFF36F8FBFF3AB
:10BD40004F8F04A804F0BCFA284604F00BFB84F3E0
:10BD5000118807B030BD00BF205B0020185B0020B9
:10BD6000604F0020584F00200008024030B51F4CA3
:10BD700085B00025234604F1500200950C210120D6
:10BD80001EF06EF91A4B04F1AC0218600C2104F19C
:10BD90005C03009501201EF063F9164B04F58472D4
:10BDA00018600C2104F1B803009501201EF058F929
:10BDB000114B04F5B27218600C2104F58A730095DA
:10BDC00001201EF04DF90D4B0D4918600D4B0193EC
:10BDD00004F5B8740423009302942B464FF4967232
:10BDE00009481EF0B7FF05B030BD00BF502300105A
:10BDF000784E00201C50002004510020804E00206E
:10BE0000C8CD04080C51002051BE010870B50C4685
:10BE1000054601F10C0694ED000A28461AF010FFC1
:10BE2000A4EC010AB44205F11C05F4D170BD70B553
:10BE30000C46054601F10C0694ED000A28461AF05E
:10BE4000FFFEA4EC010AB44205F11C05F4D170BD5B
:10BE50002DE9F04F2DED068BA1B011F0A7FF8B4D12
:10BE60008B4B4FF0FF3118681EF0D8FB01280446B9
:10BE700040F02682874B884E8849D3E9002330461C
:10BE8000C5E90C23FDF792FF84498548FDF7DAFDEB
:10BE9000844BB6F90070D3F8F821B6F90410B6F95E
:10BEA00002001780D3F8F8215080D3F8F821918050
:10BEB000D3F8F82103F6FC5106328A4228BF83F8F2
:10BEC000F54193F8F44132BFC3F8F82103F5FE724F
:10BED000C3F8F821002C40F0F58093F8F531002BE1
:10BEE00000F0F0804FF000084FF00009CDE9008924
:10BEF000CDE90289DFF8C0E107942746A246204633
:10BF00000694A346BEF92CC0069BBEF930200799C3
:10BF100005921CEB000043EBEC730693BEF92E3048
:10BF2000DF194AEBE37A141941EBE2710791DDE97D
:10BF30000212CCFB8C12CDE90212DDE900120BF1EA
:10BF4000010BC3FB8312059BBBF5007FCDE90012FB
:10BF5000C3FB83890EF1060ED4D106999FED528A58
:10BF6000DFF840B1F1F738FF07EE900A27EE889A24
:10BF700051468BED7A9A3846F1F72EFF07EE900A7C
:10BF800067EE888A0799CBED7B8A2046F1F724FF7C
:10BF900007EE900ADDE9020127EE888A00298BED81
:10BFA0007C8AB1EE49AA04DA40F2FF13C01841F1CD
:10BFB0000001400A40EAC1504912F1F70DFF09EEB5
:10BFC000900ADDE90001EAEE099A0029B1EE68AABB
:10BFD000CBED779A04DA40F2FF13C01841F100016B
:10BFE000400A40EAC1504912F1F7F6FE09EE100A84
:10BFF000AAEE289AB9F1000F4046F1EE488A8BED7F
:10C00000789A494604DA40F2FF13C01849F100015A
:10C01000400A40EAC1504912F1F7DEFE07EE900AED
:10C020009FED227AE8EE887AF4EEC79AF1EE10FAE4
:10C03000CBED797A46D5B4EEC79AF1EE10FA41D538
:10C04000F4EEC77AF1EE10FA3CD5194F3B6803F5D0
:10C050007A741FF04DF8844230D21FF049F8DBF8B3
:10C06000E831CBF8D031DBF8EC31CBF8D431DBF868
:10C07000F031CBF8D831012338608BF8F431072048
:10C0800010F068FF0B48FEF701FD1BE0705A00201E
:10C09000185B0020D8500020CC500020884E002093
:10C0A0006C4E0020502300100000003B0000C842EE
:10C0B000D05B0020A4110020202500109BF8F43153
:10C0C000002BDCD1AC4BAD4A93ED747AD3ED754ABD
:10C0D00093ED765A82ED007A93F8F431C2ED014A7D
:10C0E00082ED025AA64AA74CDFEDA78A9FEDA78AE8
:10C0F000A74F1370002B3DD0A64A1378D3BBB4F9D9
:10C100000430A54906EE103AB4F9003005EE903A35
:10C11000B4F9023007EE903AF8EEE77AF8EEE55A15
:10C1200067EEA87A65EEA85A67EE887A65EE885AB7
:10C1300067EEA77AB8EEC66AE5EEA57A974B26EECB
:10C14000286A26EE086AE6EE067AB1EEE76AD3EDD3
:10C15000007A36EE276A83ED006A0B680133C82B3C
:10C160000B6007D1DFED8E6AC6EE267A01231370CD
:10C17000C7ED007AB6F900309FED8A6A8A4906EE6B
:10C18000903AB6F90230F8EEE66A0BA876EEC76A86
:10C1900007EE103AB6F9043007EE903AB8EEC77AD7
:10C1A000F8EEE77A37EE647A77EEC57A66EE866A5D
:10C1B00027EE067A67EE867A66EE886A27EE087AB8
:10C1C00067EE887ACDED0B6A8DED0C7ACDED0D7AA8
:10C1D000FFF70CFB74497548FFF718FE09238DF82B
:10C1E0005030714B93E8070015AE86E8070014A89D
:10C1F00019F09EFDB4F9003097ED007A07EE903A01
:10C20000F8EEE77AB4F9023067EEA87A11A967EE82
:10C21000887A0EA8C7EE876A07EE903AF8EEE77ABA
:10C22000B4F90430CDED0E6A67EEA87A67EE887A2D
:10C23000C7EE876A07EE903AF8EEE77ACDED0F6A1F
:10C2400067EEA87A27EE888AC8EE077ACDED107AD5
:10C25000FFF7CCFA564B9DED135AD3ED007A554BB0
:10C260009DED126AD3ED006A534BDDED115A53492F
:10C27000534826EEC57AA6EE277A67EE857A93EDC7
:10C28000005A504B85ED017AE6EE267A93ED006A6E
:10C2900066EE676A67EE857AE5EE856AE5EE867A90
:10C2A000C5ED006AC5ED027AFFF7B0FD95E807001D
:10C2B0000A2386E8070014A88DF8503019F038FDDD
:10C2C000414E3378002B38D0404C2378013BDBB211
:10C2D000237093BB3E4A09A90320FEF7B3FADDEDB4
:10C2E0000A7A9FED3C0A099BDFED3B0AAB6267EEE1
:10C2F000807A9FED3A0AC5ED097A80EE270AE8F7C1
:10C3000081FB374A0B238DF8503015ABF7EE007ADE
:10C3100030EE670ADFED337A9FED337A20EE270A9D
:10C32000C0EE077AC5ED0B7A07CA83E8070014A8A8
:10C3300019F0FEFC2D4B1B7823702D4802230022A0
:10C34000294600681DF012FF2A4817490068022399
:10C3500000221DF00BFF337833B1274820490068D5
:10C36000022300221DF002FF244800231A4619462A
:10C3700000681DF0FBFE73E5502300100050002004
:10C38000185000206C4E0020000040420000803712
:10C39000701300205C4E0020684E0020604E00208C
:10C3A0000000484300007A457C5A002024500020B9
:10C3B000504F0020C85B0020484F0020705A0020DA
:10C3C000B44D0020C05B00200051002078130020F5
:10C3D000B84E00200AD7233C54D4423ECDEC7D44D5
:10C3E000945A002033139543F4FDD43B7913002075
:10C3F000784E00201C500020804E0020584F002016
:10C400002DE9F04F2DED028B99B011F0CFFC0920F2
:10C41000FAF780FD0020FAF7D9FD0120FAF7E8FCD1
:10C420000020FAF78BFD0020FAF79AFD0020FAF7BA
:10C43000A9FD0120FAF7B8FDDFF85C840020FAF7C7
:10C44000E9FC0D20FAF7F8FC98F800309BB18C213C
:10C450000020FAF705FD02210020FAF715FD08215A
:10C460000020FAF73DFD01210020FAF70DFE012121
:10C470000020FAF71DFDDFF8249499F800303BB353
:10C48000DD210120FAF7ECFCA7210120FAF7FCFCE2
:10C4900004210120FAF724FD01210846FAF7F4FDF2
:10C4A00001210846FAF704FDDD210220FAF7D8FC45
:10C4B000AB210220FAF7E8FC02210846FAF710FD4A
:10C4C00001210220FAF7E0FD01210220FAF7F0FC39
:10C4D0000120FAF7EBFD0120CF4CFAF795FDA346BA
:10C4E00004F10C07CD4D28684FF0FF311EF096F88F
:10C4F00001288246F7D1CA4BCA4DCB48CB4E9FED9F
:10C50000CC8AD3E90023C4E90C2398F800300095C5
:10C51000002B99F8003014BF16220E22002B14BFF6
:10C5200006230023134469213B22F8F739FD2B88A9
:10C5300029896889AA895BBA73806B885BBA338062
:10C54000AB885BBAB380BB4B49BA40BA52BA598088
:10C5500018809A8009B212B200B200F049FBB64AC4
:10C56000B44B1070B54A00283BD0B5490878C0BB21
:10C57000B6F90400DFF828C307EE100AB6F9000088
:10C5800006EE900AB6F9020007EE900AF8EEE77A96
:10C59000F8EEE66A67EE887A66EE886A67EEA77A52
:10C5A000B8EEC77AE6EEA67AA64827EE087AE7EE56
:10C5B000077AB1EEE77AD0ED007A77EE277AC0ED10
:10C5C000007ADCF800000130C82808BFDFED9E6A61
:10C5D000CCF8000002BF87EEA67A81F800A082EDB9
:10C5E000007AB3F900209949DFED996AD1ED007A1C
:10C5F00007EE102AB8EEC77AB3F90220B3F9043077
:10C6000037EE677AD1ED017A27EE667A03A88DEDD1
:10C61000037A07EE102AB8EEC77A37EE677A07EE8C
:10C62000903A27EE267AF8EEE77A8DED047A91EDCE
:10C63000027A77EEC77A394667EEA67ACDED057AAB
:10C64000FFF768F983483946FFF7F1FBB6F9003088
:10C650007A4A5B4207EE903AF8EEE77A92ED007A7A
:10C66000B6F9023067EE887A09A9C7EE876A06A88C
:10C6700007EE903AF8EEE77AB6F90430CDED066AA7
:10C6800067EE887AC7EE876A07EE903AF8EEE77AA7
:10C69000CDED076A27EE888AC8EE077ACDED087AD5
:10C6A000FFF738F96C4B9DED0B5AD3ED007A6B4BCD
:10C6B0009DED0A6AD3ED006A694BDDED095A6948C0
:10C6C00026EEC57A2146A6EE277A67EE857A93EDA7
:10C6D000005A654B84ED017AE6EE267A93ED006A06
:10C6E00066EE676A67EE857AE5EE856AE5EE867A3C
:10C6F000C4ED006AC4ED027AFFF799FB98F80030A8
:10C7000013B3AA7BD2071FD5B5F91120DFED577AF5
:10C7100006EE902AB5F9132007EE102AB5F90F207E
:10C7200006EE102AF8EEE66AB8EEC66AB8EEC77AE8
:10C73000C6EE275A86EEA76AC7EE276AC4ED065AE8
:10C7400084ED076AC4ED086A99F80020002A33D006
:10C75000002B14BF16230E234549E85C10F0020F8E
:10C7600005EB030207D09378D5781B0243EA054313
:10C7700055782B430B6010F0010F3E4B1CBF928885
:10C780001A80B3F90030D1ED007ADFED3B6A3B4807
:10C7900007EE103AFBEECA7AB8EEC77AC4ED097A12
:10C7A000C7EE267A9FED367A77EE877AC4ED0A7A5D
:10C7B000F9F73EFB84ED0B0A9BE807000DAD85E819
:10C7C00007000A230CA88DF8303019F0B1FA2D4873
:10C7D00002230022214600681DF0C8FC97E80700EC
:10C7E000092385E807000CA88DF8303019F0A0FA6D
:10C7F000254826490068022300221DF0B7FC98F85E
:10C800000030002B4ED0224822490068022300222B
:10C810001DF0ACFC46E000BFA85A00201C5B0020C5
:10C82000E05000201A40002048100020724E0020E6
:10C830000000003AD250002019500020741300204C
:10C84000D45B0020644E0020000048430C500020C0
:10C8500000007A3D78500020544F0020CC5B00202F
:10C860004C4F0020084E0020C45B0020CDAC264475
:10C87000E05B0020E45B00200000F043CC5A002085
:10C8800000002A427C4E002020500020B45A002094
:10C8900008510020C05A0020DE5B0020015100201A
:10C8A000D85B002099F800308BB10D4E96E8070058
:10C8B0000B2385E807000CA88DF8303019F038FA02
:10C8C000084802230068002231461DF04FFC06484C
:10C8D00000231A46194600681DF048FC02E600BF16
:10C8E000CC5A0020844E00205C4F002073B5184CB9
:10C8F000184E042516483146FDF758FAF0B1013DAF
:10C90000F8D1154915481AF04BF9002411490025B2
:10C910000DF107008DF80750FDF70CFB9DF907306E
:10C9200033B90F490D481AF03BF9204602B070BDEB
:10C930000C490A481AF034F92C46F6E76288238835
:10C940001343A28813431BB2002BDAD00124DDE786
:10C95000CC500020884E0020D0CD0408ED530208B2
:10C9600001CE040822CE040808B5054B014600227A
:10C9700018681DF0B3FD431E5842584108BD00BF62
:10C980001C50002008B5054B0146002218681DF018
:10C99000A5FD431E5842584108BD00BF784E0020F7
:10C9A00008B5054B0146002218681DF097FD431E8F
:10C9B0005842584108BD00BF0451002008B5054B3E
:10C9C0000146002218681DF089FD431E5842584157
:10C9D00008BD00BF804E002010B504460C3000F0AA
:10C9E00077FD204600F07AFD04F1180000F07CFD90
:10C9F00004F1240000F07EFD024BD3E90C23C4E9CE
:10CA00000C2310BD705A0020014B1878704700BFEE
:10CA100018500020024B4FF0FF3118681DF0FEBD8A
:10CA2000584F002010B50D4B1C78ACB90C490D487F
:10CA30001AF0B6F80C4800F0C9F80C4B03F5FE727A
:10CA400083F8F541C3F8F821FEF7F8FFFFF744F942
:10CA5000BDE81040FFF78AB910BD00BF8227002053
:10CA600047CE0408ED530208884E002050230010E2
:10CA700010B5074B1C781CB9064907481AF090F806
:10CA8000FFF734FF002814BF2046002010BD00BF70
:10CA9000822700206ACE0408ED53020837B5FFF75D
:10CAA00025FF00250B498DF8075004460DF10700BE
:10CAB000FDF710F89DF9073033B9074907481AF018
:10CAC0006FF8204603B030BD054904481AF068F8F5
:10CAD0002C46F6E7884E00207ECE0408ED5302086F
:10CAE0009ECE040808B5214B0322DA7108BB40F63C
:10CAF00002421A811846FCF7F9FE18B11C491D487C
:10CB00001AF04EF8DFED1C0A9FED1C0A1C481AF0C3
:10CB10008DF8DFED190A9FED190A1A481AF086F808
:10CB2000DFED150A9FED150A1748BDE808401AF019
:10CB30007DB84FF440621A811846FCF7D7FE18B151
:10CB40000B490C481AF02CF89FED0C0A0C48F3EE38
:10CB50000E0A1AF06BF8F3EE0E0A9FED080A094868
:10CB60001AF064F8F3EE0E0ADCE700BF884E0020EE
:10CB7000C2CE0408ED5302080000FA4300007A44D4
:10CB8000B44D0020D04D0020EC4D002007B500230F
:10CB9000019301F0BDFB0B4BC3E900010A4B01A956
:10CBA00018681DF03DFC019B4BB14FF0E0234FF0A6
:10CBB0008052C3F8042DBFF34F8FBFF36F8F03B0C4
:10CBC0005DF804FBD8500020185B002046F61813CF
:10CBD000438000230371034B0362034B4362034B07
:10CBE00083627047A1B70108C5B70108E9B701081A
:10CBF0002DE9F04F2DED068B7E4B9C6A2080986AC4
:10CC00004180996A8A809A6A7B4993F82440063267
:10CC10008A4222BF03F12C029A62012287B034BFFC
:10CC20009A6283F82520002C40F0D48093F82530B8
:10CC3000002B00F0CF8000260027CDE90267CDE968
:10CC40000067DFF8B0E10594A0462546A1462046DE
:10CC50002146BEF92CC0BEF92E20BEF93030DDE9E8
:10CC600000AB1CEB000041EBEC715519CCFB8CAB1D
:10CC700049EBE2791C1948EBE378CDE900ABC3FB43
:10CC80008367DDE902AB059B0133C2FB82ABB3F5E1
:10CC9000806FCDE902AB05930EF1060ED9D1F1F705
:10CCA0009BF89FED568ADFF84CA107EE900A27EE1D
:10CCB000889A49468AED069A2846F1F78DF807EEDC
:10CCC000900A67EE888A4146CAED078A2046F1F746
:10CCD00083F807EE900ADDE9000127EE888A002933
:10CCE0008AED088AB1EE49AA04DA40F2FF33C0188F
:10CCF00041F10001800A40EA81508912F1F76CF895
:10CD000009EE900ADDE90201EAEE099A0029B1EE86
:10CD100068AACAED039A04DA40F2FF33C01841F161
:10CD20000001800A40EA81508912F1F755F809EEB6
:10CD3000100AAAEE289A002F3046F1EE488A8AEDB2
:10CD4000049A394604DA40F2FF33F01847F1000143
:10CD5000800A40EA81508912F1F73EF807EE900A06
:10CD60009FED277AE8EE887AF4EEC79AF1EE10FA92
:10CD7000CAED057A2ED5B4EEC79AF1EE10FA29D590
:10CD8000F4EEC77AF1EE10FA24D51E4D2B6803F5A8
:10CD90007A741EF0ADF9844218D21EF0A9F9DAF8BF
:10CDA0001830CAF80030DAF81C30CAF80430DAF863
:10CDB0002030CAF80830012328608AF82430072080
:10CDC00010F0C8F81048FDF761FE03E09AF824302F
:10CDD000002BF4D1074B0D4A19681160596893F87C
:10CDE000240051609968916007B0BDEC068BBDE8E6
:10CDF000F08F00BF1C330010484B00100000803A39
:10CE000000004842E85B0020A41100200C500020E4
:10CE100008B5054B0146002218681DF05FFB431E54
:10CE20005842584108BD00BF2050002008B5054BAE
:10CE30000146002218681DF051FB431E584258411C
:10CE400008BD00BF7C4E002008B5054B01460022FE
:10CE500018681DF043FB431E5842584108BD00BFEF
:10CE60000851002008B5054B0146002218681DF046
:10CE700035FB431E5842584108BD00BF844E002078
:10CE800010B504460C3000F023FB204600F026FBD2
:10CE900004F1180000F028FB04F1240000F02AFB44
:10CEA000024BD3E90C23C4E90C2310BDA85A00207F
:10CEB000014B1878704700BF19500020024B4FF00B
:10CEC000FF3118681DF0AABB5C4F00202DE9F0412E
:10CED000A14F2DED028B3B7888B0002B40F03081C4
:10CEE0009E4A9F4E9F4D82F8253002F12C0191629F
:10CEF00006A84FF47A7133702B7006931EF012FA65
:10CF00009948F9F7CBFCFAF745F9002800F01D81A4
:10CF100096499748DFF8DC82DFED968A9FED968A86
:10CF200019F03EFEFAF7D4F832201EF045FA002040
:10CF3000FAF7E0F864201EF03FFA0120FAF700F952
:10CF4000C8201EF039FA0120FAF7E6F80020FAF7B7
:10CF50004FF80120FAF73AF80320F9F70DFF032004
:10CF6000F9F71EFF0320F9F72FFF0020F9F7E4FE81
:10CF70000220F9F7EDFE002408EB0400F0EE680A49
:10CF8000B0EE480A19F052FE7C48F3EE0E0A204437
:10CF9000B0EE480A1C3419F049FE542CECD172480A
:10CFA000F7F764F9F7F76CF9002800F0D080012357
:10CFB00016203370F7F7C8F971496D4819F0F0FD84
:10CFC0006948F8F785FEF8F799FE002800F0C1805F
:10CFD0000120F8F7EDFE01236A492B706448DFED6C
:10CFE0006A8A9FED6A8A19F0DBFD19F0A5FB20EE35
:10CFF000280A032480EE080AE7F76EFA644B4FF420
:10D000000056022583ED000A19F096FB20EE280A4F
:10D0100080EE080AE7F78AFB5E4B83ED000A19F001
:10D020009BFB20EE280A80EE080AE7F755FA5A4BD8
:10D0300083ED000A19F090FB20EE280A80EE080A22
:10D04000E7F774FB554B00221146012083ED000ADF
:10D050000094534B1DF004F8524B00221146186007
:10D060000094514B01201CF0FBFF504B1860504BBB
:10D0700050484FF4804404A9CDE9044303F078F903
:10D0800021464C4803F0C4F9002404A949488DF80E
:10D09000175004968DF8144003F06AF928460D21C4
:10D0A00003F05EFC01254FF400630696ADF81C30DA
:10D0B0008DF81E504FF05F0383F31188BFF36F8F1D
:10D0C000BFF34F8F06A803F0FBF8304603F04AF990
:10D0D00084F31188384B009403F150020C21284648
:10D0E0001CF0BEFF354B1860354B009403F1500225
:10D0F0000C2128461CF0B4FF324B1860324B0094D0
:10D1000003F150020C2128461CF0AAFF2F4B186097
:10D110002F4B009403F150020C2128461CF0A0FF75
:10D120002C4B2D4918602D4B02932D4B019304235A
:10D1300000932C4823464FF496721DF00BFE3D7071
:10D1400008B0BDEC028BBDE8F0812749E1E6274934
:10D1500033E7274942E700BF832700201C33001034
:10D16000DE5B00200151002048100020DACE0408C8
:10D17000ED5302080000A04200007A44084E00204F
:10D1800018CF040854CF0408DB0F49400000344393
:10D190004C4F0020C45B0020544F0020CC5B00208B
:10D1A000705B00201C5B0020B04F00205C4F002013
:10D1B00001020002000802404C3100107C4E0020A9
:10D1C000A831001020500020043200100851002027
:10D1D00060320010844E0020C8CD0408BC3200101C
:10D1E000BC55002001C40108F8CE040835CF04085E
:10D1F00071CF04087850002038B5164B1D781DB942
:10D200001549164819F0CCFC4FF49674F9F790FBC9
:10D2100058B1134B01221A70114B1A78114B1B781D
:10D220001A4200D03DB9002038BD0A201EF0C4F8D3
:10D23000013CEBD1F0E7F7F7A5F80B4B18700B4B5F
:10D240001B78002BEFD00028EDD0F8F76FFE084BCD
:10D250001870E9E78327002090CF0408ED530208F7
:10D26000DF5B0020DE5B0020DC5B00200151002042
:10D27000DD5B002030B52DED068B89B01DF038FF49
:10D280000546F9F755FB0446002800F08E804A4B0E
:10D29000002283F8252003F12C029A6205AC1DF0D0
:10D2A00027FF431BB3F5FA6F1CD206ABCDE9004351
:10D2B0000DF11E020DF11A0107A80DF11603F9F781
:10D2C000B5FEBDF91820BDF91610BDF91400FFF721
:10D2D0008FFC0028E3D0394B39493A4801221A70B3
:10D2E00019F05EFC354B1C78002C63D0BDF91C3066
:10D2F000DFED357A9FED35AADFED359A08EE903AED
:10D30000BDF91E3008EE103AB8EEC88AF8EEE88A89
:10D3100028EE278A68EEA78A28EE087ABDF91A3027
:10D32000A8EEA87A5B42B1EEC70A07EE103AB8EE53
:10D33000C77A67EEC77A87EE800AE7F731FA20EE00
:10D340000A0A80EE299A88EE880AE7F729FA20EE81
:10D350000A0AB1EE047AC0EE297AF0EEE76AF4EE3A
:10D36000C76AF1EE10FA0BD5F0EEC96AF4EEC76A9F
:10D37000F1EE10FA04D51749124819F011FC14E027
:10D3800017EE900AF0F7B8F802460B4619EE100AAD
:10D39000CDE90223F0F7B0F8DDE90223CDE9000181
:10D3A0000D49084819F0FCFB0024204609B0BDECEB
:10D3B000068B30BD0949DFE71C33001019500020EF
:10D3C000B7CF0408ED5302080000003A00003443D0
:10D3D000DB0F4940D0CF0408E5CF040814D004087F
:10D3E00008B5C0B9F9F7F0FCDFED150A9FED150A95
:10D3F000154819F01BFCDFED120A9FED120A1348C5
:10D4000019F014FCDFED0E0A9FED0E0A1048BDE87E
:10D41000084019F00BBC0320F9F7D6FC9FED090A70
:10D420000948F3EE0E0A19F001FCF3EE0E0A9FED27
:10D43000050A064819F0FAFBF3EE0E0AE4E700BF0E
:10D440000000FA4300007A44084E0020244E0020D9
:10D45000404E00207047000038B5094D2C7874B953
:10D4600018F0BAFE08B1012803D1064C342202FBA1
:10D470000044054B1C606368984701232B7038BD3E
:10D480008427002030D00408EC5B0020014B1B688F
:10D490009B681847EC5B0020014B1B68DB68184752
:10D4A000EC5B0020034B1B681869003818BF012093
:10D4B000704700BFEC5B0020014B1B685B6918479D
:10D4C000EC5B0020014B1B689B691847EC5B00205C
:10D4D000014B1B68DB691847EC5B0020014B1B68A4
:10D4E0001B6A1847EC5B0020014B1B685B6A1847FE
:10D4F000EC5B0020014B1B689B6A1847EC5B00202B
:10D50000014B1B68DB6A1847EC5B0020064B4FF4AD
:10D510008072C3F88420BFF34F8FBFF36F8F034B2C
:10D5200001221A70704700BF00E100E0F05B0020AC
:10D53000034B4FF480725A60024B00221A707047FE
:10D5400000E100E0F05B0020014B1878704700BF5D
:10D55000F05B0020704710B503461446084632B110
:10D5600003F5806392B299B2F7F716F800B9002478
:10D57000204610BD10B503461446084632B103F5E7
:10D58000806392B299B2F6F7EFFF00B9002420460B
:10D5900010BD000008B501201CF0C1FE044B18604E
:10D5A000044B054801221A70BDE8084019F042BC3E
:10D5B000F45B0020852700207C130020F7B5019242
:10D5C0000D4A147805460E4694B10C4F4FF0FF31CA
:10D5D00038681DF023F8019B09483246294619F0A6
:10D5E0009FFC002304461A46386819461CF0BEFD0D
:10D5F000204603B0F0BD00BF85270020F45B00206B
:10D600007C13002073B50D4B01911C7805468CB13D
:10D610000B4E4FF0FF3130681DF000F8019A0948B9
:10D62000294619F0B9FC002304461A463068194609
:10D630001CF09CFD204602B070BD00BF8527002075
:10D64000F45B00207C130020F7B501920D4A14789A
:10D6500005460E4694B10C4F4FF0FF3138681CF070
:10D66000DDFF019B09483246294619F0F1FC0023F1
:10D6700004461A46386819461CF078FD204603B067
:10D68000F0BD00BF85270020F45B00207C13002044
:10D6900070B50B4B1C78054684B10A4E4FF0FF3134
:10D6A00030681CF0BBFF2946074819F004FD002331
:10D6B00004461A46306819461CF058FD204670BDD5
:10D6C00085270020F45B00207C13002038B5134D23
:10D6D0001349144819F064FA4FF0FF3128681CF020
:10D6E0009DFF114819F005FD0F4819F013FD0023A7
:10D6F00004461A46194628681CF038FD0B4A0C4BA4
:10D700000C490848002C08BF1A4619F049FA1CB900
:10D710000949044819F044FA204638BDF45B00205A
:10D72000A4D00408ED5302087C13002098D004080C
:10D730009DD00408C7D00408E3D0040838B5104DC4
:10D740004FF0FF3128681CF069FF0E4819F0E2FC29
:10D75000002304461A46194628681CF007FD0A4AA9
:10D760000A4B0B490B48002C08BF1A4619F018FA4F
:10D770001CB9BDE83840FFF7A9BF204638BD00BF3F
:10D78000F45B00207C13002098D004089DD004088E
:10D79000C7D00408ED530208024B1B780BB1FFF70A
:10D7A00095BF7047F15B0020F0B51F4C1F4D2068FE
:10D7B0008FB04FF0FF311CF031FF04A91C4819F065
:10D7C000BFFC00231A46194620681CF0CFFC069BBC
:10D7D0000499642404FB03F22846B2FBF1F2CDE97C
:10D7E0000012059A134919F0DBF90C9A12492846E0
:10D7F00019F0D6F90798099E089A049B04FB02F7D2
:10D8000004FB06F14443B1FBF3F1B4FBF3F4CDE9BF
:10D810000261B7FBF3F3CDE900040849284619F08B
:10D82000BFF90FB0F0BD00BFF45B0020ED5302085C
:10D830007C1300200BD104084CD104086AD10408E1
:10D8400010B5044C23781BB1FFF7AEFF0023237003
:10D8500010BD00BFF85B002000B5304D304C314E9C
:10D8600093B00DF10600FAF7D7FB9DF8062002F001
:10D87000F003202B47D005D8002B3AD0102B3DD0F9
:10D88000294632E0302B43D0F02BF9D1F02AE8D1F1
:10D890009DF808203146204619F082F99DF80920AC
:10D8A0002149204619F07CF99DF80A201F4920469D
:10D8B00019F076F99DF80B201D49204619F070F9F2
:10D8C0009DF80C201B49204619F06AF99DF80D209F
:10D8D0001949204619F064F99DF80E201749204691
:10D8E00019F05EF99DF80F201549204619F058F9F6
:10D8F000B7E70DF10600FDF7BFFEB2E70DF1060038
:10D90000FDF786FCADE70DF10600FDF771FAA8E71B
:10D910000DF1060010F098FBA3E700BFBCD204088D
:10D92000ED530208C8D10408E6D1040801D2040866
:10D930001CD2040831D204084ED204086CD2040868
:10D9400094D2040830B51C4D2B7887B08BBB194698
:10D950000322012005931CF0D1FB1849086020B177
:10D96000059B1A4619461CF001FC154B02936033C7
:10D9700001930323134900934FF496720023124836
:10D980001DF0E8F9114B0093012200234FF47A7146
:10D990000F481EF01BFB04461DF0AAFB4FF47A73E0
:10D9A000024600930121002320461EF081FB012343
:10D9B0002B7007B030BD00BF862700203C6C0020D4
:10D9C000484B0010D4D2040859D8010879DA01086C
:10D9D000DCD20408014B1878704700BF862700206E
:10D9E000014B1878704700BF86270020F8B51E4EFF
:10D9F00005464FF0FF3130681CF010FE6B78402B6D
:10DA000004D91A491A48912218F03EFC194CBC233B
:10DA10002370CF2363702B78A3706A78E270A91CFF
:10DA2000201DEAF797F86D780023A81D1F460222F3
:10DA300005F1040C94450EDC04F80C702C440D49DF
:10DA40006371FAF7F3FA002330681A4619461CF09E
:10DA50008DFB0020F8BDA15C394453FA81F3CFB2AD
:10DA6000DBB20132E6E700BF3C6C0020E9D20408DB
:10DA700030D30408F95B002010B50A4B1A787AB14C
:10DA800000241C70FAF7C0FC0749084819F088F810
:10DA90000748F02303704470BDE81040FFF7A6BFAD
:10DAA00010BD00BF406C00204BD30408ED530208AA
:10DAB0007E32002007B50121084602F057FE40F2F1
:10DAC00002334FF4C05269461648CDE9002302F0F4
:10DAD0004FFC14480A220B2102F0A1FC0A22114833
:10DAE0000C2102F09CFC4FF48063009303238DF81B
:10DAF0000530694640F201130A48ADF8063002F0DD
:10DB000037FC0A221146074802F089FC01214FF434
:10DB1000804002F04FFE0121802002F033FE03B06E
:10DB20005DF804FB0000024007B54FF4407002F0BE
:10DB30009BFD43238DF804300A238DF80530002324
:10DB40008DF8063001A801238DF8073002F096FD0C
:10DB500003B05DF804FB3723584300230133984298
:10DB6000FCD270474FF47A735843FFF7F4BF0000BC
:10DB7000122301480B8070478C13002004230148B6
:10DB80000B8070479E13002010B5044C04480A46D1
:10DB9000214603F05BFD204610BD00BF5850001029
:10DBA00074D30408F0B589B000230A468DF81F30FD
:10DBB0000C490D4D0D4E0DF10703184611F8014BA0
:10DBC000270904F00F04EF5D2C5D1F70B1425C70FB
:10DBD00003F10203F2D1064903F038FD044809B00D
:10DBE000F0BD00BF107AFF1FDBD304081C7AFF1FB3
:10DBF000585000100A4608B5044920B9044803F0FB
:10DC000025FD024808BD0348F9E700BF5850001041
:10DC100080D30408A1D3040810B5044C04480A4674
:10DC2000214603F013FD204610BD00BF58500010E0
:10DC3000AFD304080A4608B5044920B9044803F0E4
:10DC400005FD024808BD0348F9E700BF5850001021
:10DC5000BAD30408C8D304080020704708B50B4C99
:10DC60000B4E651C094800F0ABFA22780948531E98
:10DC700029463370E9F76EFF07480549006800231D
:10DC80004FF0FF321CF072FAECE700BFFC6E002090
:10DC90009C6E00209D6E0020D44C002008B5084BDF
:10DCA0000146642218681CF019FC012804D10548BB
:10DCB000FCF7ECFE002008BD4FF0FF30FBE700BF93
:10DCC000D44C00202412002010B503783F2B0446CA
:10DCD00004D90C490C48632218F0D6FA0B48637833
:10DCE000037022781E2A03D8A11C0130E9F732FF05
:10DCF000247807480134FCF7C9FE0449204600F0A7
:10DD00008DFA10BDEBD3040832D404083F5C002028
:10DD10001412002030B5104D2C7885B0CCB900F02D
:10DD20001BFA0E4B009403F15002202110201CF02E
:10DD300097F90B4B0B4918600B4B02930B4B01935C
:10DD4000032300930A48234696221DF003F801237B
:10DD50002B7005B030BD00BF872700205851001040
:10DD6000D44C002048D40408A8530010446C002070
:10DD70005DDC010800487047C0130020034B1A689F
:10DD8000FF2A1CBFFF221A6000207047F0130020FA
:10DD9000622301480B807047211400207047000067
:10DDA000F7B51F4E0023019333780546E3B91D4BA9
:10DDB0001D4C186801AA21461CF08AFD012807D1D4
:10DDC0002246307012F8013B8121284604F05DFBA9
:10DDD000019B4BB14FF0E0234FF08052C3F8042D6C
:10DDE000BFF34F8FBFF36F8F104E347874B10020A4
:10DDF00003B0F0BD0134402C09D1012333700C4A2B
:10DE000023468221284604F040FBF0E7084F3819EA
:10DE100010F054FA0128EDD0002CE8D0EDE700BF57
:10DE2000856F002090700020C86F0020866F002052
:10DE30004B700020F8B50D7805F06004402C0246C8
:10DE40000B4627D18E88012E18D12B4FFFF792FF5A
:10DE500009F01AFC3B7813B900242046F8BD274B83
:10DE600018681CF0A7FD05460028F5D1244A25486E
:10DE70002346314604F0E7FA3D70EDE7022E04D167
:10DE80000021084606F0E2FCE6E7FDF785FC09F014
:10DE9000FBFBE1E7ACB1202C1AD1CC8874B12A0687
:10DEA00004D51949224603F0BAF9D5E7174B4A7849
:10DEB0001A601549224603F0C7F9CDE710F034F98E
:10DEC000CBE74D780A2D09D00B2D0CD0062DC4D1EF
:10DED0001946104603F0ACFB0224BEE70C490122B0
:10DEE00003F09DF9B9E78B7813B9094B1C60B4E7CF
:10DEF00003F09EFBB1E700BF201400208C700020CF
:10DF0000886F0020085400103D6F0020F01300209F
:10DF10009470002010B58121044604F07DFA01219F
:10DF2000204604F079FA8221204604F075FA022195
:10DF3000204604F071FA8321204604F06DFA002097
:10DF400010BD000038B5402204460223812104F0B0
:10DF500041FA022340220121204604F03BFA134AF1
:10DF600040230121204604F06EFA114B00251D705C
:10DF7000402202238221204604F02CFA0223194673
:10DF80004022204604F026FA03230822832120465B
:10DF900004F020FA074B084A5D71022119712046EE
:10DFA000402304F050FA284638BD00BF886F002097
:10DFB000201400208C130020456F002037B500236B
:10DFC0000193FDF7E9FB09F05FFB0C4B1B7843B1B4
:10DFD0000B4C0C4D206801AA29461CF079FC012845
:10DFE000F8D08121084803F04BFC084B01221A703D
:10DFF000074B00221A7003B030BD00BF88270020F5
:10E0000090700020C86F00200854001020140020D9
:10E01000856F0020FFF7D2BFFFF7D0BF0129F7B50A
:10E0200005464FF0000422D11C4E1D4B0194347064
:10E030001C4C186801AA21461CF04AFC012807D193
:10E040002246307012F8013B8121284604F01DFA67
:10E05000019B4BB14FF0E0234FF08052C3F8042DE9
:10E06000BFF34F8FBFF36F8F002003B0F0BD0E4E94
:10E070000E4F3470381910F021F9012802D0002C0D
:10E08000F2D002E00134402CF4D101233370074A6E
:10E0900023468221284604F0F8F9E5E7856F002041
:10E0A00090700020C86F0020866F00204B70002009
:10E0B00001292DE9F74305460C4627D11F4FDFF80C
:10E0C0008480D0F8B42388F80020002338680193B6
:10E0D00001AA41461CF036F9461E3868DFF8689000
:10E0E00018BF01261CF066FC074660B9402308F102
:10E0F00001022146284604F0A6F989F8007030464E
:10E1000003B0BDE8F08389F80040F8E7282101FB5F
:10E1100004040B4FB4F88C430026B44207DC084AD1
:10E1200040230221284604F08EF90026E7E717F87D
:10E13000010B10F005F80136EFE700BF8C700020EE
:10E14000456F0020876F0020201400207047704723
:10E150007047FFF733BF000037B5124C124B0093E6
:10E1600020460025114B124A012103F029F804F240
:10E17000F45304F244620095412105201BF070FF26
:10E180000C4B04F2DC721860412104F28C73009590
:10E1900001201BF065FF084B1860084B01221A7024
:10E1A00003B030BD08540010D4130020F413002035
:10E1B000A41300208C70002090700020882700207D
:10E1C00038B5114D0446214628684FF0FF321CF047
:10E1D00085F901280146F6D10C4B0822C3F88820A6
:10E1E000BFF34F8FBFF36F8F094C237833B14023B8
:10E1F000084A094804F027F900232370034B08223A
:10E200009A60012038BD00BF8C70002000E100E062
:10E2100020140020886F00200854001010B5094C0D
:10E220000246204600F8012BE9F794FC064800233B
:10E230006422214600681BF099FF431E5842584152
:10E2400010BD00BF097000209070002030B51E4D39
:10E250002C7885B0ACBB1D4B012120201C6002F046
:10E260009DFA4FF6FF730293194B1A481A4A1B681E
:10E27000ADF80C4001A9B3FBF2F3ADF80640ADF8E0
:10E2800004308DF80E4002F0B7FB37238DF80030D4
:10E290008DF802400423012468468DF801308DF882
:10E2A000034002F0EBF92146202001F0E7FE094887
:10E2B0002246214602F0ABFD0648214602F0E5FB6E
:10E2C0002C7005B030BD00BF892700209C70002055
:10E2D000841400200014004080841E00044ABFF310
:10E2E0005B8F00231360034ABFF35B8F5362704759
:10E2F0009C7000200014004008B504490B781BB145
:10E30000FFF7ECFF00230B7008BD00BF98700020E2
:10E3100010B50D490D4ABFF35B8F0B68BFF35B8FE0
:10E32000546ABFF35B8F0868BFF35B8F834205D1EC
:10E330001804190C001941F1000110BD536A010CB9
:10E340000004C018F7E700BF9C70002000140040D4
:10E3500008B50848012102F074FDBFF35B8F064B3E
:10E3600053E8002F013243E800210029F8D1BFF320
:10E370005B8F08BD001400409C70002010B506F0B3
:10E3800047FA17F011FF044600B1FEE70FF046FC14
:10E390001CF04EFEF7F7BAFA01212046F7F798FA7B
:10E3A00001210846F7F794FAFEE70000002103E098
:10E3B000144B5B58435004311348144B42189A4293
:10E3C000F6D3134A02E0002342F8043B114B9A4271
:10E3D000F9D3002103E0104B5B58435004310F4840
:10E3E0000F4B42189A42F6D30E4A02E00023136004
:10E3F00004320D4B9A42F9D300F01AF8FFF7BEFF32
:10E4000070470000887F05080000002014270020C6
:10E410002027002000C601209CA6050828F3001034
:10E4200028F300100000001028F30010FEE70000A1
:10E43000344AD2F8883043F47003C2F88830324B43
:10E440001A68002142F001021A6099601A6822F0ED
:10E45000847222F480321A602C4A5A601A6882B0A0
:10E4600022F480221A60D960009101911A6842F466
:10E4700080321A601A6802F400320192009A013266
:10E480000092019A1AB9009AB2F5A04FF2D11B6816
:10E4900013F4003318BF01230193019B012B2ED1EC
:10E4A000194B1B491A6C42F080521A640A6842F4F4
:10E4B00040420A609A689A609A6842F400429A6000
:10E4C0009A6842F4A0529A60124A5A601A6842F05E
:10E4D00080721A601A689201FCD50F4A40F20571E9
:10E4E00011609A6822F003029A609A6842F0020270
:10E4F0009A60054A936803F00C03082BFAD102B026
:10E50000704700BF00ED00E00038024010300024EA
:10E510000070004008544007003C0240006870470B
:10E520000B0A017043700B0C090E8370C1707047A9
:10E53000024400F8011B9042FBD17047C3690239C5
:10E54000023B8B4283BF4389006B01FB0300002029
:10E550007047C2F307238A76CB760378032B01BF7B
:10E56000120C0A75120A4A757047024600F10B0137
:10E57000002012F8013B03EB500303EBC0138A4267
:10E58000D8B2F6D17047000070B5036803B31C46DB
:10E5900014F8012B1F2A28D93A2AF9D11A78A2F1A6
:10E5A0003001092917D9124D15F8012B13F8011B59
:10E5B000A2F16106192E98BF203AA1F1610698BF19
:10E5C000D2B2192E9CBF2039C9B262B19142EBD0B0
:10E5D0004FF0FF3006E0991C8C42E4D1302AF7D18D
:10E5E0000460002070BD9C42F9E7024B1878F9E7FF
:10E5F000629C0408A070002038B50D46044618B986
:10E60000092000232B6038BD0368002BF8D01A784E
:10E61000002AF5D08188DA889142F1D15878F5F74F
:10E6200067F810F00100EBD12368EBE72DE9F04724
:10E630000027D0F800A08F75836905460C46002B93
:10E6400000F09180C36A01336ED100231A462E2058
:10E65000EE69B15C202902F101020CD0052908BF46
:10E66000E521092A04D10B2B9EBFE61801337072F5
:10E67000E618013371720B2AEAD1E21800215172B7
:10E68000A27D002A61D1002B55D06FF0080604F15D
:10E6900009010820361B721811F8013B002B4DD0E0
:10E6A0002E2B9AB261D0A2F14107192F05D8EF693C
:10E6B0003F7B384201D003F120020A73EBE7B9F146
:10E6C000000F05D100F520539BB2B3F5006F13D3B3
:10E6D00040F2523140EA094001F0A6FBFF28C8F1A0
:10E6E000FF0619D9012E22D904EB0803020A9A75F4
:10E6F000D87502239844002002378146DAF80C309E
:10E70000D85B0028DBD14646B9F1000F18BF0026C0
:10E7100026440023B37598E758B1002EF4D004EBDB
:10E72000080398750123E5E7B946B846E6E70026F1
:10E73000EAE70646E8E73F23A375012222440023C7
:10E740009375EB691B7B03B96372EB69DB7A237208
:10E75000E8691C30FFF7E2FE2060EB69DB8AE380AA
:10E76000EB691B8BA380BDE8F08710201A46A4E755
:10E7700038B50568044615F8010B20B140F2523156
:10E7800001F072FB08B1256038BD4FF0FF30FBE7A8
:10E7900001380A4411F8013B00F8013F9142F9D1D8
:10E7A000704737B5C37804461BB90025284603B027
:10E7B00030BD00F13801426B407801910123F4F73C
:10E7C000A5FF054680B9A36AE070606B226AC31A90
:10E7D0009342EAD2A3780199022BE6D102440123A5
:10E7E0006078F4F793FFE1E70125DFE738B5436B85
:10E7F0008B4205460C4610D0FFF7D3FF60B9224686
:10E800006878012305F13801F4F778FF00281CBF70
:10E810004FF0FF3401206C6338BD0020FCE700009E
:10E82000002370B5C3704FF0FF3343630446FFF716
:10E83000DDFF00283FD194F83830B4F83622EB2BB6
:10E8400003D01833DBB2012B2BD84AF655239A425A
:10E850000ED11A4D04F18A0104F1920611F8013B20
:10E8600015F8010B8E42A3EB000021D00028F5D053
:10E87000B4F84330591E194213D1B3F5007F10D1BB
:10E8800094F8450068B1431E18400AD194F8483006
:10E89000013B012B05D8B4F8493013B1B4F84E3020
:10E8A00043B94AF6552082420CBF0220032001E002
:10E8B0000028DDD170BD0420FCE700BF50D404085F
:10E8C00001292DE9F04706460C46174673D9C3695E
:10E8D0008B4270D90378022B3FD0032B50D0012BF1
:10E8E00069D101EB5108816A01EB5821FFF77EFFE6
:10E8F000054638BB06F1380908F1010AC8F30808D3
:10E9000014F001041FBF19F8083003F00F023B0197
:10E9100003F0F00314BF1343FBB209F80830B16AE7
:10E920000123F37001EB5A213046FFF75FFF0546E4
:10E9300040B9CAF3080A44B1C7F3071709F80A70C7
:10E940000123F3702846BDE8F08719F80A30C7F3B1
:10E95000032723F00F031F43F0E7816A01EB142123
:10E96000FFF744FF05460028ECD1640006F13803A8
:10E9700004F4FF7418191F55C7F307274770DFE722
:10E98000816A01EBD411FFF731FF05460028D9D188
:10E99000A40006F1380304F4FE741C442046FFF77B
:10E9A000BDFD27F0704700F0704047EA00012046A7
:10E9B000FFF7B6FDC4E70225C4E7F7B504460191A9
:10E9C000FFF7EFFE054600BB01992046FFF7B6FDB5
:10E9D00004F13807064660634FF400722946384652
:10E9E000FFF7A6FD63899D4205D36089401B18BFD0
:10E9F000012003B0F0BD6078012372193946F4F7A5
:10EA000085FE0028F1D10135ECE70120F1E7F8B5EA
:10EA10000446FFF7C6FE0546002842D12378032BA3
:10EA200037D12779012F34D104F1380601464FF44C
:10EA3000007230465523FFF77BFD84F83632AA2357
:10EA400084F8373252234122722184F8383084F816
:10EA50003930612384F83A3084F81F3284F83B203F
:10EA600084F81C1284F81D1284F81E22616904F5D2
:10EA70000870FFF755FD216904F50970FFF750FD97
:10EA8000626A6078013262633B463146F4F73EFECB
:10EA90002571002260781146F4F740FE003818BF57
:10EAA0000120F8BDF0B5002385B00B600F46154678
:10EAB000FFF76AFD061EC0F20581894B53F8264018
:10EAC000002C00F001813C60237805F0FE0563B165
:10EAD0006078F4F70DFEC70707D41DB110F00405E8
:10EAE00000D00A25284605B0F0BDF0B200232370FF
:10EAF0006070F4F7F7FDC60700F1E8800DB141073B
:10EB0000EFD400212046FFF78BFE022840F0C4809E
:10EB10006E4604F5FF7304F23E2132461846FFF7B5
:10EB2000FDFC10338B4242F8040BF7D1002556F858
:10EB3000041B002900F0A7802046FFF771FE012882
:10EB400000F2A280B4F84330B3F5007F40F0A98012
:10EB5000B4F84E6026B904F15C00FFF7DFFC06460E
:10EB600094F84830616B26625A1E012AA37000F2A5
:10EB7000988094F845506581002D00F092806A1EBF
:10EB80002A4240F08E80B4F8497027813A0740F05D
:10EB90008880B4F84B0018B904F15800FFF7BEFCA8
:10EBA000B4F84620002A7CD006FB03FE02EB171CBB
:10EBB000F444604575D3A0EB0C00A842B0FBF5F31C
:10EBC0006FD3484883426CD84FF6F57083427FD9A3
:10EBD000032502330A4401EB0C00032DE36161625B
:10EBE000A26220635FD1B4F862203A4359D104F1A4
:10EBF0006400FFF793FC9B00E06203F2FF13B6EBA7
:10EC0000532F4ED34FF0FF33C4E90433032D4FF09D
:10EC1000800323712BD1B4F86830012B27D1013147
:10EC20002046FFF7E3FD10BBB4F8362220714AF608
:10EC300055239A421BD104F13800FFF76FFC2A4B91
:10EC4000984214D104F50770FFF768FC03F1FF53F5
:10EC500003F500532033984209D104F50870FFF7FB
:10EC60005DFC606104F50970FFF758FC20611F4AE4
:10EC70002570138801339BB21380E38000251C4B61
:10EC8000E360A5612EE703200135042D7FF44FAF2B
:10EC9000042806D1012525E70428FBD001287FF6AA
:10ECA00051AF0D251EE7002FFBD07244022DE2620A
:10ECB0004FEA43021BBFD21803F00103134603EBD4
:10ECC00052039AE70B250DE70C250BE7032509E70F
:10ECD00040F6F575AB428CBF0225012579E700BFF0
:10ECE00060370020F5FFFF0F52526141A2700020F3
:10ECF000A470002003284B8B04BF8A8A43EA024396
:10ED0000184670470129F8B506460C464ED9C36926
:10ED100099424BD20378022B29D0032B34D0012BFC
:10ED200044D101EB5105816A01EB5521FFF75EFDEE
:10ED300010B14FF0FF30F8BD6F1CB16AC5F3080584
:10ED4000354401EB5721304695F83850FFF74EFD1A
:10ED50000028EED1C7F308073E44E30796F83800D1
:10ED600045EA00204CBF0009C0F30B00E3E7816ACD
:10ED700001EB1421FFF73AFD0028DAD1640004F416
:10ED8000FF742644308FD6E7816A01EBD411FFF778
:10ED90002DFD0028CDD1A40006F1380004F4FE7446
:10EDA0002044FFF7BBFB20F07040C4E70120C2E71E
:10EDB00037B50C46012C054611462BD9C3699C4238
:10EDC00028D222B14FF0FF32FFF77AFD40B9214639
:10EDD00028460194FFF796FF0199044610B90020D8
:10EDE00003B030BD012815D0431C15D000222846A1
:10EDF000FFF766FD0028F3D1EA696B69911E8B422B
:10EE000005D201336B612B7943F001032B719442DE
:10EE1000DDD3E4E70220E3E70120E1E7F8B50546AA
:10EE20000F4649B90669B6B1C3699E4228BF01269B
:10EE30006B6993B9002405E0FFF764FF01280446DD
:10EE400002D801242046F8BD421C50D0EB699842FC
:10EE5000F8D33E46ECE70126EAE7B74215D1EB6965
:10EE60007C1C9C4228BF022421462846FFF74AFF0B
:10EE70000128E6D0431C3AD0D8B12B69012B04D924
:10EE8000EA69934234BF1E463E463446EB6901347C
:10EE90009C4202D3012ECDD9022421462846FFF7F9
:10EEA00031FF40B10128CCD0013020D0A642EDD1B5
:10EEB000C0E7002CE9D04FF0FF3221462846FFF78B
:10EEC000FFFC90B957B9EA696B692C61023A934229
:10EED00010D92B7943F001032B71B3E72246394651
:10EEE0002846FFF7EDFC0028EDD00128A9D14FF00E
:10EEF000FF34A7E7013B6B61EBE72DE9F8430769B6
:10EF000006682037B7F5001F24BF0023836183699B
:10EF10000446894673B1C7F30808B8F1000F39D128
:10EF200041690133836139B93389B3EB571F31D854
:10EF30000023A36104200BE07389013B13EA5723EC
:10EF400028D13046FFF7DEFE0128054602D8022010
:10EF5000BDE8F883421C01D10120F9E7F36983423F
:10EF600012D8B9F1000FE3D061692068FFF756FFAE
:10EF70000546A8B10128EAD0431CEDD00146304631
:10EF8000FFF71BFD0028E7D1656129463046FFF7F2
:10EF9000D5FAA061383646442761E6610020D7E7FC
:10EFA0000720D5E7B1F5001FF8B506460C4601D39A
:10EFB0000220F8BDCA06FBD1826805680161CAB9A2
:10EFC0002B78022B01D9EB6A9BB92B89B3EB541F29
:10EFD000EED9EB6AB361B3697261002BE8D003EB41
:10EFE00054233835C4F308042C44B361F461002081
:10EFF000DFE71A466F897F02BC42114604D22846D9
:10F00000FFF79CFAB061E6E73068FFF77BFE431C30
:10F01000024606D00128CBD9EB698342C8D9E41B4C
:10F02000EAE70120C5E7F8B50E4600210768044667
:10F03000FFF7B8FFA8B90546A1693846FFF7D6FB28
:10F0400078B9E3691B78E52B00D01BB90135B542CF
:10F0500001D1F8BD054601212046FFF74EFF0028EB
:10F06000EAD0042808BF0720F3E700002DE9F04F9D
:10F07000002185B0D0F800B00446FFF793FF0646A4
:10F08000002840F098804FF0FF3A4FF0FF08C4F896
:10F090002CA0C146A1695846FFF7A8FB06460028E8
:10F0A00040F08980E5692F78002F00F08880EA7AA7
:10F0B000E52F02F03F03A37103D0100704D50F2BF7
:10F0C00004D0C4F82CA050E00F2B56D194F82B306C
:10F0D000590640D47A0646D5236995F80D80E36237
:10F0E00007F0BF076B7B43453FD16B8B002B3CD1B7
:10F0F0002E78DBF80C30009306F03F06013E0D231E
:10F10000DFF8C4905E43012219F8013BEB5A7AB351
:10F11000FF2E2AD81846039300F0BAFE009B0290F7
:10F12000711C33F81600019100F0B2FE029A82427F
:10F130001BD1039B01991A460E46224B9945E3D1F8
:10F140002B785B0604D51AB1009B33F8163063B9EF
:10F15000013F5FFA87F900212046FFF7CEFE064601
:10F16000002897D027E0B945BCD04FF0FF09F2E75F
:10F170004FF6FF718B42E0D0F7E7B9F1000F04D1F1
:10F180002846FFF7F2F9404515D094F82B6016F0A9
:10F19000010696D104F1200205F10B0115F8013B9F
:10F1A00012F8010B8D42A3EB000302D0002BF5D027
:10F1B00087E7002B85D1304605B0BDE8F08F0426E7
:10F1C000F9E700BFF6D40408E9D404082DE9F04FAC
:10F1D00087B0036801930B782F2B06468B4601D02E
:10F1E0005C2B0AD15A4613782F2B934602F1010269
:10F1F000F9D05C2BF7D0002301E0019B9B69B36041
:10F200009BF800301F2B00F21F8180230021304625
:10F2100086F82B3007B0BDE8F04FFFF7C3BEFE2DD8
:10F2200000F23B8129F81530013513E101330593D4
:10F23000059B1A782F2AF9D05C2AF7D00024012DDB
:10F24000DDF814B02FD1B9F800302E2B31D10023C6
:10F2500029F8153006F120029D428CBF2E21202175
:10F2600001330B2B02F8011BF6D144F0200486F881
:10F270002B403046FFF7FAFE96F82B30002800F0BE
:10F28000D380042840F00A81990603F0040240F17B
:10F29000C780002A00F0D880802386F82B30002019
:10F2A000FCE00424CBE7022D03D1B9F802302E2B69
:10F2B000C9D0A9F102028DBB002229F81520002D2A
:10F2C00000F0EB8039F812102029134602F10102F8
:10F2D000F8D00BB92E2901D144F00304A9F10201A1
:10F2E00031F815202E2A01D0013DF9D120210B2221
:10F2F0007018FFF71DF94FF000084FF0080A474655
:10F3000039F813005A1C00B3202803D02E280DD141
:10F31000AA420FD044F003041346F1E732F8153047
:10F32000202B01D02E2BC7D1013DC4E7D04505D2FB
:10F33000AA4239D1BAF10B0F2ED102E0BAF10B0F6C
:10F3400025D144F003044FF00B0A96F82030E52B4A
:10F3500004BF052386F82030BAF1080F04BFBF00B0
:10F36000FFB207F00C030C2B03D007F00303032BB1
:10F3700001D144F00204A3073FF579AFFD0748BF70
:10F3800044F01004780748BF44F008046FE7AA422D
:10F3900002D044F00304D8D8BF00FFB22A464FF091
:10F3A0000B0A4FF00808B7E77F2812D944F0020390
:10F3B00040F252310392029300F036FD10F0800FBC
:10F3C000DDE9023210D03F4900F07F00085C1C46A6
:10F3D00030B13D4911F8013B002B64D08342F9D193
:10F3E00044F003045F2011E0FF28F0D90AF1FF3157
:10F3F000884503D344F00304D0468DE706EB0801AB
:10F40000040A81F8204008F101081C4606EB0803B5
:10F4100008F1010883F820007EE747F00207F5E7CE
:10F42000002A08BF052039E05A0737D4B379DB0634
:10F4300037D5019B31693833C1F308011944019B69
:10F440001878FFF757FCB0603368CDF814B0D3F8E4
:10F450000C90002505A8FFF78BF9421C1DD0B0F5D4
:10F46000803F24BF030C29F8153083B228BF013533
:10F470001F2B7FF616AF2F2B3FF4DAAE5C2B3FF439
:10F48000D7AE7F2B3FF6CBAE1049184611F8012BB3
:10F49000002A3FF4C4AE8242F8D1062007B0BDE88E
:10F4A000F08F0520FAE7A0F141039BB2192BB4D9E4
:10F4B000A0F161039BB2192B9EBF203847F00107D2
:10F4C00080B2A3E769D4040862D4040859D40408BC
:10F4D0002DE9F04F90F82B4014F0A00489B00546B8
:10F4E00040F0DC800668F26832F81430002B68D1F6
:10F4F00005F120070C22394605A8FFF749F99DF8C8
:10F500001F30DB0740F1D3804023DFF8048285F809
:10F510002B304FF0010A0B2205A93846D6F80C9083
:10F52000FFF736F9BAF1050F5CD9A9F1020153468C
:10F5300031F8022F002A46D10DF11300072203F003
:10F540000F0C0CF13001392988BF0CF137010F2B5A
:10F5500000F8011902F1FF324FEA131144D802F109
:10F5600020036B447E2103F8141C394600239A4281
:10F5700005D011F8010B202803F1010C36D105F15B
:10F580001F00072A9CBF02F12001694403F1010317
:10F5900096BF11F8141C20210132072BC154F0D959
:10F5A0002846FFF763FD814600287AD10AF1010A57
:10F5B000BAF1640FAFD14FF00709484609B0BDE872
:10F5C000F08F013490E7102002F0010C0CEB4303A4
:10F5D00013F4803F18BF83EA080301384FEA520250
:10F5E000F2D1A5E75346A7E70B46A8E76346BEE777
:10F5F00029692846A1EB4411FFF7D4FC8146002875
:10F60000DBD13846FEF7B1FF4FF6FF780190A969CC
:10F610003046FFF7EBF881460028CED1EB69019A1E
:10F62000D6F80CE05A73E1B24FF00F024FF00D0C18
:10F63000DA72DFF8E0A018734A1E0CFB02F298762B
:10F64000D87684461AF8019B404518BF3EF8120050
:10F6500003F8090003EB090B0CF1010C18BF013290
:10F660004FEA1029002808BF4046BCF10D0F8BF867
:10F670000190E7D1404502D03EF812200AB941F08E
:10F68000400119700123F37000212846FFF735FC73
:10F690008146002891D1013CB9D11DE04FF0060907
:10F6A0008BE7042889D19DF81F3085F82B309DF811
:10F6B0001F309B0745BF0C340D210124B4FBF1F42E
:10F6C00048BF013421462846FFF7ADFC814600289B
:10F6D0007FF473AF013C8BD1A9693046FFF786F800
:10F6E000814600287FF469AF01462022E869FEF7D1
:10F6F0001FFF0B22E8693946FFF74AF895F82B30CF
:10F70000EA6903F0180313730123F37055E700BF90
:10F7100021100100E9D404081FB5CDE9001003A8A9
:10F7200014460391FEF730FF002816DB0C4B53F80C
:10F7300020200AB100211170019A0AB10021117034
:10F74000019A43F820202CB1002201A96846FFF756
:10F75000A9F90446204604B010BD0B24FAE700BF07
:10F76000603700202DE9F04190B017460191044622
:10F77000002800F0D48002F03F06324602A901A81A
:10F78000FFF790F90546002850D1029B0199039399
:10F7900003A8FFF71BFD20B99DF93730002BB8BF38
:10F7A000062017F01C0F00F09A80002845D004288E
:10F7B0003CD103A8FFF78CFE002837D146F008069D
:10F7C000F3F7B4FF014600900A980E30FEF7A8FE4A
:10F7D0000A9800991630FEF7A3FEDDF808800A9912
:10F7E00098F80000FFF786FA2023CB720A990022CE
:10F7F00007464046FEF7ADFE0A9B00221A775A776D
:10F800009A77DA77029B0121D970FFB1029B0398A6
:10F81000D3F834803946FFF7CBFA38B9029841461D
:10F82000FEF7E4FF029B013F1F6178B100232360D4
:10F830000546284610B0BDE8F0819DF8123013F05F
:10F84000110F56D1780764D43907B9D4029F310714
:10F850007B6B0A9923626162387848BF46F04006A4
:10F86000FFF748FAA06001F11C00FEF757FE276081
:10F87000E060FB88A380002104F128074FF40072A8
:10F8800026746174E16161613846FEF751FEB2068B
:10F89000CFD5D4F80C80B8F1000FCAD0029BC4F8C1
:10F8A00014805E89A1687602464524D30020A161B8
:10F8B0000028BBD1C8F30803002BBAD0029E304603
:10F8C000FEF73CFE48B300EB5822E261707801235A
:10F8D0003946F3F713FF0028ABD00120A6E7002834
:10F8E000A4D19DF81230DA0615D4BF07AED5D807DB
:10F8F000ACD507209AE72068FFF704FA01280146F3
:10F90000A8EB060803D9431CCED10120CFE7022083
:10F91000CDE708208AE7042088E7022086E709254A
:10F9200087E72DE9F04F994685B000238846C9F84E
:10F93000003003A904461646FEF75EFE054608BBE6
:10F94000657CFDB9237C13F00103009300F09380E4
:10F95000E2686369D21A964228BF164604F1280A63
:10F9600086B16369C3F30802002A76D1039A5289EB
:10F97000013A12EA532217D143B9A06801280CD8E2
:10F9800002256574284605B0BDE8F08FA16920689E
:10F990000192FFF7B7F9019AF0E7431C03D1012365
:10F9A000009D6374EEE7A061DDF80CB0A1695846D4
:10F9B000FEF7C4FD0028E3D0B6F5007F02EB000798
:10F9C0002ED3BBF80A1002EB562088424FEA56238A
:10F9D0009BF8010088BF8B1A3A4641460193F3F722
:10F9E0008DFE0028DBD194F91020019B002A0BDA50
:10F9F000E069C01B984207D24FF40072514608EBF1
:10FA00004020FEF7C5FE019B5F02D9F800303B4461
:10FA1000C9F8003063693B44F61BB84463619FE753
:10FA2000E269BA4218D094F91030002B0BDA9BF837
:10FA3000010001235146F3F769FE0028AFD1237C72
:10FA400003F07F0323740398012340783A4651461C
:10FA5000F3F754FE0028A2D1E7616169C1F3080100
:10FA6000C1F50077B74228BF37463A465144404671
:10FA7000FEF78EFEC9E7072584E72DE9F04F99468A
:10FA800085B000238846C9F8003003A9044616460D
:10FA9000FEF7B2FD054620BB657C15BB237C9A07AB
:10FAA00040F1AA806369F34228BFDE4304F1280ACB
:10FAB0009EB16369C3F30802002A40F08B80039A69
:10FAC0005789013F17EA53271ED173B9A06870B94F
:10FAD00001462068FFF7A2F948B9237C43F04003B0
:10FAE0002374284605B0BDE8F08FA169F1E701282D
:10FAF00002D102256574F4E7431C01D10125F9E721
:10FB0000A368A06103B9A06094F91030002B0CDA4F
:10FB10000398E269407801235146F3F7F7FD002886
:10FB2000ECD1237C03F07F032374DDF80CB0A169D2
:10FB30005846FEF703FD0028DBD0B6F5007F07EB43
:10FB4000000235D3BBF80A1007EB562088424FEA73
:10FB500056239BF8010088BFCB1B4146CDE900230B
:10FB6000F3F7D4FD0028C9D1E169009A019B891AF5
:10FB700099420CD24FF4007208EB41215046009399
:10FB8000FEF706FE227C009B02F07F0222745F02D9
:10FB9000D9F800303B44C9F800306269E368F61BCD
:10FBA000B84417446761BB422CBFE360E7607FE75E
:10FBB000E36993420DD0E1686369994209D99BF8E2
:10FBC0000100009201235146F3F798FD009A0028A6
:10FBD00094D1E2616069C0F30800C0F50077B742D4
:10FBE00028BF37463A4641465044FEF7D1FD237CB4
:10FBF00063F07F032374CBE7072572E7F7B501A90C
:10FC00000546FEF7F9FC044600283CD12B7C13F096
:10FC1000400438D01B060CD50198EA6940780123CE
:10FC200005F12801F3F772FD80BB2B7C03F07F0305
:10FC30002B74F3F77BFD296A07460198FEF7D6FD82
:10FC4000044600BB6E6AF37A43F02003F372AA689D
:10FC500028683146FEF77DFCE96806F11C00FEF7D6
:10FC60005FFC394606F11600FEF75AFC019BB4749E
:10FC70000122F474DA700198FEF7C9FE2B7C23F0A0
:10FC8000400304462B74204603B0F0BD0124FAE77C
:10FC900013B50446FFF7B2FF28B901A92046FEF7C5
:10FCA000ABFC00B9206002B010BD2DE9FF410D464C
:10FCB00003A90446FEF7A0FC064600286DD1667C29
:10FCC000002E6AD1E368AB4204D2227C12F0020F0C
:10FCD00008BF1D46002263696261002D2FD10025F7
:10FCE000E2686369934282BF227CE36042F0400293
:10FCF000C3F3080388BF2274002B4ED0E269AA42E6
:10FD00004BD094F91030002B04F128010CDA039841
:10FD1000019140780123F3F7F9FC002843D1237CBB
:10FD2000019903F07F0323740398012340782A4646
:10FD3000F3F7E4FC0646002835D1E5612DE0039A8F
:10FD400057897F02FBB1013B6A1EB3FBF7F1B2FB9F
:10FD5000F7F28A4217D37A421340A1696361ED1A20
:10FD60000029BCD0BD42636922D863692B4463611A
:10FD7000C5F30803002BB2D00398FEF7DFFB50B1A8
:10FD800000EB5525ACE7A16881B92068FFF746F87C
:10FD90000128014605D102266674304604B0BDE84C
:10FDA000F081481C01D10126F6E7A160A161D7E7E7
:10FDB0003B446361237C20689A07A5EB070805D5BF
:10FDC000FFF72CF8054620B90146CEE7FEF79AFF6B
:10FDD00005466B1CE7D0012DDDD9039BDB69AB42E7
:10FDE000D9D9A56129464546BCE730B591B00D4645
:10FDF0000190002203A901A8FEF754FE044670B941
:10FE0000019903A8FFF7E2F9044640B99DF937309C
:10FE1000002B07DB1DB1294603A8FEF707FC20468F
:10FE200011B030BD0624FAE77F2810B501D880B2A2
:10FE300010BDB0F5803F13D240F2523399420FD13A
:10FE40000849002231F8024B844293B203D103F1F6
:10FE50008000C0B2ECE70132802AF3D11346F6E706
:10FE60000020E5E7A4D704087F280DD940F25233DB
:10FE7000994208D1FF2806D800F10040034B803892
:10FE800033F8100070470020704700BFA4D7040863
:10FE9000B0F5803FF0B522D21F4A204983B2B0F5B9
:10FEA000805F28BF0A46111D31F8044C0A46ACB1E8
:10FEB000A34213D331F8025C2E0AEFB254FA85F54F
:10FEC000A84222DA082E09D8DFE806F0050A101247
:10FED0001416181A1C00001B31F810301846F0BD1B
:10FEE0001B1B03F00103C01A83B2F7E71038FBE7CE
:10FEF0002038F9E73038F7E71A38F5E70830F3E744
:10FF00005038F1E7A0F5E350EEE70431002ECBD1F5
:10FF100002EB4702C7E700BFF6D40408E8D604089E
:10FF200008B501214FF4807000F05CFCBDE808408A
:10FF300000214FF4807000F055BC000043680A793E
:10FF400023F0407323F4807343EA02230A681343C7
:10FF50004360D1E9032313438A6810B513438468CF
:10FF6000084A224013434A7943EA420383600A7DE8
:10FF7000C36A013A23F47003D2B243EA0253C36264
:10FF800010BD00BFFDF7FFC00023C0E902330360CE
:10FF900083800361012303757047000010B5D0E929
:10FFA0000032064913434C68054A224013438268D5
:10FFB0001343C26813434B6010BD00BF00230140D0
:10FFC000E030FCFF0023C0E90033C0E90233704792
:10FFD000836819B143F001038360704723F0010384
:10FFE000FAE7092970B501EB41044FF0070516D96E
:10FFF000C6681E3CA54026EA0505A3402B43C36006
:020000040802F0
:10000000062A14D8013A436B02EB82021F24944063
:1000100023EA040301FA02F21A43426370BD06693F
:10002000A54026EA0505A3402B430361E8E70C2A17
:1000300002EB82034FF01F0209D8046B233B9A4066
:1000400024EA020201FA03F313430363E6E7C46AF6
:10005000413B9A4024EA020299401143C162DDE724
:10006000836843F0804383607047C06C80B2704700
:100070000368194214BF012000207047044B9A689E
:1000800011B110439860704722EA0000FAE700BF00
:10009000002004E0036823F00103036000230360F1
:1000A00043608360C3600361212343612A4B98420C
:1000B00003D13D2243F8082C7047284B984204D1C5
:1000C0004FF4746243F8202C7047254B984204D1BA
:1000D0004FF4741243F8382C7047224B984204D1E5
:1000E0004FF0746243F8502C70471F4B984203D175
:1000F0001E4A43F8642C70471D4B984203D11D4A99
:1001000043F87C2C70471C4B984203D11B4A43F8A0
:10011000942C70471A4B984204D14FF03D5243F84B
:10012000AC2C17E0174B9842C3D0174B9842C7D05E
:10013000164B9842CCD0164B9842D1D0154B9842D2
:10014000D6D0154B9842DAD0144B9842DED0144BDF
:100150009842E2D0704700BF106002402860024021
:100160004060024058600240706002403D00002044
:1001700088600240400F0020A060024000003D2047
:10018000B8600240106402402864024040640240AB
:10019000586402407064024088640240A0640240D7
:1001A000B86402400368134A10B51A40CC680B6863
:1001B00023434C6923438C692343CC6923430C6A52
:1001C00023434C6A23438C6A23434C6B23438C6B3D
:1001D000234313430360D1E90B344269234322F0E4
:1001E0000702134343610B6943604B6883608B686C
:1001F000C36010BD3F801CF0036819B143F00103D8
:100200000360704723F00103FAE7416070474068DC
:1002100080B27047006800F00100704710B5094ACD
:10022000094C0A4BA04288BF13468A004CBF58684D
:100230001868084020F0F02020F08210003818BF25
:10024000012010BD006402400F64024000600240C3
:1002500010B5074A074C084BA04288BF134621F04F
:10026000F02222F0821289004CBFDA609A6010BD41
:10027000006402400F640240006002400B0612D589
:10028000436952B143F080038029436104D003687D
:1002900001F01E0119430160704723F0800380299B
:1002A000436104D170478029F6D0002AEFD103685A
:1002B00001F01E0123EA0101EDE7FFF7C9BF0000CD
:1002C0000268837910B5D243002B2FD01B4B1968DD
:1002D0000A401A605A68016822EA01025A600279EB
:1002E000046802F1804202F59E32116821431160D8
:1002F0009A68016822EA01029A600168DA6822EAD3
:100300000102DA6042790168102A07D19A680A432B
:100310009A60DA6801680A43DA6010BD02F180432E
:1003200003F59E331A680A431A60F6E7037903F16E
:10033000804303F59E3319680A40F5E7003C01400D
:10034000034B5B69034214BF01200020704700BFCC
:10035000003C0140014B5861704700BF003C014028
:10036000FFF7EEBF014B5861704700BF003C0140F2
:10037000F0B50022012603250B6806FA02F737EADA
:10038000030333D10368540005FA04FE23EA0E0385
:1003900003600B796FEA0E0CD0F800E0A34043EA4B
:1003A0000E0303600B79013B012B14D883680CEA20
:1003B000030383604B79D0F808C0A34043EA0C03E1
:1003C0008360436823EA070343608B79476893405F
:1003D0009BB23B434360C36805FA04F723EA070373
:1003E000C360CB79C768A3403B43C3600132102A86
:1003F000C2D1F0BD4FF6FF720023C0E90023704761
:100400000369194214BF012000207047018370471F
:10041000418370470AB1018370474183704710B52B
:1004200001F00703C90800EB81009B00016A0F245B
:100430009C4021EA04010162016A9A400A43026277
:1004400010BD000008B5144B98420BD101214FF4A8
:10045000001000F0BBF900214FF40010BDE8084087
:1004600000F0B4B90D4B984208D101214FF480003F
:1004700000F0ACF900214FF48000EFE7084B984200
:1004800008D101214FF4000000F0A0F900214FF441
:100490000000E3E708BD00BF0054004000580040E2
:1004A000005C0040F0B587882F4C27F03F0785B0EF
:1004B0003F0405463F0C68460E4600F013F9029AC9
:1004C000B2FBF4F42743BFB2AF802B88274923F057
:1004D00001031B041B0C2B8033688B4223D85B0069
:1004E000B2FBF3F39BB2042B38BF04230134A4B254
:1004F0002C84AB832B889BB243F001032B802B8889
:10050000B288718923F4816323F002031B040A4338
:100510001B0C13439BB22B80B389328913439BB2CC
:100520002B8105B0F0BDF0884BF6FF7188421BBFF0
:1005300019214B4303EB4303B2FBF3F315BF9BB20B
:10054000B2FBF3F343F480439BB2C3F30B020AB94B
:1005500043F001034FF49672544343F400434FF4C5
:100560007A72B4FBF2F4C1E740420F00A0860100AA
:1005700022B141F0010189B20182704701F0FE0110
:10058000F9E7038821B19BB243F48063038070478D
:1005900023F480631B041B0CF8E701827047008A78
:1005A000C0B27047838821B19BB243F4006383805B
:1005B000704723F400631B041B0CF8E7838821B108
:1005C0009BB243F480538380704723F480531B0411
:1005D0001B0CF8E783889BB212B1194381807047E6
:1005E00023EA0101FAE782B00023009301930B0F85
:1005F00001900093009B21F07F4153B1019B143384
:100600000193019B1B680B4214BF0120002002B024
:100610007047019B090C1833F2E7C94389B2818204
:1006200070470000014B1860704700BF0030004069
:10063000014B5860704700BF00300040014B98608C
:10064000704700BF00300040024B4AF6AA221A60F1
:10065000704700BF00300040024B4CF6CC421A609D
:10066000704700BF00300040034B40F0BF6040F4D3
:100670000030D860704700BF00ED00E010B5C378CF
:10068000027803B3154BD9684378C943C1F30221FB
:10069000C1F10404E4B2A340DCB20F2343FA01F138
:1006A00083780B400E4923430A441B01DBB282F8D6
:1006B000003303780122580903F01F0302FA03F301
:1006C00041F8203010BD5309012102F01F0201FA48
:1006D00002F22033024941F82320F3E700ED00E065
:1006E00000E100E010B51D4A936803F00C03042BF1
:1006F0001AD0082B1AD01A4B184A0360936819496C
:10070000C3F30313CC5C0368E34043609468C4F311
:1007100082240C5D23FA04F484609268C2F34232AE
:100720008A5CD340C36010BD0F4BE5E75368516846
:1007300013F4800F01F03F01536814BF0A4A084ABE
:10074000B2FBF1F1054A5268C2F30142C3F38813C8
:1007500001324B435200B3FBF2F3CDE700380240C5
:100760000024F4008814002000127A00044B1A6B55
:1007700011B110431863704722EA0000FAE700BF86
:1007800000380240044B5A6B11B110435863704754
:1007900022EA0000FAE700BF00380240044B1A6C5E
:1007A00011B110431864704722EA0000FAE700BF55
:1007B00000380240044B5A6C11B110435864704722
:1007C00022EA0000FAE700BF00380240044B1A6A30
:1007D00011B110431862704722EA0000FAE700BF27
:1007E00000380240044B5A6A11B1104358627047F6
:1007F00022EA0000FAE700BF003802404209012A5D
:10080000074B07D11B6800F01F0023FA00F000F02F
:1008100001007047022A0CBF1B6F5B6FF3E700BF3C
:1008200000380240024A536F43F0807353677047A9
:100830000038024008B5274B98420BD101214FF4F4
:100840008050FFF7CFFF00214FF48050BDE80840F3
:10085000FFF7C8BF204B98420BD101214FF48040D5
:10086000FFF7B4FF00214FF48040BDE80840FFF7D8
:10087000ADBF1A4B984208D101214FF40040FFF759
:10088000A5FF00214FF40040EFE7154B984208D137
:1008900001214FF40050FFF7A5FF00214FF4005055
:1008A000D4E7104B984208D101214FF48010FFF794
:1008B00099FF00214FF48010C8E70B4B984208D1F4
:1008C00001214FF40010FFF78DFF00214FF40010BD
:1008D000BCE708BD0030014000380040003C00404B
:1008E000003401400050014000540140038810B51D
:1008F00003F441524C880B8823438C882343CC88D3
:1009000023430C8923434C8923438C892343CC897B
:10091000234313439BB20380838B23F400631B04A4
:100920001B0C83830B8A038210BD038821B19BB209
:1009300043F040030380704723F040031B041B0C6B
:10094000F8E783889BB212B119438180704723EA8C
:100950000101FAE7014B1860704700BF0038014001
:1009600010B501F0030301F0FC0101F1804101F534
:100970009C319B008A680F249C4022EA04028A6012
:100980008A6898401043886010BD30B5058C25F00A
:1009900001052D042D0C0584048B058C24F0F30433
:1009A000ADB22404240C42EA031325F00A051C43CB
:1009B0002943A4B241F001010483018430BD70B524
:1009C000068C26F010063604360C0684058B048C43
:1009D00025F44075A4B22D05120224F0A0042D0DBB
:1009E00042EA033244EA01141543A4B2ADB244F022
:1009F00010040583048470BD1C4A038890429BB296
:100A000012D002F5806290420ED0B0F1804F0BD030
:100A1000A2F58032904207D002F58062904203D066
:100A200002F58062904203D14A8823F07003134399
:100A30000F4A904208D002F5806290421FBF23F413
:100A400040730A899BB2134303804B68C3620B88CF
:100A50000385064B984203D003F58063984201D189
:100A60008B7A038601238382704700BF0000014018
:100A70000010004000234FF0FF32C0E90032038134
:100A800083727047018582827047038821B19BB2CF
:100A900043F001030380704723F001031B041B0C88
:100AA000F8E70000038C23F001031B041B0C0384F4
:100AB00070B5038C8288048B0D884E8824F07304F3
:100AC0002404240C2C4323F002038D891B0435439A
:100AD0001B0C2B430E4DA84292B29BB203D005F5DE
:100AE0008065A8420ED1CD894E8A23F008032B439E
:100AF0008D8823F004032B430D8A22F44072354382
:100B00002A4392B2828004838A684263038470BD60
:100B100000000140038C23F010031B041B0C038412
:100B200070B5038C8488028B0D884E8822F4E642CF
:100B30001204120C42EA052223F020038D891B04C3
:100B400035431B0C43EA0513114DA842A4B292B2DF
:100B50009BB203D005F58065A84213D1CD894E8A9A
:100B600023F0800343EA05134FF6BF751D408B88C1
:100B700045EA03130D8A24F44064354344EA8504AE
:100B80009BB2A4B2848002838A688263038470BDAE
:100B900000000140038C23F480731B041B0C0384AE
:100BA00070B5038C8288848B0D884E8824F0730482
:100BB0002404240C2C4323F400738D891B04354337
:100BC0001B0C43EA0523114DA84292B29BB203D0FD
:100BD00005F58065A84213D1CD894E8A23F40063C0
:100BE00043EA05234FF6FF351D408B8845EA032372
:100BF0000D8A22F44052354342EA05129BB292B26A
:100C0000828084838A68C263038470BD00000140CF
:100C1000038C23F480531B041B0C038470B5038CDA
:100C20008488828B0D884E8822F4E6421204120CCE
:100C300042EA052223F400538D891B0435431B0C23
:100C400043EA05330A4DA842A4B292B29BB203D044
:100C500005F58065A84205D10D8A24F4804444EA54
:100C60008514A4B2848082838A680264038470BD80
:100C7000000001404163704781637047C163704762
:100C800001647047038B23F008031B041B0C1943FA
:100C900001837047038B23F400631B041B0C43EA9E
:100CA000012189B201837047838B23F008031B0461
:100CB0001B0C194381837047838B23F400631B044F
:100CC0001B0C43EA012189B281837047406B704756
:100CD000806B7047C06B7047006C7047038B23F0CC
:100CE0000C031B041B0C0383038B9BB2194301836E
:100CF0007047028B22F440621204120C0283038BB1
:100D00009BB243EA012189B201837047838B23F0B0
:100D10000C031B041B0C8383838B9BB219438183BD
:100D20007047828B22F440621204120C8283838B00
:100D30009BB243EA012189B281837047F8B50E4620
:100D40000D88B2884988338935B9FFF71EFEF188CE
:100D5000BDE8F840FFF7C2BF042D06D1FFF72FFE14
:100D6000F188BDE8F840FFF7C4BF082D058C1CD101
:100D700025F480752D042D0C0584878B058CBFB25E
:100D8000ADB227F0F30725F4206545EA01251743A6
:100D900047EA0317ADB2BFB245F480758783058477
:100DA000F188BDE8F840FFF7B1BF25F480552D0468
:100DB0002D0C0584B0F81CC0058C25F400552CF4CE
:100DC000407C6D041F034FEA0C5C6D0C45EA013555
:100DD0004FEA1C5C47EA02274CEA0707ADB2BFB2F4
:100DE00045F4805587830584F188BDE8F840FFF716
:100DF00098BFB0F8443039B16FEA43436FEA5343C8
:100E00009BB2A0F844307047C3F30E03F9E783891F
:100E10009BB212B119438181704723EA0101FAE7BD
:100E2000038A194214BF012000207047038A828977
:100E300011EA030092B203D00A4214BF012000203D
:100E40007047C94389B201827047FFF7E0BF0000D5
:100E500030B5038ACA889BB223F4405313430382FC
:100E600083890D4623F4B0528B8809890B43698925
:100E700022F00C020B431204120C9BB21343838129
:100E8000838AAA899BB223F44073134385B083827B
:100E900004466846FFF726FC174B9C4203D003F537
:100EA00080639C4226D1039BA189192253432A685F
:100EB0000D044FF064014CBF52009200B3FBF2F3FB
:100EC000B3FBF1F001FB10330201A08900044BBF1A
:100ED000DB001B01323332334BBFB3FBF1F3B3FB07
:100EE000F1F303F0070303F00F0313439BB22381D5
:100EF00005B030BD029BD7E700100140838921B1C6
:100F00009BB243F400538381704723F400531B04C6
:100F10001B0CF8E7C1F30801818070478088C0F39B
:100F200008007047838A9BB212B1194381827047CF
:100F300023EA0101FAE7012310B5C1F342149C42F0
:100F400001F01F0103FA01F105D10C3003683AB139
:100F50001943016010BD022C0CBF10301430F5E7AE
:100F600023EA0101F5E7C94389B201807047C1F363
:100F7000421210B5012301F01F04012A03FA04F301
:100F80000ED1828992B21340028892B26BB10123D2
:100F9000090A03FA01F10A4214BF1846002010BDE5
:100FA000022A0CBF028A828AECE71846F7E710B5DE
:100FB000D0F8E83504461B699847032384F81231BA
:100FC000002010BD08B590F8123180F813310423C9
:100FD00080F81231D0F8E835DB689847002008BD6A
:100FE00008B5D0F8E435DB6903B19847002008BDA7
:100FF00008B5D0F8E4351B6A9847002008BD08B54D
:10100000D0F8E4355B6A9847002008BD002310B58E
:1010100019460446402201F0DDF9402280210023D8
:10102000204601F0D7F9012384F81231D4F8E835CD
:10103000A0785B689847002010BD13B56946044648
:1010400000F0D4FA9DF8001001F01F03012B09D025
:10105000022B0CD083B96946204600F037F90020F6
:1010600002B010BD6946204600F03CFAF7E7694639
:10107000204600F04FFAF2E701F08001204601F02F
:1010800020FAECE710B5044669BB90F81131032B48
:101090001AD1D0F89033D0F87C23934216D9C17876
:1010A000012908BFD0F88013A3EB020304BF8918FD
:1010B000C0F880139A4228BF1A46D0F88013C0F8AF
:1010C000903392B200F0CDF8002010BDD0F8E43596
:1010D0001B6923B190F81221032A00D198472046BA
:1010E00000F0C7F8F0E7D0F8E4359B69002BEBD0AF
:1010F00090F81221032AE7D19847E5E738B504466E
:1011000000294FD190F81131022B1DD1D0F8382190
:10111000D0F824319A4224D9C178012908BFD0F8E7
:101120002811A2EB030204BF5B18C0F82831C0F8F5
:101130003821D0F8281192B200F07EF800231A4628
:101140001946204601F07FF994F81631012B06D19B
:101150001A4A236912685A60002384F81631002065
:1011600038BDD0F83C21B2FBF3F503FB15255DB982
:10117000934209D8D0F840319A4205D22A4600F06D
:101180005BF8C4F84051D9E7D4F8E435DB682BB1FB
:1011900094F81221032A01D120469847204600F0F6
:1011A00077F8D1E7D0F8E4355B69002BD7D090F819
:1011B0001221032AD3D19847D1E700BFA47200209F
:1011C000F7B5044615461E46089F0191FCF772FCD0
:1011D00020460199C4F8E465C4F8E875C4F8EC55F4
:1011E00001F0AEF8D4F8E8351B689847204603B004
:1011F000BDE8F040FCF798BC10B5D0F8E4350446E3
:101200001B689847D4F8E8359B689847002010BDC4
:1012100008B5D0F8E4355B689847002008BD10B5E4
:1012200002241346C0E94E2280F811410A460021EB
:1012300001F02BF9002010BD08B513460A46002125
:1012400001F023F9002008BD10B503241346C0E9BE
:10125000E42280F811410A46002101F0F4F8002050
:1012600010BD08B513460A46002101F0ECF8002035
:1012700008BD10B5042380F81131002304461A4636
:10128000194601F002F9204600F0A6FD002010BD2D
:1012900010B5052380F81131002304461A4619467B
:1012A00001F0D1F8204600F097FD002010BD10B5E8
:1012B0008021044601F005F92046002101F001F9E2
:1012C0002046BDE8104000F087BD000073B54B78A4
:1012D00004460D46092B61D8DFE813F0B300F00097
:1012E0006000C300600058000A006000A50078009C
:1012F000CB88ADF806304B881E0A022E0BD0032E89
:1013000024D0012E4AD1D0F8EC351B68A0780DF11D
:101310000601984709E0D0F8E43580789B6A0DF122
:10132000060198474670C4F8F005BDF80620002A6B
:1013300047D0EB88002B44D09A4228BF1A46ADF81C
:10134000062001462046FFF76AFF3AE0DBB2052B94
:1013500024D8DFE803F003070B0F1317D0F8EC35A0
:101360005B68D3E7D0F8EC359B68CFE7D0F8EC3575
:10137000DB68CBE7D0F8EC351B69C7E7D0F8EC3574
:101380005B69C3E7D0F8EC359B69BFE78B882BB965
:10139000CB881BB990F81231032B03D12046FFF7FD
:1013A00086FF0EE04D8805F07F0580F81451294630
:1013B00001F0B9F82046FFF75CFF2DB1022384F855
:1013C0001231002002B070BD0123F8E78978414D49
:1013D00001292970E2D890F81231022B0DD0032B8D
:1013E000DCD1B1B9022380F8123180F81011FFF777
:1013F0000FFF2046FFF73DFFE3E70029F9D0012169
:10140000032380F8101180F812312046FFF7F4FE14
:10141000EFE790F810110129EBD0FFF7F9FE2978DA
:1014200084F81011F1E7CA88012AB7D190F8123177
:10143000022B04D0032BB1D100F5887182E7264935
:1014400080E790F81231023B012BA7D8234B0122F1
:101450001A60D0F818210AB103221A601F4902222B
:1014600070E74B88012B08D1C4F81831D4F8E43563
:1014700029469B6820469847BBE7022BA1D10B79F0
:101480008A88002B9DD10369120A023A5B68032AFD
:1014900003D8DFE802F00B0D0F11012262F30613EF
:1014A0000F4A1360012384F81631A2E70222F5E700
:1014B0000322F3E70422F1E70522EFE790F8123167
:1014C000023B012B3FF66AAF4B88012B7FF479AFCB
:1014D0000023C9E7B4720020AC720020A87200207B
:1014E000A472002038B590F81231032B04460D4643
:1014F0000DD10B79012B0AD8D0F8E4359B689847B9
:10150000EB8813B92046FFF7B4FE002038BDFFF783
:10151000CEFEFAE770B50A788E880B7902F0600289
:10152000202A04460D4605D1D0F8E4359B6898473B
:10153000002070BD4A78012A3AD0032A1DD0002A23
:10154000F6D190F81221022A41D0032A1BD116F0BD
:10155000800F254A4FF0280141D003F07F0301FBA3
:10156000030393F81E31002B37D0012313601E496B
:1015700002222046FFF753FEDAE790F81221022AF2
:1015800025D0032A03D02046FFF791FED0E74A88F2
:1015900022B95E0602D0194600F093FFD4F8E43574
:1015A00029469B68204698472046FFF762FEBFE722
:1015B00090F81221022A0AD0032AE4D14A88002A8C
:1015C000B6D15906F0D0194600F094FFE6E75A0666
:1015D000AED0194600F075FFAAE70023C6E701FB6D
:1015E000030393F87633BEE7B072002090F8CC3551
:1015F0000B7090F8CD354B7090F8CF2590F8CE3524
:1016000003EB02234B8090F8D12590F8D03503EB03
:1016100002238B8090F8D32590F8D23503EB022378
:101620009BB2CB80C0F84031012380F81131704764
:1016300010B58021044600F044FF2046002100F050
:1016400040FF2046BDE8104000F0C6BB30B588B171
:101650000024013823460134055D002DFAD1DBB2A8
:1016600001335B0013800B7003234B70022310F8CF
:10167000014F04B930BD5A1CD2B2CC5402338D5440
:10168000DBB2F4E737B50023124D01930446032083
:10169000FCF761FAE268013D1369019317D0019BE1
:1016A000002BF4DA019B43F001030193019B1361CA
:1016B000E168084B0A690192013B02D0019AD20706
:1016C000F8D4032003B0BDE83040FCF744BA03B0BF
:1016D00030BD00BF410D030030B5C47844B900EB04
:1016E0008200DD1CD0F8D020AD1023469D4201D1F0
:1016F000002030BD51F8230010600133F6E710B52B
:101700000332D0F8D00092100023934202D101EBB3
:10171000830010BD046841F823400133F5E7000061
:10172000012370B5012943804FF04003838032D1FB
:101730004FF4816303804FF4A073C38002230372CC
:10174000C1724FF0A04303F5006245780261C360A7
:1017500003F5106200F1180400218D4227D803F52B
:101760008062426103F58862C0F8CC20024603F52E
:10177000A06412F8905B00218D4220D803F58051BF
:1017800000F1D004002295421ED803F56063C0F832
:101790000C31002070BD41B940F20C6303804FF45E
:1017A000A063C380C1720B4BCDE70023CBE744F8A5
:1017B000042B02F50076A66301312032CDE742F812
:1017C000044B01312034D7E744F8041B013201F502
:1017D0008051D8E70000044038B5037AC268012B75
:1017E00004464FF0000527D1956B417A6FF3104501
:1017F00009B9C5F3005363F314559563E268D368E0
:1018000023F4940323F04003D3602046FFF73AFF0C
:10181000E378012B0ED1E3682A229A60E378012B4A
:1018200008D1E1688B6823F03E0242F02A0262F39D
:1018300007038B60002038BDD36843F04003D360BA
:10184000FFF720FF637A003B18BF01231B0143F021
:101850002D0363F31745E36814209D63FCF782F9B9
:10186000DCE7C268936843F001039360002070478F
:10187000C268936823F00103936000207047000062
:1018800007B500230193019B43F020030193019BC3
:1018900061F38A130193C368019A1A61C168074B07
:1018A0000A690192013B02D0019A9206F8D4032002
:1018B000FCF751F9002003B05DF804FB410D030073
:1018C00007B500230193019B43F010030193C36804
:1018D000019A1A61C168074B0A690192013B02D063
:1018E000019AD206F8D40320FCF735F9002003B0A2
:1018F0005DF804FB410D030008B5C068C368C3F37D
:10190000076222F06002012962F31F6307D143F0EE
:101910000053C3603220FCF725F9002008BD0029E0
:10192000F7D143F08043F4E7C3685869C04300F03F
:1019300001007047C36858699B6918407047026985
:10194000136861F3010313607047000010B5C368AA
:1019500000219961C2686FF080435361C2684FF003
:10196000FF345460C2685361C368074A9A61C37800
:10197000B3FA83F2054B520943EA0213C268906935
:1019800003439361084610BD0008008008383C00FE
:1019900070B5D0F80C31002119600269136861F349
:1019A000CC231360C37A012B044616D10321FFF721
:1019B000C6FFC36880225A62C36802F500129A62A9
:1019C000C3682D4AC3F80421C3682C4AC3F8082110
:1019D000C3684FF4A072C3F80C2110212046FFF712
:1019E0004FFF2046FFF76CFF226900231361226935
:1019F000536122694FF0FF31916122691846D3612A
:101A0000FF2504F118026178994217D8002304F1E8
:101A100054021846FF25617899421ED8226913693D
:101A200043F480731361E378012B02BF2369144AE6
:101A30001A632046FFF78AFF002070BD11680E6808
:101A4000002EACBF00264FF090460E601168086172
:101A500052F8041B01338D60D5E711680E68002E23
:101A6000ACBF00264FF090460E601168086152F836
:101A7000041B01338D60CEE7A00080002001200010
:101A8000030181000369034A9B68C3F34103D05CEF
:101A9000704700BFA4D80408036981699A680B687D
:101AA000C2F34102022A06BF032262F30A036FF364
:101AB0000A030B600269536843F48073536000208B
:101AC0007047000070B50B784D7801229A4000EB0A
:101AD0008303012D0CBF9D695D6D2E684FF00004DE
:101AE00092B20CBF62F30F0462F31F44330414D4A8
:101AF000CB7803F003028B68C3F30A0343F08053EF
:101B000043F4004343EA8243CA8802F00F0243EAE7
:101B10008253054A324013432B600369DA69144348
:101B2000DC61002070BD00BF007833EC0B784A7890
:101B300000EB8300012A0CBF8369436D1A68002AF9
:101B4000ACBF00224FF090421A60002070470000A6
:101B5000F8B54A780D784B69012A00EB850552D11A
:101B6000AF693A683C6904F060441BBB44F400244C
:101B70003C61C3780C78012B2ED100EB84030C69F7
:101B80009B695C61CB78012B29D0C2F3076363F0BA
:101B90007B0363F31F620B7800EB83039B691A607E
:101BA000CB78012B04D18B8A0A78C968FFF794FDA2
:101BB0000020F8BD8E68F518013DB5FBF6F6304DF6
:101BC000C3F3120305EAC6452B431C43CB78012B14
:101BD00008BF63F35E74CBE7CB78012B06D10369B2
:101BE0009B68DB050CD542F08052CEE74B69002B99
:101BF000CBD0056901236E6BA34033436B63C1E710
:101C000042F00052C1E76C6D8E6822682469C6F309
:101C1000120713BB67F31204012363F3DC446B6DFB
:101C20001C61C378012B05D10B780C6900EB830391
:101C30005B6D5C61CB78012B03D14B79E3B142F052
:101C40000052C2F3076363F07B0363F31F620B78F8
:101C500000EB8300436D1A60AAE73344013BB3FBFA
:101C6000F6F3C3F3090363F3DC447B43C3F31203CA
:101C700063F312044B61D2E742F08052E1E700BF08
:101C80000000F81FF0B54B784D69012B30D1846905
:101C9000226823691DBB23F4002323F07F0343F450
:101CA00000232361C378012B05D10B780D6900EB6C
:101CB00083039B695D61C2F3076363F07B0363F396
:101CC0001F622260C37843B94B6933B10269097856
:101CD000506B01238B40034353630020F0BD8E689B
:101CE000AE423ABF4E6166F3060365F30603D6E7DC
:101CF0000C788F6800EB840407F07F06636D1A6828
:101D00001B69D5B9646D66F3060343F400232361B0
:101D1000C378012B05D10B780C6900EB83035B6D55
:101D20005C61C2F3076363F07B0363F31F620B78AC
:101D300000EB8300436D1A60CFE74F61E2E70000DC
:101D40004B780A78012B00EB820011D180690B4996
:101D50000268002AA8BFC2F380739B0301EA124104
:101D600043F020030B4363F31F42026000207047DF
:101D7000426D136843F400131360F7E7DFBFFFFF02
:101D80000B784A78C97800EB8300012A0CBF82697E
:101D9000426D1368023901296FF355538CBFC3F3A9
:101DA0000071012161F31C73136000207047036907
:101DB0009869DB691840000C704700EB81014B6D9E
:101DC0009A68036958691040704703699869DB692C
:101DD000184080B270470000436D074A1A61C3780B
:101DE000012B08D1436D00F2CC525A61436D1A6841
:101DF0004FF080221A607047180008602DE9F04FFC
:101E000089B00446FFF790FD18B9002009B0BDE87D
:101E1000F08F2046FFF78EFD83460028F5D0C0F3F3
:101E2000074313F0080000930DD02046FFF7BFFFD3
:101E3000DFF86C92064604F1540AA0460027002EF3
:101E400040F0E6800120009B5D070DD52046FFF79E
:101E5000BCFF04F11807804625464FF00009B8F191
:101E6000000F40F0218101201BF0020F1EBFE3682C
:101E700002225A61BBF1000F5FFA8BF518DAA37AE0
:101E80003BB1D4F80C21136823F0030161F307037D
:101E900013602269536823F001035360804B1B6871
:101EA00020469B699847E3684FF000425A61012041
:101EB0001BF4006FCBF3072632D000238DF80F30D0
:101EC00094F812318DF80F30754B1B6820465B6912
:101ED00098472369E2689B684FF400615161A27AD8
:101EE000002A00F06F81DA0740F16C8194F8150147
:101EF000012840F067819DF80F30032B10D1D4F8F2
:101F00000C21136843F001031360D4F80C2113680B
:101F100043F003031360634A136943F0060313613C
:101F20002B0708D55E4B1B682046DB689847E368A3
:101F300008225A610120EF0616D5E268936923F062
:101F400010039361E3681D6AC5F34343022B05F058
:101F50000F0800F03981062B00F05181E268936987
:101F600043F0100393610120F50635D522695368CB
:101F7000002523F00103536029462046FFF780FC2B
:101F80002F4604F118022B46FF2061788B42C0F0E7
:101F9000428123694FF0FF329A6123694FF00112A9
:101FA000DA6122690B2363F30705556163F30707C1
:101FB00023691F61226913686FF30A1313602046B7
:101FC000FFF70AFFE3684FF480525A61344B1B68F5
:101FD00020461B6998470120B10640F1398120460F
:101FE000FFF75AFD04A8FEF77DFBE368059EDD6858
:101FF0006FF38D25DD602046FFF744FD032840F098
:1020000011810023A3704FF40073A380092316E10C
:10201000F1071BD5F9B220460191FFF7CEFE10F073
:10202000010F019919D10546AA0741BFDAF800202E
:1020300002252B4693602B0708D5D9F800202046AF
:1020400092689047DAF800200823936001377608F9
:102050000AF1040A08F12808F1E6DAF8002001255F
:102060009560E278AA4209D1DAF800201069D8F820
:102070007C23C0F31200121AC8F88C23D9F8002070
:10208000204612689047E278012ACDD1002FCBD1AB
:1020900094F81121052AC7D12046FFF79DFEC3E71A
:1020A000C414002000ED00E018F0010F58D023699F
:1020B0005FFA89FA19695E6B04EB8A0226FA0AF65E
:1020C0009269F6019268F6B20E431640F0071CD5ED
:1020D0005A6B012101FA09F122EA01025A633B68B5
:1020E00001269E60874B1B6851465B6820469847D7
:1020F000E378B34209D1B9F1000F06D194F8113158
:10210000042B02D12046FFF767FE310742BF3B6830
:1021100008269E60F20642BF3B6810269E6073064A
:1021200042BF3B6840269E60B00742BF3B68022624
:102130009E60310614D5D5E94C329B1AD5F824217E
:10214000934228BF134603339B0801933B689B6966
:10215000019A9BB2934203D9D5E94C639E4206D8BB
:1021600009F101094FEA58080437283577E6F61ACD
:10217000D5F82431D5F828119E4228BF1E46F31CFD
:102180009B0801935246B3B22046FFF7A5FAD5F853
:102190002831D5F830213344C5F82831D5F8343109
:1021A0001E44C5F834613B6896429B69D0D12069D2
:1021B00095F81C11426B012606FA01F122EA010290
:1021C0004263C5E70120ABE647F6F0732B423FF4CC
:1021D000C5AE282707FB0847C5F30A15D7F88013B3
:1021E0002A462046FFF78BFAD7F880332B44C7F8EE
:1021F0008033D7F88C231544C7F88C53AEE60822F9
:1022000004F2CC5120462827FFF779FA07FB08474C
:10221000C5F30A15EDE752F8041B8860916B013392
:102220008860B2E60123A3704023A380A3F5640372
:10223000354AA3F562433344934225D80E2363F312
:102240008D25E368DD60E3684FF400525A61012098
:10225000009BDA0609D52B4B1B682046DB699847A3
:10226000E3684FF480125A610120009B9B067FF5C2
:10227000CDAD244B1B6820461B6A9847E3684FF49A
:1022800000125A610120C1E5204AA6F57403A3F5A6
:102290001053934201D80D23D1E71D4B1D4A3344FF
:1022A000934201D20C23CAE71B4AA6F18C73A3F513
:1022B0004343934201D80B23C1E7184B184A3344D8
:1022C000934201D20A23BAE7164B174A334493428A
:1022D000FFF49CAE154AA6F1B773A3F55853934289
:1022E00001D20823ABE7124B124A3344934201D286
:1022F0000723A4E7104B114A3344934234BF06230B
:1023000005239CE7C41400203F420F00DFC81000E3
:102310002013FBFE20D61300FF69180000D3CEFE69
:1023200040771B00C05BB3FEC091210040AC27008A
:10233000C01D6AFE40E13300803C36FEE09C410057
:1023400070B504460125FFF7EBF90023607884F8A7
:10235000125184F8143104F58E72194640269842C1
:1023600002F128021AD8002204F55D7311464025B7
:10237000904203F128031FD82046FFF779FA204640
:10238000FFF72AFA00212046FFF7B6FA2046FFF7AA
:10239000FFFA2046BDE87040FFF763BA02F8283C18
:1023A00022F8223C42E9086102F8275C02F8251C69
:1023B00042F8141C0133D2E703F8282C23F8222C0E
:1023C00043E9085103F8271C03F8251C43F8141CA3
:1023D0000132CDE770B54EB201F07F05002E4FF00F
:1023E0002804B5BF04FB050104FB010101F58E7152
:1023F00001F55D71002EB8BFCD80022BCB704FEA86
:10240000D67408BF00230D704C708A6008BF0B7132
:10241000FFF758FB002070BD4BB2002B10B54FF0FA
:10242000280201F07F04B5BF02FB040102FB010199
:1024300001F58E7101F55D71DB0F0C704B70FFF7CC
:1024400075FB002010BD38B501F07F05282404FB82
:10245000050104FB050401F55D71C4F88833002310
:10246000C4F88023C4F88C3384F8753384F874532B
:10247000C378012B08BFC4F884231DB9FFF702FC01
:10248000002038BDFFF764FBFAE770B501F07F0567
:10249000282606FB050406FB0501C4E94A2201269D
:1024A0000022C4E94C3201F58E7184F81D6184F874
:1024B0001C511DB9FFF7E6FB002070BDFFF748FB7C
:1024C000FAE74BB2002B10B54FF0280201F07F0461
:1024D000B5BF02FB040102FB010101F58E7101F59C
:1024E0005D710122DB0F8A700C704B70FFF728FCC6
:1024F000002010BD38B54BB201F07F05002B4FF026
:102500002802B5BF02FB050102FB010101F58E7136
:1025100001F55D710024DB0F8C700D704B70FFF7BF
:102520002FFC204638BD0269002361F30A131168AD
:102530000B4313607047B0F8B4322BB14B43416189
:10254000C0F8AC31002070476FF00E00704737B50F
:102550000446084611461A46B4F85E3163B1C4E930
:102560000201226104F5CE7504F5C2740195009450
:1025700001F01DFB03B030BD6FF00E00FAE7F7B5B8
:102580000446B0F85E010F4616461D4648B394F85F
:10259000A21101F0A5FA0146019094F88B0101F017
:1025A000D5FA386094F89C3194F89D01019900EBBC
:1025B000032080B201F0EFFA306094F8A03194F873
:1025C000A101019900EB032080B201F0E4FA286038
:1025D0003B68A3603368E3602B682361002003B08D
:1025E000F0BD6FF00E00FAE707290ED8012309B1FC
:1025F0008B40DBB290F8C501184011B91070002073
:10260000704740FA01F11170F9E76FF0030070476D
:1026100038B50C46054600F2C3120978607801F01F
:1026200002FBA078E17805F5E27201F00FFB0020D3
:1026300038BD38B505460C460A4690F8C30101314D
:1026400001F08FFB95F8C401E21CA11C01F0F8FA1F
:10265000002038BD73B50C46002605460DF1060274
:1026600090F82A028DF806600DF107018DF80760D9
:1026700001F077FB9DF8063023709DF807306370FA
:1026800095F82B3230461A0903F00F03E270A3705D
:1026900002B070BD38B500F5AC71044601F0CFFB57
:1026A000B8B904F14201204601F078FC88B904F57C
:1026B000FD752946204602F02CF850B904F1F001CE
:1026C000284601F073F904F52D72DE212046F6F755
:1026D000D7FEB4F85E31B3F5805F3CBF4BF6CC4318
:1026E000A4F85E3120B904F19E012046FFF7B2FF45
:1026F000B4F8A2304BB994F89E301B0184F8A23094
:1027000094F89F301B0184F8A33038BD30B51229EE
:10271000DDE903540ED881B1013911290DD8DFE864
:1027200001F00F0F0F0F0F1D1D1D0C0C0C0C0C0CCE
:102730000C0C0F1D243902291CD96FF003000CE08A
:10274000B0F8CA101180D0F8D0201A60D0F8D83074
:102750002B60D0F8E4302360002030BDB0F8CC10FE
:102760001180D0F8D4201A60D0F8DC302B60D0F87B
:10277000E830F0E7B0F8CC101180D0F8D4201A601F
:10278000D0F8E0302B60D0F8EC30E4E72DE9F04FE2
:102790002DED028B8BB0DDE9168908EE103A189BFF
:1027A000079300F5DA730893079B4170CDE9051292
:1027B000436100F5CE720321C0E903890992044602
:1027C00000F5B27500F5C27600F5E47A00F1A40BCD
:1027D00000F5397701F024F8059B591EDDE9083230
:1027E000252900F28D80DFE801F01331383F464D96
:1027F000545B8B8B8B8B8B8B8B8B62698B8B8B8BDB
:102800008B8B8B8B8B8B8B8B8B8B8B8B8B7079824E
:10281000CDE900AB3146284600F06CFE002871D1AE
:10282000069BA4F86431238318EE101A4B464246E7
:102830002046FFF78CFE002864D1079920460BB094
:10284000BDEC028BBDE8F04FFFF775BECDE900ABE4
:102850003146284600F0CAFEE0E7CDE900AB31463C
:10286000284600F0E1FED9E7CDE900AB3146284625
:1028700000F0F8FED2E7CDE900AB3146284600F083
:1028800001FFCBE7CDE900AB3146284600F00AFF57
:10289000C4E7CDE900AB3146284600F01EFFBDE796
:1028A000CDE900AB3146284600F033FFB6E7CDE96D
:1028B00000AB3146284600F09EFFAFE7CDE900AB04
:1028C0003146284600F07FFFA8E7CDE901B7CDF8F3
:1028D00000A03146284600F04CFF9FE7CDE901B744
:1028E000CDF800A03146284600F02EFF96E7CDE94E
:1028F00001B7CDF800A03146284600F04FFF8DE724
:102900006FF003000BB0BDEC028BBDE8F08F30B56B
:10291000044685B00D46622100F082FF4FF001238E
:102920002360012323714FF47A724FF4FA63C4E9F0
:10293000022343F2C8216423C4E904134FF4206343
:102940002383002384F8213040F2DB73A4F89C3009
:10295000204600F05CFF15B12046FFF79BFE04F512
:10296000887000F037FD04F5907000F043FD04F529
:10297000967104F1420000F049FD04F5A27000F0E8
:102980006AFD04F1A40000F077FD94F86031228B19
:10299000617803F00303803B84F86031636902933C
:1029A00023690193E36800932046A368FFF7EEFED6
:1029B0000546204601F04EF9284605B030BDB0F876
:1029C000A6310B8000207047A0F8A61100207047A8
:1029D000B0F8A8310B8000207047A0F8A8110020A3
:1029E000704700002DE9F04190F8CC31817003F080
:1029F0000F031943B0F84231A0F87C3190F8E63269
:102A000080F8CC11FF2B04BF002380F8E632D0F809
:102A1000E43223F07F4323F0FF03B3F5807FC0B09F
:102A20000446904616D190F8863180F8E73220238C
:102A300080F8863190F8C53113F0600F03BFB0F80D
:102A400058309B001BB20023052AA0F8543038BF31
:102A50004FF00508D4F8E4325B4A23F07F4323F0BB
:102A6000FF03934207D194F8E73284F886314FF0A0
:102A70000608012513E008F1FF33052B47D801A212
:102A800052F823F00B2B0208072B0208032B020835
:102A9000FF2A02089D2A0208732A02080D25C5F1A3
:102AA0008806324600216846E5F76AF9B8F1050F55
:102AB0002FB25AD9C7F101026B4613FA82F20B21E9
:102AC00004F5AC7001F061F9B0B9C7F10D026B46C5
:102AD00013FA82F2172104F1420001F0C1F958B94A
:102AE000C7F124026B4613FA82F2202104F5B2707A
:102AF00001F066FA00283FD040B0BDE8F0812425FF
:102B0000CDE74425CBE75A25C9E77125C7E78325DB
:102B1000C5E7B8F1020F3BD0B8F1000F44D1C7F1BF
:102B200083026A44052104F5E47001F081FB00286A
:102B3000E2D133466A4629462046F6F74FFC002884
:102B4000DAD1204600F07FFE0028D5D1204600F0E3
:102B5000F0FED1E794F82E3084F8C63143F001013D
:102B600084F8B41184F8C01125E0AED0B8F1040F98
:102B7000B6D0B8F1030FCCD1C7F144026B4613FABB
:102B800082F2162104F5C27001F088FA0028B3D150
:102B9000C7F15A026B4613FA82F2172104F5CE7080
:102BA00001F0C1FA0028A7D194F8CC31C7F1710225
:102BB0009B0692B2CED46A44122104F5DA7001F079
:102BC000F5FA002898D1AAE70001010038B590F87D
:102BD000CC3103F00F03044663F07F0380F8CC315F
:102BE00000F5E47101F03DFB94F8CC3103F00F03E4
:102BF00084F8CC3105460321204600F011FE94F8FC
:102C0000E532012B02D1204601F032F8284638BDCA
:102C100030B50129C1B004460D461AD002290CBFB7
:102C200086232C236A4688212046F6F7E9FB012DEE
:102C300011D9C8B904F52B720DF14E01382001F0FD
:102C4000EAFB88B904F522720BA9212001F0A8FB48
:102C500003E04D23E6E7002DF3D128B904F5E77230
:102C600069462C2001F00DFB41B030BDF0B50025C8
:102C7000CC789C70AC4603F144044FF6FF7604F820
:102C8000405C44F83CCC91F803E04F78BEF1000F73
:102C900004D107F01F0EBEF1090F48D007F01F073F
:102CA00004F8027C002D49D18F78072F41D14F8A3B
:102CB00024F8307C0F8A24F8147CCF8A24F8127C04
:102CC0000F8924F8107C4F897F01B74228BF37460F
:102CD00024F8087C8F8924F8067CCF89474317F5B0
:102CE000806E48BF07F6FF3E4FEAEE2E24F804EC54
:102CF000576844F81C7C976844F8187CD76844F8F7
:102D00002C7C176844F8207C403475B10020D870C2
:102D10004A7802F01F02112A06D81E4995400D423A
:102D20001CBFDA7083F84200F0BD0125A7E7132726
:102D3000B6E7082F0CBF8F8A8F88B9E70F8B24F86E
:102D4000307C4F8B24F8147C24F8126C8F8B24F881
:102D5000107CCF8B7F01B74228BF374624F8087C10
:102D60000F8C24F8067C4F8C474317F5806E48BFC4
:102D700007F6FF3E4FEAEE2E24F804EC576944F8BC
:102D80001C7C976944F8187CD76944F82C7C176937
:102D9000B8E700BF0E2002002DE9F04104461646B8
:102DA00000F53D77FFF734FF054640B9B4F89C00C5
:102DB0003B4604F5227204F5E771FFF757FF94F8DC
:102DC000E582B8F1010F12D145B994F8E6320BBB98
:102DD000204600F073FF84F8E682054694F8E63258
:102DE000FF2B04D01DB9204600F087FF054694F85C
:102DF0002C3084F8F43294F8303084F8F5328422A0
:102E000039463046E4F7A6FE55B92046BDE8F04104
:102E100000F063BD012B04BF022384F8E632DDE736
:102E20002846BDE8F08100002DE9F041032988B073
:102E300005460C461E462AD0082914BF20274027E5
:102E40002A4B1988ADF8141029499B7808888DF809
:102E5000163006AB8978ADF818002648997007A996
:102E6000B0F800C08078ADF81CC0012A887010D07E
:102E7000022A14BF02220122042C0CD0082C30D0CC
:102E8000032C29D06FF0070008B0BDE8F08140277F
:102E9000D6E70022F0E720326A4412F80C8CCDE924
:102EA00000310DF1120205AB41462846FFF72EFC1A
:102EB0000028E9D1079B0193069B0093BDF81220DF
:102EC000059B029641462846FFF760FC0028DBD1AF
:102ED000AF7085F87C43D7E720326A4412F8088C3B
:102EE000DDE720326A4412F8048CD8E7A8D8040839
:102EF000ACD80408B0D8040810B521B1012908D015
:102F00006FF0030010BDC2F38F31FFF75DFD0020AD
:102F1000F8E7C2F34F21FFF760FDF8E70A46012109
:102F2000F6F780BA2DE9FF414B1EDBB2022B90F879
:102F30007C7304460D462DD818BF0E4603A908BF62
:102F40000326FFF776FB10BB6B4601AA02A92046B9
:102F5000D4F81480FFF713FBC8B94346324639460C
:102F60002046FFF761FF90B9DDE90032029984F84D
:102F70007E6384F87F6384F87D532046FFF7E7FA89
:102F800028B9009B236103A92046FFF741FB04B049
:102F9000BDE8F0816FF00300F9E700007FB5394B21
:102FA000994204460D4603D96FF0030004B070BD8A
:102FB0000DF102020521FFF717FB0028F6D10DF1F4
:102FC000030206212046FFF70FFB0028EED101ABDC
:102FD00002AA03A92046FFF7D2FA0028E6D194F806
:102FE0007C33042B13D0082B33D0032B45D19DF811
:102FF0000230012B3CD09DF80360234946F2E87271
:1030000045F260400223012E18BF02460DE09DF8F4
:103010000230012B28D09DF803201C4901239A423D
:1030200041F2883218BF4FF47A729542BCD9AA1A7D
:103030008A42B9D8B2FBF3F32046DDE902210193BD
:10304000FFF785FA0028B1D1019B2361C4F88053B2
:10305000ACE794F8E432F5220BB112FB03220A49E3
:1030600002F6DC520223E0E7084941F28832DCE74D
:103070000549022346F2E872D7E7002D94D06FF09D
:10308000070093E780969800E0C81000706408007D
:1030900038B503224FF47A7304460D46FFF7C4FE99
:1030A000C0B940F20333A4F87E33EB1E012B01D9E3
:1030B000082D0CD14AF228012046FFF76FFF48B9CE
:1030C00020464FF47A71BDE83840FFF734BA48F231
:1030D0003521F1E738BD0322202180F8782380F8DC
:1030E0007D2340F203328170A0F87E230821FFF790
:1030F000CFBF012970B504460E46154611D81AB146
:1031000000EB8103D3F8882331462046FFF7F4FE15
:1031100030B9003D04EB060118BF012581F8845346
:1031200070BD6FF00300FBE7012970B504460D4642
:10313000164612D8431893F884332BB900EB810458
:103140001846C4F8882370BDFFF7D6FE0028FAD1D0
:1031500004EB8504C4F88863F5E76FF00300F2E739
:1031600013B52E210DF107020446F6F771F9A8B93F
:103170009DF807202E2142F0010220468DF80720FD
:10318000F6F750F950B901212046FFF7C0FB28B9E6
:10319000012384F87833082384F87C3300238DF8E6
:1031A00007309DF8071001290FD960B901464FF487
:1031B00090122046FFF7B8FF28B94FF48042012152
:1031C0002046FFF7B1FF02B010BD0028FBD101225D
:1031D0002046FFF78EFF9DF807300133DFE773B518
:1031E000064615460C4629B1012917D06FF0030099
:1031F00002B070BD0DF10601FFF7E1FBBDF806302E
:103200009B030028F4D104F1E00234446BB906EBCF
:103210008206B3682B6084F88403E9E701A9FFF70D
:10322000D7FBBDF804305B02EBE706EB82062B60B0
:10323000B360012384F88433DAE710B590F878336B
:10324000032B04460AD013D9052B11D9623B012B5D
:1032500094BF6FF00D006FF0020010BD8178062260
:10326000FFF7C0FB0028F8D1042384F87833F4E793
:103270006FF00D00F1E710B50446FFF7A7FC10B999
:10328000032384F8783310BD01F056BAF0B50C462C
:10329000A3B005461C22FF212046E4F771FD01AAD8
:1032A00002212846FFF778FD0646002877D19DF8D1
:1032B00046709DF80630237107F01F07039B9DF8A9
:1032C0000720BDF944C0BDF840002360072F69D036
:1032D000BCF5967FA6BF41F69A111CFB01F34FF493
:1032E000F013DFF8ECE059080EFB0011B1FBF3F12D
:1032F000344B4FEA014EB3EB014F2CBFA3EB0E034F
:103300004FF44813C3F30743642B28BF6423322BC5
:1033100038BF3223BDF8381063714902BDF834302C
:10332000E160BDF8181021825B02400200210D2AE5
:10333000A3606061A4F818C0A17604D034D8013A23
:10334000022A33D80522E2760021C5E9E4036A4661
:103350002846FFF744FF95F88433012B2ED1BA1F7E
:103360005342534185F886336A4601212846FFF7C8
:1033700036FF95F88533012B22D13B1F5F425F4119
:1033800085F88773E37E53B9B4F91820002A06DA6A
:103390000D4949688A42BABF0E23E376238330463B
:1033A00023B0F0BD3223B5E7112ACBD03A1FD2B2F9
:1033B0000F2A96BF0549FF228A5CC4E70023D1E7A4
:1033C0000027DDE733B37500C8140020B4D8040823
:1033D000CDCC300040F608330380054B4FF47A72B1
:1033E000C0E901234FF4A05383810020704700BF40
:1033F000000A0005044A48F6A043C0E900230C2354
:1034000003810020704700BF00120F0238B54589C4
:103410000D600C46B0F90C10A180B0F90E20E280CE
:103420004389A360B0F90C30A381B0F90E30E38179
:1034300000236382402323750DB9636843B10123E0
:1034400023742846402300F05AFBE082002038BD58
:103450002374E382FAE74FF4206303804FF47A7217
:1034600043F2C823C0E90123C36042F60803038284
:103470000923837400207047194A1A4B1A49C0E97E
:1034800000233C22428202F1B4724261174A4FF09B
:10349000801CC0E906C2164A026242F202134FF4CF
:1034A0002062C0E90213C284028548F230014FF461
:1034B0007A72C0E90B124FF4FA62C0E90D224FF2A2
:1034C000186C43F2C822C0E910C201220023C26373
:1034D0004FF4FA52037480F824308264184670471F
:1034E0000380018041800E0A060E0A06C000081003
:1034F00001020102F0B540F21126DDE90575868171
:103500004FF420644FF400760480C681002408261E
:1035100044808480C480048144810682AE7F8674A6
:10352000EE7FC67495F8206006754FF0FF0C0126FB
:103530004675C482048380F81AC095F810C080F8DC
:103540001BC095F80CC080F81CC04477C4834FF4AE
:1035500032600C804880E889888040F60250C8803C
:10356000687B08724FF40C4008824FF46050488228
:1035700040F2FF104C728E728C81CC818882194887
:103580001949C2E9000140F6F5111181A98A51815A
:10359000698B918147F60801D181146114751E7001
:1035A0005C809C809C7195F82120DA7140F60B12AA
:1035B0001A81EA799A72AA7ADA721E7395F824202F
:1035C0005A7395F823209A73C722DA734DF6FF32A7
:1035D0001A8202229A7421237C70BE70FE703B71A5
:1035E0002046F0BD001A002001CC0B01F7B5099E62
:1035F000089F0196009714461D46FFF77BFF88B988
:103600000723A37105236372F38A6381B38BA381BC
:1036100043F60803E38140F207532B81337AAB7200
:10362000F37AEB7203B0F0BDF7B5099E089F0196DF
:10363000009714461D46FFF75DFF88B90F23A3715D
:103640000D236372738A6381338BA3814BF6080366
:10365000E38140F60F532B81B379AB72737AEB722F
:1036600003B0F0BD73B5079E0196069E00960D4609
:103670001C46FFF73FFF18B90223AB723B2363746C
:1036800002B070BD73B5079E0196069E00960D466A
:103690001C46FFF72FFF18B90223AB725B2363743C
:1036A00002B070BDF7B5DDE90867CDE900671446E3
:1036B0001D46FFF71FFF70B94FF43143A874A38074
:1036C000D42323724FF4C063E071236197F8223052
:1036D000EB714023337103B0F0BDF7B5DDE9086746
:1036E000CDE9006714461D46FFF780FF78B948F220
:1036F0000143A874A3800123E371B12323724FF423
:10370000C063236197F82230EB714023337103B01B
:10371000F0BDF7B5DDE90867CDE9006714461D4641
:10372000FFF782FF70B94FF41743A874A380B12349
:1037300023724FF4C063E071236197F82230EB717C
:103740004023337103B0F0BDF7B5DDE90976019789
:10375000089F00970C461D46FFF7A4FF38B9324674
:103760002946204603B0BDE8F04000F09ABA03B005
:10377000F0BDF7B5DDE909760197089F00970C4683
:103780001D46FFF7AAFF38B932462946204603B046
:10379000BDE8F04000F085BA03B0F0BDF7B5DDE953
:1037A00009760197089F00970C461D46FFF7B1FF69
:1037B00038B932462946204603B0BDE8F04000F053
:1037C00070BA03B0F0BDF7B5DDE90867CDE9006771
:1037D00014461D46FFF78EFE58B94FF43143A874C6
:1037E000A380D423E071237297F82230EB71102369
:1037F000337103B0F0BD37B5DDE90645CDE90045CD
:10380000FFF778FE08B90123637003B030BD4B2386
:10381000436240F201230385092380F82A30704770
:103820000023022280F82C1080F82D3080F82E2002
:1038300080F82F3080F8301080F8313080F8322056
:1038400080F83330704790F8CC3113F0F00308D192
:10385000032280F83020022280F8313080F83220B4
:1038600024E090F83130FF2B1ABF0133DBB2802304
:1038700080F8313090F8323083F0020380F8323033
:1038800090F83030033B052B22D8DFE803F003210A
:103890002112151A90F8C63113F0020F14BF062337
:1038A000082380F83030002380F8313080F833303E
:1038B00005E0002380F83130082380F83030002004
:1038C000704790F8333083F0010380F83330F3E72A
:1038D000032380F830300023BDE790F8CC3113F09B
:1038E0002003024623D090F8301090F8CF310629FB
:1038F00007D103F01F03122B0CBF00206FF0100044
:10390000704790F8D13190F83110994292F8CE3149
:1039100092F832204FEA231303F0020314BF6FF032
:10392000110000209A4218BF6FF01200704718462D
:10393000704790F8CC3113F0F00308D1032280F8DF
:103940002C20022280F82D3080F82E202BE090F8D9
:103950002D30FF2B1ABF0133DBB2802380F82D30CE
:1039600090F82E3083F0020380F82E3090F82C303F
:10397000032B06D0042B12D0032380F82C30002315
:10398000DFE790F82F3083F0010380F82F30012318
:1039900080F82D30042380F82C300020704790F8F8
:1039A0002F3083F0010380F82F30F6E7037C0B7093
:1039B000437C4B70837C8B70C37CCB70037D0B711D
:1039C000437D4B71837D8B71C37DCB71037E0B7205
:1039D000437E4B72837E8B72C37ECB72037F0B73ED
:1039E000437F4B73837F8B73C37FCB7390F82030FF
:1039F0000B7490F821304B7490F822308B7490F84F
:103A00002330CB7490F824300B7590F825304B752B
:103A100090F826308B7590F82730CB7590F82830C9
:103A20000B7690F829304B7690F82A308B7690F808
:103A30002B30CB7690F82C300B7790F82D304B77DD
:103A400090F82E308B7790F82F30CB777047114459
:103A5000914200D1704701F8010D000AF8E70B18F8
:103A60000020994200D1704711F8012B42EA002052
:103A700080B2F6E71144914200D1704701F8010D80
:103A80000012F8E791F90030DB171BB208448142BD
:103A900001D11846704711F8012B5BB242EA0323AB
:103AA000F5E71144914200D1704701F8010D000A79
:103AB000F8E70B180020994200D1704711F8012B4C
:103AC00042EA0020F7E791F900300844DB17814211
:103AD00001D11846704711F8012B42EA0323F6E79B
:103AE00038B50D4600F033F90446284600F034F9A5
:103AF0004FF410635C43A4096043800938BD00297A
:103B0000BABF494209B20021002ABABF524212B2DA
:103B10000022114410B500014FF47A7449014FF4AA
:103B20007A7290FBF4F091FBF2F10844434303F105
:103B30001000B0F5001F06DA0028B8BF03F12F000F
:103B4000401180B210BD4FF6FF70FAE74FF40063EA
:103B50000022E0FB01321B0B43EA0250704748B1E0
:103B60000138002330F0FF0103F1010203D100EB23
:103B7000032080B2704740081346F3E7000300EBD0
:103B80005100B0FBF1F0FFF7EABFC3B2000A03FA3D
:103B900000F00130704708B5FFF7F7FF00224FF43F
:103BA0000063E1FB00321B0B43EA025008BD2DE924
:103BB000F7430B9D0446884691461F4683B3A97977
:103BC0001846FFF78DFF24030A9B04EB5004B4FB57
:103BD000F0F4FF2C28BFFF24DC7101460646404666
:103BE000FFF7CCFF40BA288031464846FFF7C6FFB2
:103BF00040BA697AA8803846FFF772FF0146019003
:103C00004046FFF7BBFF40BA688001994846FFF77E
:103C1000B5FF030A2872EB71002003B0BDE8F08302
:103C20006FF00E00F9E743B207288BBFC3EBC10367
:103C3000C1F10F01713B03EBC103DBB2137070479D
:103C4000030900F00F0013700870704700EB0111BA
:103C5000117070470323C0F8E4320023A0F8E83263
:103C600080F8EA32C0F8EC32A0F8F032184670471B
:103C7000FF2380F8E632002380F8EA32C0F8EC3205
:103C8000A0F8F03290F8E8320BB180F8633190F888
:103C9000E9320BB180F86031002380F88D3118468D
:103CA000704701235370002393708B224A744FF4A2
:103CB00048420282022282721846704790F86321BD
:103CC00090F8603180F8E82202F07F0280F86321EA
:103CD00090F8E42280F8E93203F0030303EB820357
:103CE00080F86031012380F88D3190F8AE3280F891
:103CF000EA3280F887310020704710B5B0F8D21151
:103D000011B3B0F8D631B0F8DE214FF6FF741A4483
:103D1000A24228BF224612049142B2FBF1F3C0F83E
:103D2000EC3211D8B0F864211204B2FBF3F3A342D1
:103D300028BF23469BB2A0F8F032A0F894310223AA
:103D400080F88E31002010BD4FF40043F3E74FF0B0
:103D50008043B3FBF0F070470130400000F0FE00FC
:103D6000704743B2002BB7BFDB4300F0070303F0FB
:103D700007038038ACBFC0F17F0008334FEAE00092
:103D8000B4BF0B700B70107070470A2938B5054628
:103D9000144624D9037803F07F031370437803F0AB
:103DA0000F035370837803F07F039370C37803F09D
:103DB0000303D370037903F07F031371C0880532C6
:103DC0000221FFF744FE2B7AE3716B7A2372AB7A00
:103DD00003F03F036372EB7AA372002038BD6FF0EB
:103DE0000900FBE70A2838B50D46144624D90B789C
:103DF00003F07F0313704B7803F00F0353708B783D
:103E000003F07F039370CB7803F00303D3700B7937
:103E100003F07F03137105310220FFF720FEE080DD
:103E2000EB7923722B7A63726B7A03F03F03A372F0
:103E3000AB7AE372002038BD6FF00900FBE71FB5D5
:103E40000C460B230DF105020121F5F7D9FA28B92B
:103E500022460DF105010B20FFF7C4FF04B010BD91
:103E6000162938B50446154648D9037813704378A7
:103E7000537083789370C378D37003791371437947
:103E800003F00F03537183799371C37903F03F03F8
:103E9000D371037A03F003031372408909320221BC
:103EA000FFF7D5FDB4F90C0005F10B020221FFF775
:103EB000E1FDB4F90E0005F10D020221FFF7DAFD74
:103EC000208A05F10F020221FFF7C1FD608A05F18A
:103ED00011020221C0F30C00FFF7CCFDB4F914006D
:103EE00005F113020221FFF7C5FDB4F9160005F133
:103EF00015020221FFF7BEFD002038BD6FF009005A
:103F0000FBE7162838B50D46144644D90B781370D4
:103F10004B7853708B789370CB78D3700B79137187
:103F20004B7903F00F0353718B799371CB7903F0C5
:103F30003F03D3710B7A03F003031372093102209C
:103F4000FFF78DFD05F10B0160810220FFF79AFD5F
:103F500005F10D01A0810220FFF794FD05F10F018D
:103F6000E0810220FFF77BFD05F111012082022094
:103F7000FFF788FDC0F30C00608205F113010220F9
:103F8000FFF780FD05F11501A0820220FFF77AFD01
:103F9000E082002038BD6FF00900FBE710B586B065
:103FA0000C4617230DF101020D21F5F729FA28B966
:103FB00022460DF101011720FFF7A3FF06B010BD47
:103FC0001F2938B50446154665D900880221FFF738
:103FD0003EFDA37803F00103AB70E37803F00F0319
:103FE000EB70237903F00F032B71637903F01F0348
:103FF0006B71A37903F07F03AB71E37903F07F0367
:10400000EB71237A03F001032B72637A6B72A37A4C
:1040100003F00103AB72E37A03F00303EB72237B3B
:1040200003F01F032B73637B03F003036B73A37B0A
:1040300003F00303AB73E37B03F00703EB73237C11
:1040400003F01F032B74637C03F001036B74A37CE8
:10405000AB74E37CEB74237D2B75637D6B75A37D63
:10406000AB75E37DEB75208B05F118020221FFF79C
:10407000EEFCA37EAB76E37EEB76237F03F00F03AB
:104080002B77637F6B77A37F03F00F03AB77E37F1F
:10409000EB77002038BD6FF00900FBE7152938B534
:1040A000054614463CD903781370437853708378DF
:1040B0009370C37803F07F03D370808804320221A9
:1040C000C0F30B00FFF7C3FCAB7903F07F03A371D0
:1040D000EB79E3712B7A23726B7A03F0010363723D
:1040E000AB7A03F00703E372A88904F10C02022102
:1040F000FFF7ADFCE88904F10E020221FFF7A7FCEF
:10410000288A04F110020221FFF7A1FCAB7CA37402
:10411000EB7CE3742B7D23756B7D6375002038BDCC
:104120006FF00900FBE7162938B5054614463AD961
:10413000037803F00F03137043785370837803F010
:104140000F039370C378D370037903F00F031371D7
:1041500043795371837903F03F039371C37903F07B
:104160000F03D371037A1372437A03F03F03537240
:1041700040890A320221FFF76AFCA88904F10C0287
:104180000221FFF764FCAB7BA373EB7BE37328692D
:1041900004F112020421FFF784FC2B7D03F00103DC
:1041A000A375002038BD6FF00900FBE7112938B571
:1041B0000446154639D9037803F0030302F8013B9E
:1041C00002214088FFF743FCA088EA1C0221FFF788
:1041D0003EFCA37903F001036B71E37903F007035D
:1041E000AB71237AEB71637A2B72A37A03F07F03AE
:1041F0006B72E37A03F07F03AB72237B03F003035C
:10420000EB72637B03F003032B73A37B03F00F03B9
:104210006B73E37BAB73237CEB73637C2B74A37CAA
:1042200003F003036B74002038BD6FF00900FBE757
:10423000042913D9037803F001031370437803F0C2
:1042400001035370837803F001039370C37803F084
:104250000303D37003791371002070476FF00900D6
:10426000704713B504460DF1030208460521FFF718
:10427000DFFF20B90B4620468321F5F7AFF802B0E7
:1042800010BD2B2838B50D46144640F286800B78B9
:1042900003F03F0313704B7853708B7803F00F03D8
:1042A0009370CB78D37004310220FFF7D8FBA91D9F
:1042B000A0800220FFF7D3FB05F10801E080022077
:1042C000FFF7CDFB05F10A0120810220FFF7C7FBB4
:1042D00005F10C0160810220FFF7C1FB05F10E0121
:1042E000A0810220FFF7BBFB05F11001E081022055
:1042F000FFF7B5FB05F1120120820220FFF7AFFBAB
:1043000005F1140160820220FFF7A9FB05F11601F7
:10431000A0820220FFF7A3FB05F11801E082022032
:10432000FFF79DFB05F11A0120830220FFF797FBA1
:1043300005F11C0160830220FFF791FB05F11E01CE
:10434000A0830220FFF78BFB05F12001E083022010
:10435000FFF785FB05F1220120840220FFF77FFB98
:1043600005F1240160840220FFF779FB05F12601A5
:10437000A0840220FFF773FB05F12801E0840220EE
:10438000FFF76DFB208595F82A3084F82A3095F8E0
:104390002B3084F82B30002038BD6FF00900FBE78C
:1043A000202838B50D46144632D90420FFF781FB8A
:1043B000291D20600420FFF77CFB05F108016060E7
:1043C0000420FFF780FB05F10C01A0600420FFF73B
:1043D00070FB05F11001E0600420FFF76AFB05F1B6
:1043E000140120610420FFF764FB05F118016061EE
:1043F0000420FFF768FB05F11C01A0610420FFF712
:1044000058FBE06195F8203084F82030002038BD5A
:104410006FF00900FBE7372838B50D46144640F227
:10442000D0800220FFF71BFB2080AB7803F07F03D6
:10443000A370EB7803F03F03E3702B7903F00303E1
:1044400023716B7903F001036371AB7903F03F03D0
:10445000A371EB7903F03F03E37105F1080102203A
:10446000FFF7FDFAC0F309002081AB7A03F00303E4
:10447000A372EB7A03F00303E3722B7B03F00F03C9
:1044800023736B7B03F007036373AB7B03F00103C0
:10449000A373EB7B03F00303E3732B7C23746B7C2C
:1044A000637405F112010220FFF7D9FAC0F30B0083
:1044B000608205F116010220FFF7D1FA05F118011B
:1044C000A0820220FFF7CBFAE082AB7E03F001036B
:1044D0002376EB7E03F0070363762B7FA3766B7F57
:1044E000E376AB7F03F07F032377EB7F03F07F035B
:1044F000637795F8203003F00303A37795F8213014
:1045000003F00F03E37795F8223084F8203095F814
:10451000233084F8213095F8243084F8223095F83F
:10452000253003F0010384F8233095F8263003F09A
:10453000030384F8243095F8273003F01F0384F830
:10454000253095F8283003F01F0384F8263095F8BD
:10455000293003F01F0384F8273095F82A3003F040
:10456000010384F8283095F82B3003F0010384F818
:10457000293095F82C3003F0030384F82A3095F89D
:104580002D3003F03F0384F82B3005F12E01042079
:10459000FFF78FFAC0F31100E06205F13201042049
:1045A000FFF787FA206395F8363003F0010384F8AB
:1045B000343095F8373003F0010384F835300020AB
:1045C00038BD6FF00900FBE7302838B50D461446BA
:1045D00040F29C800B7813704B7853708B789370FB
:1045E00003310220FFF73BFAA0806B7903F07F03D1
:1045F000A371AB7903F00703E371EB7903F00703D1
:1046000023722B7A03F03F0363726B7A03F03F034C
:10461000A372AB7A03F00103E372EB7A03F07F033A
:1046200023732B7B03F0010363736B7B03F03F0366
:10463000A373AB7B03F03F03E373EB7B23742B7C0F
:1046400063746B7CA374AB7CE374EB7C23752B7D70
:1046500063756B7DA375AB7DE375EB7D23762B7E58
:1046600063766B7EA376AB7EE376EB7E23772B7F40
:1046700063776B7FA377AB7FE377EB7F84F82030A2
:1046800095F8203084F8213095F8213084F82230D4
:1046900095F8223084F8233095F8233084F82430BC
:1046A00095F8243084F8253095F8253084F82630A4
:1046B00095F8263084F8273095F8273084F828308C
:1046C00095F8283084F8293095F8293084F82A3074
:1046D00095F82A3084F82B3095F82B3084F82C305C
:1046E00095F82C3084F82D3095F82D3084F82E3044
:1046F00095F82E3084F82F3095F82F3084F830302C
:1047000095F8303084F83130002038BD6FF0090062
:10471000FBE710B58EB00C4631230DF1070240F2D5
:104720000F11F4F76DFE28B922460DF10701312073
:10473000FFF74AFF0EB010BD37B500238DF80730E4
:1047400090F870310D4683F010030DF1070231210E
:10475000C3F30014F4F77CFE9DF8073003F0010367
:104760001A1B534253412B7003B030BD08B50120D2
:1047700015F0D5FD064B0022186020210A2015F007
:10478000BDFC044B1860044B00221A7008BD00BF2A
:10479000BC720020B8720020B572002008B5014636
:1047A000054800231A46006815F0E0FC01281EBFEA
:1047B000024B01221A7008BDB8720020B5720020A9
:1047C00008B509F0F3FA19F09DFC4FF0FF3016F030
:1047D000F3FDFAE730B5094C237885B063B9084A90
:1047E00002920125074A01920749084800954FF4B3
:1047F000AF7216F0AFFA257005B030BD8A270020E1
:10480000285C0010C0720020C4D80408C147020808
:1048100008B50C4A5368C3F30B0300200021A3F230
:10482000A553C2E9000163B9074B5B6FDB0008D5F4
:104830000120FCF78FF80A6882F308884A6810475D
:10484000FEE708BD00C0012000380240094B41F4DA
:10485000B46141F00501C3E90001BFF34F8F064980
:10486000064BCA6802F4E0621343CB60BFF34F8F7C
:1048700000BFFDE700C0012000ED00E00400FA05E4
:1048800084B08DED010ACDED020A8DED031A0023EF
:10489000934202DB012004B07047D0ED017A90ED25
:1048A000007A60EEA77A0C30E7EE007A10ED017A1C
:1048B000E7EE017AB1EC017A37EE217AB4EEE77ACD
:1048C000F1EE10FA01D40133E2E70020E3E7000043
:1048D0002DE9F0472DED048B17468CB01A46814622
:1048E00088469A468DED050ACDED060A8DED071A2C
:1048F000FFF7C6FF189DF0EE619AB0EE409AF0EE19
:10490000608AB0EE418A0446E8B90AEB4A0222EA1C
:10491000E272014692003846E3F732FA07EE90AAB7
:1049200069EEA99AF8EEE71AF2EE047A61EEA99A16
:10493000C9EEA71AAC426FDA3E464B46414600220A
:10494000DFED3A3A61E08DED090ACDED0A0A8DED11
:104950000B1A9DED090ADDED0A0A9DED0B1A0CB04C
:10496000BDEC048BBDE8F087D6ED017AD3ED012ACA
:10497000D6ED006A93ED002A96ED027A93ED023AA5
:10498000F1EC015A78EEE74A39EE665A24EEA26A53
:1049900038EE474AA5EE026A01320C360C33A4EE1B
:1049A000036AF4EEC65AF1EE10FABEBF35EEC66ADF
:1049B000E2EE864AA2EE065A74EEE88AB8BFA3EE8B
:1049C000064A78EEA78A35EE499A77EEE87A39EE0C
:1049D000269A34EE488A06ED039A67EEA77A36EEF9
:1049E000C99A38EE078AE9EE097A37EE487A46ED39
:1049F000028AE7EE077A06ED018A73EEA73AB0EE77
:104A0000448AF0EE648AB0EE459A5245ACDBF4EE8F
:104A1000E13AF1EE10FA06D58DED099ACDED0A8A4C
:104A20008DED0B8A95E7013484E700BF000000009C
:104A3000F0B48CB004460E4610461946DDE910234A
:104A40009FED447A9FED446A8DED050ACDED060A8F
:104A50008DED071AB0EE404AF0EE604AB0EE415AD2
:104A60008C4605460027BB4247DCF7EE007AB4EEE1
:104A7000E77AF1EE10FA01DB002E67D060EEA06A53
:104A8000D4ED0B5AE0EE006AE1EE016AB1EEE66A9F
:104A900027EE067AF4EEC75AF1EE10FA1FDBDFEDCF
:104AA0002E6A26EEE06AF0EE604AB0EE405AE1EE81
:104AB000664A91EE265AA0EE266AC7EE256AB0EE47
:104AC000404A77EEE67A67EEA77AA7EEA44AF0EEC0
:104AD000604AE7EE854AB0EE415AA7EE865AA56BCA
:104AE0001095D4ED0D1AB0EE440AF0EE640AB0EE63
:104AF000451A0CB0F0BCFFF7EBBED5ED017AD5ED51
:104B0000003AD5ED025A60EEA76AE3EE806AE1EE64
:104B1000256AF5EEC06AF1EE10FA12D967EE867AD0
:104B2000E3EE867AE5EE867ADCED005A75EEE77AFA
:104B3000C7EEA65AF4EE475AF1EE10FA48BFB0EEAF
:104B4000657A01370CF1040C0C358CE70CB0F0BC25
:104B5000704700BF0000807F000000002DE9F04F8B
:104B60002DED0E8B0446D4ED007AF7EE009A89EE17
:104B7000A75AA5B0DDE93C5A971D90460C228B46FA
:104B80007A433F99AE1805EB0710D4ED017A91ED09
:104B900009AAD1ED0AAA91ED0BBA0390C9EEA75A62
:104BA000A9460496B44629460020D4ED027AC9EEFF
:104BB000A74AB6EE004AFFEE003A404503F10C0367
:104BC00001F10C01C0F2F780A2F148032B4494EDEF
:104BD000098AD4ED0A7A48221846002128EE278A4D
:104BE000E3F7CEF820AA07921CAA069206EB8802E9
:104BF000029219AA059216AA089204F1180206EB6D
:104C00008808099204F10C02034608F10C080A9284
:104C1000BFEE009AF1EE488A099A8DED1CAA07CAE8
:104C20000DF1800C8CE80700079ACDED1DAAF2EC7F
:104C3000010A8DED1EBA0792069A0B93F2EC017AE7
:104C4000C3ED009A70EEE70AB0EE480A0692DFF76D
:104C5000E7FC029BA3EC010A02930A9B8DED16AAC6
:104C600093E8070019AB83E80700059BCDED17AA71
:104C7000F3EC010A8DED18BA0593089BF3EC017A69
:104C800008930B9B70EEE70A83ED099AB0EE680A71
:104C9000DFF7A8FC029B029AB1EE400A83ED020AFC
:104CA0000B9B424503F11003B6D19AF87930D4ED4D
:104CB0000D6A9AED0FDADAED10CA9AED11CA9AED83
:104CC000139ADAED148A9AED158AF2EE04DA022BC1
:104CD00066EEADDA40F0FB80DFEDC2BAF0EE6D1AA1
:104CE0003A4631462846B0EE6B0AF0EE6B0AB0EE5B
:104CF0006B1ACDED16BACDED17BACDED18BAFFF798
:104D0000BFFD002800F09F8094ED091A039B0093DB
:104D100021EE090A61EE280A2A4621EE081A01212D
:104D2000204601973346FFF783FEF0EE6D1A3A46B0
:104D300031462846B0EE418AFFF7A2FD002800F078
:104D4000BF80D4ED097A89EEA71A21EE009A61EEB0
:104D5000208A21EE088A8BED00AACBED01AA8BED0B
:104D600002BA00238DED1DDACDED1ECA8DED1FCAEE
:104D70001C931CAC94E80F0020AD85E80F0020AB1D
:104D80000FCB8DED1D9ACDED1E8A8DED1F8A0AF198
:104D9000380585E80F0094E80F0020AC84E80F0088
:104DA00020AB0FCB0AF1480484E80F0025B0BDEC1E
:104DB0000E8BBDE8F08F13ED027A53ED036A53EDCD
:104DC000017A37EE6A7A76EECA6A27EE257A66EEBF
:104DD000856A27EE076A77EECB7AA6EEA66A0130DF
:104DE00067EEA47A25EE877AA7EEA76A65EE266AB3
:104DF000F1EEC62A64EEA77A89EEA26AB0EE633AB3
:104E000027EE067A66EE866A67EE867A27EE076AEE
:104E1000A2EE843AA6EEA66AA7EEA76AF1EEC62A2B
:104E200089EEA26A66EE266A26EE077A66EE277A91
:104E300023EE066A41ED036A01ED027A41ED017A43
:104E4000ACEC016AB9E6A36B039A0093F0EE661A24
:104E5000314628463B46CDED19BACDED1ABACDED17
:104E60001BBAFFF735FDF0EE6D1A3A46314628467B
:104E7000B0EE409AF0EE608AB0EE418A8DED200AE5
:104E8000CDED210A8DED221AFFF7FAFCC0B160EEDC
:104E9000A07AD4ED0A6AE0EE007AE1EE017AB1EE92
:104EA000E77AF4EEC76AF1EE10FA7FF554AFC6EE7A
:104EB000877A20EE279A60EEA78A21EE278A4AE7B2
:104EC000B0EE6B8AF0EE6B8AB0EE6B9A43E7012B83
:104ED0007FF447AF7DEE4ABA3CEEEAEA7CEE4BEA5D
:104EE000039B0093B0EE6B0AF0EE4E0AB0EE6E1A22
:104EF0002A460021204601973346CDED10BA8DEDAC
:104F000011EACDED12EAFFF793FDF0EE6D1A3A4685
:104F100031462846F0EE405AB0EE606AF0EE416A43
:104F20008DED130ACDED140A8DED151AFFF7A8FCCF
:104F3000E0B99BED007ADBED016AB4EE667AF1EE42
:104F400010FA0CD6DBED027AF4EE677AF1EE10FA85
:104F500005D6B0EE67BAF0EE66AAB0EE47AA9FEDAE
:104F6000218AF0EE488AB0EE489A20E0B5EE409AE9
:104F7000F1EE10FA09D1F5EE408AF1EE10FA04D103
:104F8000B5EE408AF1EE10FA0BD0F4EE65BAF1EE10
:104F900010FA19D03AEE25AA7AEE86AA3BEE26BA86
:104FA000DDE73AEE00AA7AEEA0AA3BEE01BA8BED5D
:104FB00000AACBED01AA8BED02BAB0EE4BCAF0EE1F
:104FC0006ACAB0EE4ADACCE6B4EE46EAF1EE10FA7E
:104FD000E0D1F4EE66EAF1EE10FADBD19FED027A51
:104FE00000232EE0000000000000807FD9ED017A50
:104FF000D9ED005A99ED026A68EEA76AE9EE256AD2
:10500000E8EE066AF5EEC06AF1EE10FA13D96EEE1C
:10501000277A049AEBEEA57AEEEE867A92ED006A94
:1050200076EE677A87EEA66AB4EE476AF1EE10FA7A
:1050300048BFB0EE467A049A04320133049209F173
:105040000C099F42D2DCB4EEE97AF1EE10FA05D5F4
:1050500029EE079A68EE878A28EE078AB0EE4CBAE6
:10506000F0EE6CAAB0EE4DAAA1E700BF7047012098
:10507000704700002DE9F04F244B1B7887B007469E
:1050800088469146002B3DD016F032F8DFF888B004
:10509000DFF87CA0DBF83020002506462C46E8B27D
:1050A000059205F0F5F8059AD0B10378C3B1002A4E
:1050B00005DB4368DBF83010F31A8B4210D804EBA1
:1050C00044030AEB8301D0F808C0C1F800C0D0F84F
:1050D0000CC0C1F804C00AEB830301699960013474
:1050E00001350A2DDBD10A4B0A490B48CDE90037BF
:1050F0002246CDE90289FFF731FD15F0F9FF074B94
:10510000801B186007B0BDE8F08F00BF3878002022
:1051100040780020E0140020EC1400203C780020AF
:1051200013B5002300931C4B1C4C03F1500280214B
:10513000012014F095FF206020B9194919483C223C
:1051400011F0A2F800231A4617492068174C15F0F1
:105150000DF800230093164B042103F150020120A7
:1051600014F07EFF206020B90D491248402211F052
:105170008BF800231A461049206814F0F7FF01F05D
:1051800015FC01F05BFA15F0B3FF0C4B18600C4BEB
:1051900001221A7002B010BD885C00105C7A0020F9
:1051A000C8D8040815D9040848D90408587A00203A
:1051B000585D001023D90408C8DA0408547A002086
:1051C0008B27002030B5154D85B004460191286825
:1051D000002203A915F0E2FA012804D01049114871
:1051E0004F2211F051F8019A039B9A4214DB15F0FB
:1051F0007FFF20600C48022300222146006814F043
:10520000B5FF02232868002201A914F0AFFF019B1B
:10521000012B01DD01F058FB05B030BD587A0020AC
:10522000C8D8040831D904085C7A002007B50748BB
:1052300001F04EFA0648012301930022022301A93E
:10524000006814F093FF03B05DF804FB047A0020BB
:10525000587A002038B5084B04460D460022014616
:10526000186815F09BFA054B22681A6029465022EF
:105270000348E2F76FFC38BD5C7A0020547A0020C6
:10528000047A0020014B1878704700BF8B2700205C
:1052900008B515F02DFF024B1B68C01A08BD00BFF2
:1052A000547A002007B5084B0022186801A915F0B0
:1052B00075FA012804D0054905487E2210F0E4FF64
:1052C000019803B05DF804FB587A0020C8D80408A0
:1052D00031D9040810B50C4C23789BB9F2F7CAFDFC
:1052E000F6F778F9F6F758FA02F0CEF902F00CFA70
:1052F00005F0A0FC03F04AF804F07EFF01F0B4FED4
:105300000123237010BD00BF8C27002038B50B4B44
:105310001D78F6F727F9044602F000F9204005EA67
:10532000000402F00BFA044005F0A2FC044000F077
:1053300039F8044004F082FF204038BD8C2700205B
:1053400010B5054C204602F03FF9012801BF034A81
:1053500000231370237010BD617A0020607A002052
:1053600038B50C4D2C78A4B90B4B032221460120F3
:105370001C705C7014F0C2FE084A106020B1234615
:105380002246214614F0F2FE054B00221A7001233A
:105390002B7038BD8D270020617A0020847A002090
:1053A000607A0020014B1878704700BF8D270020DD
:1053B00037B50C4D044601AA2868002115F088FA7B
:1053C00001280CD1084A286813781D2B9EBFD118DC
:1053D00001338C7001A998BF137015F021F8204695
:1053E00003B030BD847A0020617A0020F8B5294BE3
:1053F0005A68294B1B780446002B49D0C2F3080297
:105400001AB1BDE8F840FFF7D3BF244D4FF0FF318C
:10541000286815F003F901282ED1214F3B7803BBF2
:10542000204E33781D2B29D902F0BCF8012813D166
:1054300033782BB15A1EB11889780A2908BF134650
:1054400005331E2B1849A8BF1E23F21808680979D6
:1054500042F8030C5170337001233B70FFF770FF6B
:1054600004E0FFF76DFF3B78002BD9D000232868BC
:105470001A46194614F07AFEE0B2F8BDF21801336C
:10548000DBB20A2C94703370CED01E2BEED1CBE75A
:105490001846F2E700ED00E08D270020847A002016
:1054A000607A0020617A0020CCDA0408704701237A
:1054B00040F2011180F87930A0F87A101168C163C8
:1054C000516801649168416480F87E30D36803615B
:1054D000704700000F2B38B50446154604D0134919
:1054E00013486D2210F0D0FEAB7B012B14D140F29B
:1054F0000223A4F87C302B68A3616B68E36102236C
:1055000084F87E30AB682362AB8907EE903AF8EE00
:10551000677AC4ED0D7A38BD40F20113A4F87C30EF
:105520002B68A3606B68E360E9E700BFD1DA040889
:105530002BDB0408102B38B50446154605D00D4961
:105540000D4840F2991210F09FFE012284F87B2052
:10555000EB686364022384F87E30A968216284F8D2
:10556000793084F87A302B68E3646B68236584F8BB
:10557000782038BDD1DA040854DB0408102B38B584
:105580000446154604D00C490C48C72210F07CFE96
:10559000012384F87B30EB686364022384F87E3057
:1055A000AB68236240F20113A4F87C302B68A3603F
:1055B0006B68E36038BD00BFD1DA04087CDB040807
:1055C000102B38B50446154604D00B490B489322DE
:1055D00010F05AFE022340F2022284F87930A4F837
:1055E0007A202A68E2646A682265AA68626584F89B
:1055F0007E30EB68236238BDD1DA0408A8DB0408EA
:10560000102B38B50446154605D0104910484FF404
:10561000D97210F039FE012184F87B10EB686364C5
:10562000022384F87E30AA6884F8793007EE902A45
:10563000F1EE677AC4ED087A84F87A302B68E36477
:105640006B68236584F8781038BD00BFD1DA040890
:1056500054DB0408102B38B50446154605D00C4918
:105660000C484FF4BB7210F00FFE022384F87B301D
:10567000EA68626584F87E30AB68236240F2011309
:10568000A4F87C302B68A3606B68E36038BD00BF72
:10569000D1DA0408D3DB0408082B38B504461546D4
:1056A0000CD84F494F484FF49E7210F0EDFD4C4915
:1056B0004D484FF49F7210F0E7FD07E0127802F0BA
:1056C0000F01092202EB41029A42F0D12B781B070D
:1056D0006AD0B5F8093040F2DB52934294BF002300
:1056E0000123002284F87920A4F87A20022284F889
:1056F0007E20D21AD2B284F87C2084F87D20B5F8BE
:105700000120DFED3A6A9FED3A7A07EE902AF8EE33
:10571000677A77EEE67A87EE876A002B46D0354BBC
:10572000D3ED007A66EE677AC4ED027AB5F80330FD
:1057300007EE903AF8EE677A2F4B77EEE67A87EE2F
:10574000876AD3ED007A66EE677AC4ED037AB5F81E
:10575000053007EE903AF8EE677A284B77EEE67A56
:10576000C7EE876AD3ED007A66EEE77ADFED246A4A
:10577000C4ED087AB5F8073007EE903AF8EE677A8C
:1057800077EEE67A87EEA67ADFED1E7A67EE277A65
:105790009FED1D7AF5EEC07AF1EE10FA48BFF0EEFB
:1057A000477AC4ED0D7A38BD01239AE7174BD3ED44
:1057B000007A66EE677AC4ED067AB5F8033007EE34
:1057C000903AF8EE677A124B77EEE67A87EE876AC0
:1057D000D3ED007A66EE677AC4ED077AB7E700BFCB
:1057E000D1DA0408FDDB04080ADC04080080BB44AD
:1057F0000000FA43341500202C1500203C15002031
:1058000000007A4400FF7F470000000038150020A8
:1058100030150020102B38B50446154604D00E492B
:105820000E48E22210F030FD012384F87B30EB6853
:105830006364022384F87E30AB6807EE903A40F24E
:105840000113F1EE677AC4ED087AA4F87C302B6876
:10585000A3606B68E36038BDD1DA04087CDB040820
:10586000102B38B50446154604D00E490E48A9221F
:1058700010F00AFD022340F2022284F87930A4F8E5
:105880007A202A68E2646A682265AA68626584F8F8
:105890007E30EB6807EE903AF1EE677AC4ED087A55
:1058A00038BD00BFD1DA0408A8DB04081C2B70B592
:1058B0000446154605D06449644840F2D71210F0FA
:1058C000E3FC012384F87930B5F90020DFED607A3C
:1058D000DFED605A07EE102AB8EEC77A04F1240013
:1058E000C7EE276A0321C4ED0F6AB5F9062007EE5B
:1058F000102AB8EEC77AC7EE276AC4ED136AB5F965
:105900000C2084F87A3007EE102AB8EEC77AC7EE7A
:10591000276A9FED517AC4ED176A84ED1B7AB5F9B9
:10592000022006EE902AF8EEE66A86EEA76A84ED7B
:10593000106AB5F9082006EE902AF8EEE66A86EEBF
:10594000A76A84ED146AB5F90E2084ED1C7A06EE80
:10595000902AF8EEE66A84F87B3086EEA76A84ED3A
:10596000186AB5F9043006EE903AF8EEE66A86EE6B
:10597000A76A84ED116AB5F90A3006EE903AF8EE9E
:10598000E66A86EEA76A84ED156AB5F9103084EDF3
:105990001D7A06EE903AF8EEE66A86EEA76A84ED86
:1059A000196AB5F916309FED2D6A06EE903AF8EEB9
:1059B000E66A66EE866AC4ED066AB5F9183006EE48
:1059C000903AF8EEE66A66EE866AC4ED076AB5F9C3
:1059D0001A3007EE903AF8EEE77A234667EE867AB9
:1059E0009FED1F6AC4ED087AD5F81220950F8D42FD
:1059F00013D0C2F3080C07EE90CAF8EEE77A02F46F
:105A0000007667EE867A920AC7EEA56AC6B9C3ED3C
:105A10000C6AD3ED0C7AA7EEA77A01394E1CA3F1DC
:105A20000403E4D1F7EE007A37EEC77A00EB850382
:105A3000F1EEC77AC3ED007A4FF08073E36770BD73
:105A4000F1EE666AE3E700BFD1DA040838DC040847
:105A500000007A440080FF4300000000FAAE6A3D77
:105A6000F304353F2DE9F0410B7805460C462BB980
:105A70001349144840F2212210F006FC124FA67878
:105A80003B68002BB8BF0C234FF080024FF00001A1
:105A90002846B8BF3B60E2F773F93B689E420DDAD7
:105AA0000A4B53F826704FB12246314612F8033B99
:105AB0002846BC46013BBDE8F0416047BDE8F081A7
:105AC000D1DA040864DC04082815002074DC04081A
:105AD00030B1044B1B78184214BF012000207047DE
:105AE00001207047F07B002070B5254B1B780546E0
:105AF000002B3CD10078FFF7EBFF0446A8B3214E02
:105B00004FF0FF31306814F089FDF8F701FCE7F73A
:105B100015FD19A3D3E90023E7F770FEE8F73CF879
:105B20006B7AD5F80510184A03EE900A03B1116894
:105B3000164BD5F80A00D2ED001A93ED000AD3ED0A
:105B4000010A93ED021A02EE901AD5F8011003EE45
:105B5000100A02EE101A0E4804F0C8FC0023044696
:105B60001A463068194614F001FB204670BD102417
:105B7000FBE700BFAFF300800000000080842E41EF
:105B8000F17B0020F47B0020B8920020A48100204B
:105B9000F88000200000000070B5254B1B780546FA
:105BA000002B3CD10078FFF793FF0446A8B3214EA9
:105BB0004FF0FF31306814F031FDF8F7A9FBE7F73B
:105BC000BDFC19A3D3E90023E7F718FEE7F7E4FFCC
:105BD0006B7AD5F80510184A03EE900A03B11168E4
:105BE000164BD5F80A00D2ED001A93ED000AD3ED5A
:105BF000010A93ED021A02EE901AD5F8011003EE95
:105C0000100A02EE101A0E4804F08AFC0023044623
:105C10001A463068194614F0A9FA204670BD1024BF
:105C2000FBE700BFAFF300800000000080842E413E
:105C3000F17B0020F47B0020B8920020A48100209A
:105C4000F88000200000000070B52F4B1B7805463F
:105C5000002B52D10078FFF73BFF044600284AD0C2
:105C60002A4E4FF0FF31306814F0D8FCF8F750FBA3
:105C7000E7F764FC22A3D3E90023E7F7BFFDE7F7CA
:105C80008BFFAB7AD5F80610214A03EE900A03B1D8
:105C90001168D5F80130687902EE103A1D4BD3ED4A
:105CA000027A08B132EE272AD5F80B00D2ED001A9D
:105CB00093ED000AD3ED010A93ED021A03EE100AE8
:105CC000B5EEC03AF1EE10FAD8BF134872EE677A1B
:105CD000D8BF90ED003A1148F0EEE77A02EE901A44
:105CE00087EE833A04F002FC002304461A4630682B
:105CF000194614F03BFA204670BD1024FBE700BFA4
:105D00000000000080842E41F17B0020F47B002005
:105D1000B8920020A481002044150020F8800020C3
:105D200070B52F4B1B780546002B52D10078FFF73A
:105D3000CFFE044600284AD02A4E4FF0FF3130688B
:105D400014F06CFCF8F7E4FAE7F7F8FB22A3D3E9C8
:105D50000023E7F753FDE7F71FFFAB7AD5F80610EE
:105D6000214A03EE900A03B11168D5F80130687931
:105D700002EE103A1D4BD3ED027A08B137EEC22A7B
:105D8000D5F80B00D2ED001A93ED000AD3ED010A0D
:105D900093ED021A03EE100AB5EEC03AF1EE10FAD6
:105DA000D8BF134872EE677AD8BF90ED003A114819
:105DB000F0EEE77A02EE901A87EE833A04F0B0FB39
:105DC000002304461A463068194614F0CFF92046DD
:105DD00070BD1024FBE700BF0000000080842E414E
:105DE000F17B0020F47B0020B8920020A4810020E9
:105DF00040150020F880002070B5414B1B7886B01C
:105E00000546002B76D10078FFF762FE0446002895
:105E10004DD03C4ED5F80210D5F80620D5F80A3002
:105E20000391306804924FF0FF31059314F0F6FBB4
:105E3000F8F76EFAE7F782FB2FA3D3E90023E7F721
:105E4000DDFCE7F7A9FE01902F4804F01BFBDDED18
:105E5000012A78B32D4B2E4C9DED030ADDED040A8B
:105E60009DED051A93E8070084E80700294A07CA50
:105E700004F10C0383E80700274B23481B68E36306
:105E8000D5F812306A7802EE103AD5F80E3001EEED
:105E9000903A0023D21A18BF0122214604F05CFB7D
:105EA000002304461A463068194614F05FF920466C
:105EB00006B070BD1448CDED012A04F0DBFADDED2B
:105EC000012A02460028C5D1D5F8123069789DED27
:105ED000030ADDED040A9DED051A0B4802EE103AA7
:105EE000D5F80E30003901EE903A18BF012104F0C8
:105EF000F1FBD5E71024DAE70000000080842E4192
:105F0000F17B0020F47B0020F8800020A481002099
:105F1000B07B0020AC920020B8920020000000006E
:105F200070B5454B1B7886B00446002B7CD10078B9
:105F3000FFF7CEFD002879D0404ED4F80310D4F8F6
:105F40000720D4F80B30306803914FF0FF310492F2
:105F5000059314F063FBF8F7DBF9E7F7EFFA34A3E6
:105F6000D3E90023E7F74AFCE7F716FE019034482F
:105F700004F088FADDED012A002832D0314B324D91
:105F80009DED030ADDED040A9DED051A93E8070077
:105F900085E807002D4A07CA05F10C0383E80700CE
:105FA0002B4B27481B68EB63D4F81310A378627857
:105FB000003B02EE101AD4F80F1018BF0123003A6C
:105FC00001EE901A18BF0122294604F0C5FA0023F9
:105FD00004461A463068194614F0C8F8204606B040
:105FE00070BD1748CDED012A04F044FADDED012A19
:105FF0000028C3D1D4F81330A27861789DED030A4C
:10600000DDED040A9DED051A0D48003A02EE103A46
:10601000D4F80F3018BF0122003901EE903A18BFB2
:10602000012104F057FBD2E71024D7E70446D5E757
:106030000000000080842E41F17B0020F47B0020D2
:10604000F8800020A4810020707B0020AC9200200A
:10605000B8920020000000002DE9F843304B1F7873
:106060000546002F55D10078FFF732FD0446002881
:106070004CD02C4E2C4C30684FF0FF3114F0CEFA3F
:10608000F8F746F9294B8046894693E8070084E8EB
:106090000700274A07CA04F10C0383E80700254BD1
:1060A0001B68E36340464946E7F748FA1AA3D3E979
:1060B0000023E7F7A3FBE7F76FFDD5F81310AB78E4
:1060C0006A7802EE101AD5F80F1001EE901AD5F882
:1060D0000B1001EE101AD5F80710003B00EE901AD5
:1060E000D5F8031018BF0123003A02EE900A00EE23
:1060F000101A18BF012221460F4804F017FB3B4637
:1061000004463A463068394614F030F82046BDE877
:10611000F8831024FAE700BF0000000080842E41BD
:10612000F17B0020F47B0020307B0020A481002044
:10613000AC920020B8920020F880002000000000FF
:106140002DE9F347564B1C780546002C40F09E8005
:106150000078FFF7BDFC002800F09A802B791E2BF9
:106160004BD8504AC3EBC303D618D35C012B44D1A0
:106170007778002F45D1DFF844814B4CD8F80000E8
:106180004FF0FF3114F04AFAF8F7C2F8E7F7D6F902
:1061900041A3D3E90023E7F731FBE7F7FDFC2060DB
:1061A000D5F805306360B3792376D6F802303F4ADC
:1061B0003F491344E361A8786B78EA78003818BF48
:1061C00001200090003B3B4891ED000AD0ED001A01
:1061D000D1ED010A91ED021A374818BF0123003AA8
:1061E000214618BF012204F023FC0446D8F8000021
:1061F0003B463A46394613F0B9FF204602B0BDE8A7
:10620000F087012FF9D1D5F8053007EE103AF7EEF7
:10621000007AB4EE677AF1EE10FA3BD195F803807C
:10622000B8F1000F36D1254F254C38684FF0FF31BB
:1062300014F0F4F9F8F76CF8D6F8023089461B49E7
:1062400082461944204605F007F850464946E7F7CC
:1062500075F911A3D3E90023E7F7D0FAE7F79CFC1F
:1062600020606A78124B144893ED000AD3ED010ABE
:1062700093ED021A003A214618BF012204F02AFCCD
:1062800043460446424638684146B4E71024B4E722
:106290000446B2E70824B0E70000000080842E41E5
:1062A000F17B0020D0910020B0910020B08100202F
:1062B000A4810020B8920020F8800020F47B002008
:1062C000887A002010B5FFF703FC70B1084C4FF03E
:1062D000FF31206814F0A2F9064804F095F8002375
:1062E00020681A46194613F041FF002010BD00BF78
:1062F000F47B0020F88000202DE9F04F08208DB0BD
:1063000001F012F9C9A7D7E90067BF4DDFF8248370
:1063100004A9082001F022F99DF812300D2B00F29B
:106320007181DFE813F00E0014004E0097009C000E
:10633000AB005D01820088008D009200A600A100E4
:106340005801B24B9DF813201A700024F3E098F81E
:106350000090B9F1000F40F053819DF81300FFF752
:10636000B7FB002865D0DFF8D0A24FF0FF31DAF894
:10637000000014F053F9F7F7CBFFE7F7DFF83246E8
:106380003B46E7F73BFAE7F707FCA14BA14A9DED37
:10639000063ADFEDA12A9DED052AD2ED001A93ED14
:1063A000000AD3ED010A93ED021A03EE900A9B480E
:1063B00004F09CF804464B46DAF800001A461946E9
:1063C000B7E098F80090B9F1000F40F019819DF8FE
:1063D0001300FFF77DFB0028B7D0DFF85CA24FF079
:1063E000FF31DAF8000014F019F9F7F791FFE7F739
:1063F000A5F832463B46E7F701FAE7F7CDFB844BB9
:10640000844A9DED063ADFED842A9DED052AD2ED02
:10641000001A93ED000AD3ED010A93ED021A03EE80
:10642000900A7E4804F07CF8C4E70DF11300FFF7F2
:106430005BFB04467FE00DF11300FFF7ADFBF8E7CF
:106440000DF11300FFF700FCF3E70DF11300FFF768
:1064500067FCEEE79DF81300FFF734FFE9E70DF165
:106460001300FFF7C9FCE4E70DF11300FFF758FD37
:10647000DFE70DF11300FFF7EFFDDAE798F80040D2
:10648000002C40F0BD809DF81300FFF721FB002891
:106490003FF45BAF9DF816301E2B4CD8C3EBC30303
:1064A00005EB0309EB5C012B45D199F801A0BAF18A
:1064B000000F49D1DFF880B1594CDBF800004FF0F4
:1064C000FF3114F0ABF8F7F723FFE7F737F8324660
:1064D0003B46E7F793F9E7F75FFB2060DDF81730FD
:1064E000636099F806302376D9F802304D4A48495E
:1064F00048481344E3619DF814309DF81520CDF809
:1065000000A0003B18BF0123003AD0ED001A91ED26
:10651000000AD1ED010A91ED021A4048214618BF48
:10652000012204F085FA0446DBF800005346524687
:10653000514613F01BFE042304A88DF815408DF876
:10654000103001F063F8E3E6BAF1010FF3D1DDF8A2
:10655000173007EE103AF7EE007AB4EE677AF1EEF4
:1065600010FA4FD19DF815B0BBF1000F4AD1DFF8FA
:10657000C8A02D4CDAF800004FF0FF3114F04EF8AF
:10658000F7F7C6FE03900291D9F80210254801449E
:10659000204604F061FE039A029B10461946E6F776
:1065A000CDFF32463B46E7F729F9E7F7F5FA9DF8C4
:1065B0001420174B2060003A93ED000AD3ED010A36
:1065C00093ED021A1548214618BF012204F082FA01
:1065D0005B460446F0E60DF11300FFF7B1FD28E736
:1065E0009DF813301E2B0DD8C3EBC303EA18059892
:1065F000E850BDF818109DF81A3091809371A4E608
:10660000102498E7082496E7D0910020F07B002022
:10661000A4810020B892002000000000F880002033
:10662000B0910020B0810020887A00200000000096
:1066300080842E41F17B0020F47B002030B5174D83
:106640002C7885B03CBB164802F0C4FB154803F01B
:10665000D3FE154B0293154B019302234FF4967210
:10666000134900931348234614F074FB1249012088
:1066700013F040FE114B1860114B00221A605A6053
:106680009A60104B1A605A609A600F4B1A600F4B59
:106690001C7001232B7005B030BD00BF8E27002079
:1066A00038BA0408F8800020AC5D0010487C002057
:1066B000A4DC0408F9620208F87B0020F47B0020C7
:1066C000A4810020AC920020B8920020F17B002031
:1066D00070B5134D04464FF0FF31286813F09EFF4C
:1066E000104BA16AE26A606A186059609A60D4ED42
:1066F000037A0D4B9FED0D7AA16BE26B606B186016
:1067000059609A6067EE877A094B2868C3ED007A72
:106710000023BDE870401A46194613F027BD00BF9C
:10672000F47B0020A4810020AC92002035FA8E3C3E
:10673000B8920020000000002DE9F0410A27B2FBCA
:10674000F7F303FB172790B004460D4627B1002549
:10675000284610B0BDE8F081DFF868814FF0FF31C6
:10676000D8F8000013F05AFFF7F7D2FDE6F7E6FE7F
:1067700052A3D3E90023E7F741F8E7F70DFA6E4695
:1067800000EE100A4649304603F081FED8F80000BA
:106790003B463A46394613F0E9FC414803F072FEA5
:1067A00010B3404BA96AEA6A686A186059609A6037
:1067B000D5ED037A3C4B9FED3D7A686BA96BEA6B94
:1067C000186067EE877A59609A60394B3448C3ED98
:1067D000007A03F04FFE05460028B8D035498022E4
:1067E0002046E1F7B7F9B3E72D4803F043FE002850
:1067F000D7D1304605F0C4F80546002849D0DFED72
:106800002E7ADDED0F6A009BE36326EEA77A019BEB
:10681000236484ED047A029B9DED0C7A6364039BF0
:10682000E36427EE277A049B2365059B636584ED6B
:10683000067A01239DED0D7A84F8793040F2011338
:1068400027EE277AA4F87A304FF48033E367069B6B
:1068500084ED077AE3659DED0E7A079B2366089B1E
:10686000636667EE277A099BE3660A9BC4ED087AA4
:10687000236796E807000B9B63670A4B83E80700D2
:1068800003AA07CA084B83E80700094BC3ED006A57
:106890005EE7034803F0F3FD5AE700BFAFF3008063
:1068A000F8800020A4810020AC92002035FA8E3CB4
:1068B000B8920020C8D90408E02E6542000000000C
:1068C00080842E41F47B00200020FFF7FBBC0000F9
:1068D000F8B5104F0446D0B13B78C3B90E4803F069
:1068E000D1FD06460C4803F0C5FD05467EB970B9DA
:1068F0000A4E4FF0FF31306813F090FE064803F067
:1069000083FD30682B462A46294613F02FFC3C7045
:106910000020F8BDF17B0020F8800020F47B0020EF
:1069200008B50B461146C218B2F5805F06D81A4664
:10693000034B1844E1F70EF9012008BD0020FCE7E5
:10694000B081002008B5034610465A18B2F5805FA2
:1069500008D80A4604491944E1F7FCF8003818BF82
:10696000012008BD0020FCE7B0810020014B187811
:10697000704700BFF880002008B5F7F7C9FCE6F7BC
:10698000DDFD08A3D3E90023E6F738FFE7F704F9B4
:10699000BDE8084000EE100A014803F039BD00BF11
:1069A000F88000200000000080842E4110B5084CC3
:1069B00023785BB900F078FD0649032000F0FCFD68
:1069C0000449072000F0F8FD0123237010BD00BF2B
:1069D0008F270020F9690208042908B504D004496A
:1069E000044863220FF050FCBDE80840FEF71EBCCF
:1069F000AADC0408FCDC040808B5437803F0F302C1
:106A0000302A014608D1104800F020F8BDE80840BF
:106A10000D480221FEF7D6BB03F0F002702A04D124
:106A200013F0030302D0012B04D008BD0648FFF782
:106A300019F8EBE78378002BF7D110F8031BBDE8BA
:106A400008400139FFF7C8BFBC920020F8B50446E2
:106A50000E46FEF727FC774B08B901221A70F7891A
:106A600000251FB91F7000EE105A0DE01B78002B97
:106A7000F9D1B7F57A7FF6D307EE907ADFED6E0A9B
:106A8000B8EE670ADDF7CCFD6C4B84ED0D0A1A7881
:106A90006B4B002A57D01A785AB99FED6A1A012217
:106AA000F0EE410AB0EE410A1A700DF015FF0DF03C
:106AB00049FF07EE907A9FED647A6563F8EE677A96
:106AC000022377EEC77A84F87B30C7EE876AC4ED7D
:106AD000156A5E4B1A785E4B1978B31C002936D0C4
:106AE000022184F8791084F87A100021A4F87C102F
:106AF000596807EE101AF3EE0E7A87EE277A84EDC6
:106B0000137AD6F80210A56007EE101A87EE277ADE
:106B1000E56084ED147A002A41D14E4A1278002AA9
:106B200040F081809B6807EE903A4B4B1B78F1EE6A
:106B3000677AC4ED087A002B5CD0012B60D0022369
:106B400084F87E302BE084F87B201A70C1E73AB3DA
:106B5000F08928B3012240F2011084F87920A4F8CA
:106B60007A00A4F87C1084F87E205A68DFED3B6A36
:106B700007EE902AF1EE677AC4ED0F7AD6F802207C
:106B80002264F289A56007EE902AF8EEE77AE560C4
:106B900087EEA67A84ED117A9B6823616563F8BD60
:106BA000002184F8791084F87A102D49097891B978
:106BB000022184F87C10D6F80210A161A560294951
:106BC000097881B9022184F87D105968E161E56096
:106BD000E56425659FE7012184F87C10A561D6F85E
:106BE0000210A160EBE7012184F87D10E56159688E
:106BF000E160EDE71C491D486D220FF045FB9EE763
:106C00009FED1B7AD4ED037AD4ED026A67EE877AA2
:106C1000B0EE676A96EE876AE6EE877A84ED026ADE
:106C2000C4ED037A8BE7012284F87E2025629B68FD
:106C30002361B4E74A15002000606A473C930020B6
:106C40003D9300200000000000FEFF463F9300201F
:106C50003E930020409300204B15002000007A4412
:106C6000491500204815002030DD040852BB0408F7
:106C7000F304353F044A054B116819605168926866
:106C800059609A60704700BF5093002078930020AD
:106C900070B58AB0002401900126BDF80620BDF829
:106CA000041006FA04F39BB2134214BF012200221F
:106CB0000B4214BF01210021E0B20AF01BFE054681
:106CC00010B10134042CE8D12022002102A8E1F700
:106CD00057F802238DF8083061238DF8093002A897
:106CE0000B238DF80A308DF80B5000F08FFC0AB0A2
:106CF00070BD000010B5C4B20122002120460AF088
:106D0000F9FD30B9621C03490348BDE810400FF09B
:106D100047BF10BDB4FF0408ED53020830B5084D5D
:106D20008DB002238DF800300FCD01AC0FC40FCD14
:106D30000FC42B68236068460EF0FAFF0DB030BD1B
:106D40007893002030B5074D8DB001238DF80030C9
:106D50000FCD01AC0FC42B68236068460EF0E8FF2E
:106D60000DB030BD509300202DE9F0412DED028B88
:106D70004378C3F3010203F00303012B04461BD045
:106D8000022B00F01081002B44D1AA4BD0F8021046
:106D90001960D0F806105960D0F80A109960A64919
:106DA0001A740968D960FFF765FFFFF7CBFF14F08D
:106DB0009FF9A24B18802DE002785AB38378023BEA
:106DC000092B27D8DFE813F00A0023002A00260049
:106DD000260026002F004E002600E300012A19D0CD
:106DE000011D023AC078EAF763FD03232370BDEC6E
:106DF000028B6378207103F00C0343F0610363702E
:106E00000223A3702046BDE8F04100F0DDBB8C4BAF
:106E100001221A70BDEC028BBDE8F08114F068F914
:106E2000884B1860F6E7884BD0F803201A60D0F83A
:106E300007205A60D0F80B209A60D0F80F20DA6053
:106E4000D0F813201A61D0F817205A61D0F81B200F
:106E50009A61794A1268DA617C4A12681A62FFF70D
:106E60005DFFA4E79FED7A8ADFED7A8A551E002642
:106E70000B22B5FBF2F5EDB2F3B29D42CAD9B4F9DB
:106E80000430E17807EE903A6B4BD3F800C0724BB8
:106E90001B78F8EEE77A994287EE887A04F10302CC
:106EA00058D1694B03201F4683ED007AB2F90310D5
:106EB000DFED6A6A9FED6A6A07EE901AF8EEE77AEC
:106EC00087EE887A83ED017AB2F9051007EE901A01
:106ED000F8EEE77A87EE887A83ED027AD2F8072017
:106EE000910F814215D0C2F3080807EE908AF8EEA0
:106EF000E77A02F4007E67EEA87A920A87EE867A35
:106F0000BEF1000F23D183ED067AD3ED067AE7EECA
:106F1000A76A0138B0F1FF3FA3F10403E1D1F7EE16
:106F2000007A77EEE67A494BB1EEE77A07EB81011A
:106F30001B6881ED037A3B62C7F81CC0FFF7EEFEC9
:106F400014F0D6F83D4B188001360B3494E7B1EEBF
:106F5000477AD8E7374981ED007AB2F9033007EE76
:106F6000903AF8EEE77A87EE887A81ED017AB2F905
:106F70000530C1F80CC007EE903AF8EEE77A87EEDC
:106F8000887A81ED027AE07803F062F9DCE7042A7E
:106F90007FF640AFBDEC028BD0F803103148BDE85E
:106FA000F04107F0C7B9234D9FED298ADFF88880AB
:106FB00014F8026B00270723B6FBF3F6FBB29E42E0
:106FC0007FF628AFB4F9013007EE903AF8EEE77A91
:106FD00087EE887A85ED007AB4F9033007EE903AAF
:106FE000F8EEE77A87EE887A85ED017AB4F9053014
:106FF00007EE903AF8EEE77AD8F80030EB6087EECB
:10700000887A00232B74144B1B7885ED027A207844
:1070100083420AD1FFF72EFEFFF794FE14F068F8C2
:10702000064B188001370734C8E7294603F010F9EA
:10703000F8E700BF509300204C1500206894002012
:107040009C9300204493002078930020501500204A
:1070500000007A44F304353F45940020000000000E
:107060000080FF43916C020810B50E4C2378C3B921
:107070000FF052FB0C4B0D491870062000F09CFAE3
:107080000B490C4802F064FD0B4BC0F3072218704B
:107090005A70C0F30742C0F307609A70D87001239A
:1070A000237010BD9027002045940020696D0208D0
:1070B00087DD0408FB9F04084893002070B5154C39
:1070C0002378052B10EE105A064605D912491348AD
:1070D0004FF4BB720FF0D8F8114B1B78C3B1237873
:1070E000104803EB830101330144DBB2042BCE7063
:1070F0004D6023700CD91A230370437803F00C03FE
:1071000043F0610300254370857000F05DFA25703F
:1071100070BD00BF6794002093DD0408F0DD040813
:107120004D930020479400202DE9F04F2DED028B68
:107130007E4B1B7883B004460E469146002B4BD005
:10714000502707FB001797ED028A794D18EE103A89
:107150004FF01408E8706B6008FB00F84FF0000A6D
:1071600097ED070A38EE400A0FF096FD05EB4A034B
:107170000AF1010ABAF1030F188107F11407EFD1E0
:10718000502303FB046393ED038A18EE103A08F1D1
:107190000107C5F80E3006EB87074FF0000897EDA2
:1071A000070A38EE400A0FF077FD05EB480308F1B7
:1071B0000108B8F1030F588207F11407EFD1162325
:1071C0002B706B785A4803F00C0343F061036B702B
:1071D0000A23AB7000F0F8F9DFF874A19AF80030D8
:1071E000002B00F08780534D534F2B68DFF85C81F4
:1071F000994525D9514A11783A7891421AD8A9EB84
:107200000303B3F5FA7F15D2C34600223B784C49FD
:107210009A42087873DB431C0B709AF8001001390E
:10722000C9B2FD2906D88AF8001019B9454B18686B
:1072300002F098FD00233B70434B1A784A442A60C1
:107240003D78424A0023AB4268DB032D52D808EB5D
:1072500045154FF000094FF0500AEC7085F8189072
:107260000AFB046A9AED028A18EE102A4FF0140BFA
:10727000AB1C6A600BFB04FB9AED070A019338EE26
:10728000400A0FF009FD05EB490209F10109B9F1C6
:10729000030F019B10810AF1140AEDD1502000FB6D
:1072A000046494ED038A18EE102A0BF1010BDA60E6
:1072B00006EB8B06002496ED070A38EE400A0FF025
:1072C000EBFC05EB44030134032C588206F1140651
:1072D000F1D10C23AB703B785A01172008EB431116
:1072E00008F802004A7802F00C0242F06102013311
:1072F0004A703B7003B0BDEC028BBDE8F08F03F029
:107300000F0343EA00138BF818305846019200F03F
:107310005BF9019A0BF1200B013277E7D1788C42AF
:1073200002F12002E6D001338DE700BF4C9300202C
:107330009D930020409400203D940020551500208E
:10734000449400204893002054150020BD93002051
:107350003E940020014B1878704700BF9C9300209A
:10736000014B1868704700BF44930020732070479A
:1073700008B513F0BDFE174BDA68824228D21A69AD
:1073800093ED007ADFED145A1861821A07EE902A05
:10739000F8EE476A93ED017AF8EE677A66EEA56A31
:1073A000B8EE477A86EEA76A00F5FA70D86027EE45
:1073B000257ABCEEC66AC7EE276A16EE102AFCEEE6
:1073C000E66A1A8116EE902A5A810022C3E9002249
:1073D00008BD00BFF094002000007A4400B5174CAF
:1073E000174D184E89B02368AB4222D09B6868467F
:1073F000984703460028F6D19DF80120120956F857
:10740000220020B14FF0FF32694612F0AFFE9DF826
:1074100001300D4A1B0952F8231019B152F82330DC
:1074200068469847094A136801331360FFF7A0FFC5
:10743000D9E70A2013F0C0FFD5E700BF5815002098
:107440005C150020B09400206C940020F094002083
:1074500000B5114C114D89B02368AB4218D0104BC8
:107460004FF0FF321868694613F038F80128F3D15D
:10747000236868465B68984730B10A4A536801330D
:107480005360FFF775FFE7E70A2013F095FFEFE77A
:107490000A2013F091FFDFE7581500205C1500204B
:1074A000B04D0020F094002070B5154D2B7886B0BB
:1074B00023BB1A462021C820059312F01FFE114C51
:1074C000114A059B1060022604F160020F490294E4
:1074D00001920F480096962213F03CFC04F52E72A0
:1074E00004F54674059B0292CDE9006409490A48F7
:1074F0004FF4967213F02EFC01232B7006B070BD72
:10750000912700200C5E0010B04D002016DE04080C
:10751000517402081EDE0408DD730208014B18785E
:10752000704700BF9127002038B5094D55F820302D
:10753000044623B1074908486B220EF0A5FE00223D
:107540002021102012F0DAFD45F8240038BD00BFDC
:10755000B094002026DE04086EDE040870B50D4EDF
:1075600056F8203004460D4623B90B490B487B22C0
:107570000EF08AFE25B9084909487C220EF084FEE7
:1075800056F8240029464FF0FF32BDE8704012F053
:10759000A5BF00BFB094002026DE040885DE0408E5
:1075A000B2AD040808B5034B186813F0EDF9C0F14B
:1075B000C80008BDB04D00201028DCBF014B43F8C7
:1075C000201070476C94002010B5044620B90B4978
:1075D0000B48D4220EF058FE23781E2B04D90749FD
:1075E0000848D5220EF050FE0748002321460068C7
:1075F000BDE810401A4612F0B9BD00BF26DE0408EF
:10760000B2AD040869CC0408B04D002010B50446A2
:1076100020B90B490B48DC220EF036FE23781E2BD6
:1076200004D907490848DD220EF02EFE07482146FE
:107630000068BDE8104000234FF0FF3212F096BD05
:1076400026DE0408B2AD040869CC0408B04D002061
:1076500008B5064B0021186812F0C2FC044B1B68E9
:107660001B6903B19847002008BD00BFB04D002042
:1076700058150020034B1B68DB6803B11847012035
:10768000704700BF5815002070B5084D2B680446A0
:1076900013B11B6800209847054B002C08BF1C46FF
:1076A0002C6023680120BDE8704018475815002061
:1076B0005C15002008B50F20104C114EFFF734FF69
:1076C000A51C0E490F20FFF749FF637813F0030351
:1076D0000CD0012BF5D11E22002128462270E0F7A4
:1076E0004FFB08492846E0F7A9FE03E0308808B1BF
:1076F00013F062FE2046FFF789FFE2E706950020BF
:107700000495002094DE04081FB5084C23785BB96B
:10771000074A02926032CDE90032064906489622B5
:1077200013F018FB0123237004B010BD9227002032
:10773000D4650010A7DE0408B5760208014B18785E
:10774000704700BF92270020034BC01A034B8010E4
:10775000584380B2704700BF7C7E0508CDCCCCCCAE
:10776000064A074B07499B1A9B104B439842BABFE6
:10777000142303FB00200020704700BF7C7E050817
:10778000807F0508CDCCCCCC2DE9F0410C4D0D4CC3
:107790000D4B641BA41007465C430026A64204DB85
:1077A0004FF000084046BDE8F081A846394655F83C
:1077B000140BE0F7D9FC0028F4D00136EEE700BF47
:1077C0007C7E0508807F0508CDCCCCCC024B1B68A5
:1077D00003B11847704700BFAC940020014B43F839
:1077E00020107047AC9400209FED0B7A00F5C87311
:1077F000F0EE477AF0EC016A8342A6EEA67A77EEC5
:10780000A67AF7D167EEA77ADFED046A87EEA60ABB
:1078100037EE400A704700BF000000000000C84279
:107820000A490B4B0A783AB100221A700A7018788C
:10783000073818BF01207047064908780028F6D09D
:107840000A700549032018700A60F0E709960020C5
:1078500070150020089600200C9600200000000003
:107860002DE9F04F2DED048BB04C0646207889B001
:10787000C0B9AF4B1870F5F743FE01232370F3F73F
:10788000AFFCAC4B83ED000AAB4B83ED000AAB4B76
:1078900083ED000A83ED010A83ED020A83ED030AFA
:1078A000EEF7DCFC2378012B48D1A549A54A0B68EB
:1078B000356802EB8300013305607568C0F89051AC
:1078C000B568C0F82053632B05D80B6009B0BDEC38
:1078D000048BBDE8F08F002310460B60FFF784FF98
:1078E00002F5C87010EE101AFFF77EFF02F548701F
:1078F00010EE108AFFF778FF084610EE105AE5F7F1
:10790000FBFD064640460F46E5F7F6FD02460B46F0
:1079100030463946E5F792FC02460B462846CDE94B
:107920000623E5F7E9FDDDE90623CDE900018649F7
:1079300086480FF035F902232370C7E7022B40F089
:10794000A980834DDFF8F8A12868EEF71BFFDAF86D
:107950000030B0F80480A3EB0808B8F1630F0746C5
:107960001BD8784B326803EB88031A607268C3F83F
:107970009021B268C3F82023F3F732FC6F4E2B68D6
:1079800006EB8306D6ED007AB4EEE70AF1EE10FAC4
:1079900003D5F3F725FC86ED000ADAF80030B8F1DC
:1079A000640F03F10103CAF8003043D165482E6823
:1079B000FFF71AFF674B684803EB860383ED000A65
:1079C00010EE108AFFF710FF644B6548B2001344B5
:1079D00083ED000A10EE10BAFFF706FF574B134471
:1079E000544AD3ED007A92ED007A77EE677A10EE82
:1079F000109A17EE900AE5F77FFDCDE9040148469D
:107A0000E5F77AFDCDE902014046E5F775FD8046D0
:107A100058468946E5F770FD02460B464046494602
:107A2000E5F70CFC0136CDE9000132464D494748E7
:107A30000FF0B6F8DAF800203988012A0CD181B1AC
:107A4000494B2868198801B9F98809B0BDEC048B45
:107A5000BDE8F04FEEF75CBB8A4202D128680021F6
:107A6000F3E77B880B449A42FFF430AF2B68013375
:107A70000022032BCAF8002001DC2B6026E7052337
:107A800001202A60237009B0BDEC048BBDE8F04FE3
:107A9000F5F736BD032B6DD1294E0020EEF772FEAF
:107AA000336805464BB9314A1370F3F799FB214B04
:107AB00083ED000A204B83ED000A3368012B1CD1B3
:107AC0002B4C218801B929890020EEF721FB218860
:107AD00001B929890120EEF71BFB218801B9298909
:107AE0000220EEF715FB218801B929890320EEF762
:107AF0000FFB336801333360E8E6312B0ED80E4CB0
:107B0000F3F76EFBD4ED007AB4EEE70AF1EE10FA6B
:107B1000EFD5F3F765FB84ED000AEAE7322BE8D1F5
:107B2000EEF79CFB06232370E3E700BF70150020EF
:107B3000F8950020E0950020E4950020E8950020CD
:107B40000C960020EC680010B0DE0408ED5302082B
:107B5000FC950020B89500207C6A0010C895002094
:107B60000C6C0010E1DE040802960020DA9500207B
:107B7000D8950020042B27D17D4D2B685A1CB3F5D6
:107B8000FA6F2A607FF6A2AE7A4B93ED008A18EE68
:107B9000100AE5F7B1FC0B467749D1ED007A78EE93
:107BA000677A024617EE900ACDE90623E5F7A4FCB2
:107BB000DDE90623CDE90001704971480EF0F0FFC0
:107BC00003232370002358E7062B38D1694B6D4DF2
:107BD000D3ED008A684B93ED008A6B4B38EEC88A70
:107BE0000FF27C19D9E9008918EE100A83ED008A9A
:107BF000E5F782FCDFED657AB4EEE78AF1EE10FA84
:107C000006460F460BDD0B460246CDE9008960496A
:107C10005B480EF0C5FF00232B7007238CE618EE9F
:107C2000900AE5F769FCCDE902890B460246CDE9E9
:107C30000067584952480EF0B3FF0123ECE7052BCB
:107C40007FF444AE9FED489BDFF868A1DFF86891B0
:107C5000514EDFF868B10025504BFAEC017A93EDF4
:107C6000008AB9EC017AB5EE408AF1EE10FAA84626
:107C700077EE877A05F101055DD0F5EEC07AF1EE79
:107C800010FA04D4B4EEE78AF1EE10FA2DD517EE0F
:107C9000900AE5F731FCCDE9040118EE100AE5F78A
:107CA0002BFC2A46CDE902018DED009B3C4934486E
:107CB0000EF076FF3B4A13780133137003273288A6
:107CC00040F2757301214046EEF7E4FC322013F0D8
:107CD00073FB00231A4619464046EEF7DBFC64208E
:107CE00013F06AFB013FEAD11CE0F5EEC07AF1EE39
:107CF00010FA2BDDB4EEE78AF1EE10FA26DD17EE6E
:107D0000900AE5F7F9FBCDE9040118EE100AE5F752
:107D1000F3FB8DED009BCDE902012A46224918486C
:107D20000EF03EFF042D06F1020695D11F4A13887E
:107D30000133138071E717EE900AE5F7DDFB2A4661
:107D4000CDE900011A490E480EF02AFF012303FA7B
:107D500008F89BF8003048EA03088BF80080E1E758
:107D6000000000606666E63F0000000000000000C2
:107D70000C960020E0950020E495002022DF040806
:107D8000ED530208DA950020DC9500203333333FB1
:107D90003FDF04087DDF040894C504080496002032
:107DA000ABDF040800960020FBDF0408FA950020F2
:107DB0004BE00408B8950020C8950020F8950020F5
:107DC0001A4BD3ED007A1A4B93ED007AB1EE676A45
:107DD000F1EE475A00F10C03F5EEC07AF1EE10FA1D
:107DE0000BDDD0ED006AF4EEE67AF1EE10FA1AD46B
:107DF000F4EEC66AF1EE10FA15D4B5EEC07AF1EEE3
:107E000010FA0BDDD0ED036AB4EEE67AF1EE10FA6B
:107E100009D4F4EEE56AF1EE10FA04D40430984285
:107E2000DAD1012070470020704700BF7415002090
:107E30007815002010B52DED028B0446B0EE408A77
:107E400020220021DFF79CFF84ED048ABDEC028B29
:107E500010BD91ED007AD0ED007AC36877EE877A95
:107E60000133C0ED007A91ED017AD0ED017A77EE21
:107E7000877AC0ED017A91ED027AD0ED027AC36083
:107E800077EE877AC0ED027A7047C36813B390ED3E
:107E9000047AD0ED006A07EE903A67EE266AF8EEB3
:107EA000677A002386EEA76AC360D0ED016A80ED91
:107EB000056A67EE266AC0E9003386EEA76AD0ED50
:107EC000026A80ED066A27EE267A8360C7EE276A8B
:107ED000C0ED076A1430704770B50B4B19680B4B37
:107EE0001C68002302460C251846814202DC4FF034
:107EF000FF3070BD05FB00F6A657002E02DB934253
:107F0000F7D001330130F0E770960020649600202E
:107F100070B50B4B19680B4B1C68002302461425E7
:107F20001846814202DC4FF0FF3070BD05FB00F6C1
:107F3000A657002E02DB9342F7D001330130F0E761
:107F4000049C0020F89B0020074A002310469168FB
:107F500031B10133802B02F11002F8D100207047BB
:107F600000EB0310704700BF9C6D00102DE9F3413A
:107F70001E4F002507F500623C2101FB05F39C58CC
:107F800084422DD00135102DF7D1022002B0BDE87A
:107F9000F081A3602468002CFBD13C2606FB05760B
:107FA000D6F8040898B14FF0FF3823462246032143
:107FB000CDF8008014F07CF8CDF80080D6F80408E5
:107FC00023462246052114F073F8C6F804483C23E2
:107FD00003FB05754FF0FF33C5F800380020D5E7E7
:107FE0003B44D3F838480023D5E700BF9C6D001010
:107FF0000E4B73B5002203F500643C2505FB02F12E
:108000000E59864205D00132102AF7D1022002B063
:1080100070BD58184FF0FF3300930023D0F80408C8
:108020001A46032114F044F80020F0E79C6D00107C
:1080300038B5114B114D1B786BB1002455F8240055
:10804000431C05D0FFF7D4FF55F82400FFF78EFF3F
:108050000F34F02CF2D100234FF0FF3245F82320EB
:108060000F33F02BFAD1064A80230021013B9160A7
:1080700002F11002FAD138BD932700209C75001040
:108080009C6D0010F7B5174D0C4600233C2605F5F6
:10809000006206FB03F18F5887421CD00133102B7E
:1080A000F7D1022003B0F0BD0D44642600962246AD
:1080B00000230421D5F8040813F0FAFFD5F804488A
:1080C00013F016F80096024600230121204613F013
:1080D000EFFF0020E6E7002CE6D11144024806F04D
:1080E00029F9F6E79C6D00100581020808B514F027
:1080F00057F9BDE808400146014806F01BB900BF2A
:10810000058102082DE9F04F2DED028BDFF8749206
:10811000904D846B9FED908A904FDFF86CA283B0F6
:1081200080464FF0FF31D9F8000012F077FA12F0D4
:10813000DFFF52236B7004232B70D8F80030AB7034
:10814000030A2B71030C0646E8706B71A4B9002377
:108150001A461946D9F8000012F008F8FFF78AFA13
:10816000002840F0DA80FFF763FF03B0BDEC028B1C
:10817000BDE8F04FFFF76CBA00230093237903F0BA
:108180000F03013B062B1BD8DFE803F0042E501D24
:108190003F5F6D00237BD4F808B0012B0DD1DBF8D5
:1081A00000302BB96E4840F2FE2239460EF06CF8D2
:1081B000DBE900313046984701E09BF80000009071
:1081C000B0EE480A69E0237BD4F808B0012B08D14F
:1081D000DBF80030002BEBD1624840F20B3239461D
:1081E000E4E79BF90000EAE7237BD4F808B0012B11
:1081F00008D1DBF80030002BDAD15B484FF446722F
:108200003946D3E7BBF80000D9E7237BD4F808B0A0
:10821000012B08D1DBF80030002BC9D1534840F2C4
:1082200025323946C2E7BBF90000C8E7D4F808B0E8
:10823000227BDBF80030012A1846C0D1002BB7D1D1
:108240004B4840F232323946B0E7237BD4F808B0CD
:10825000012BDBF80000B2D10028A9D1454840F23B
:108260003F323946A2E7227BD4F808B0012ADBF876
:10827000003030D12BB94FF45372394650460EF0CE
:1082800003F8DBE90031304698478DED010A9DED9A
:10829000010AFDEEC07ACDED007A237903F0F002F9
:1082A000702A01D0802A23D103F00F03072B1CBFB3
:1082B000DDED007AB8EEE70A702A0ED12B781A2B82
:1082C0003FF645AF9A1C10EE101AD2B20433A950F3
:1082D0002B7024683AE70193D9E70EF0DDFC2B7888
:1082E00000901C2B3FF633AF0233DAB2A852EFE70F
:1082F0001B09214A287812F803B0CBF11E039842DB
:108300003FF625AF02305A4669462844DFF722FC83
:108310002A78934485F800B0DBE70E48FFF754F95C
:1083200098B9D8F8343064215A1CB3FBF1F001FB42
:108330001033C8F8342043B91049114803B0BDECDC
:10834000028BBDE8F04F0EF02BBC03B0BDEC028BEE
:10835000BDE8F08F74960020000000008DE0040856
:10836000D4E00408F0E004080BE1040828E1040864
:1083700044E1040861E104082FE2040898E10408DC
:10838000ED530208109600207DE104082DE9F04F1E
:10839000474B1C7887B0002C42D1464A464E474B8B
:1083A00032609B1A464ADFF84891DFF848A1DFF8AF
:1083B00048B1CAF800409B105343C9F80030274623
:1083C000A046D9F80030BB422DDC3E49012011F017
:1083D00091FF3D4B3D491860D9F800000B88356886
:1083E00000220C26904259DC04B10B80384A00234D
:1083F0004FF0FF3142F823100F33F02BFAD1FFF783
:1084000017FE344B02930124603301933249334801
:10841000009400234FF4967212F09CFC244B1C70C5
:1084200007B0BDE8F08FDAF80030CBF802300C2549
:1084300033687D435A195B5D8BF8063019061DD5EC
:10844000DB0703D55068E0F75BF8804633681D44CE
:10845000696809B308460591E0F752F805990246A4
:108460001F48DFF777FB6868E0F74AF8411D1D48B1
:108470000EF0BBF90137CAF80000A2E75068E0F738
:108480003FF808F1020318441A28DFD916491748A3
:10849000D5220DF0F9FED9E70521E8E706FB02F742
:1084A0000132EF57002FA2BF01339BB2012499E79D
:1084B00093270020BC510508649600202C7E0508F7
:1084C000ABAAAAAA14960020109600206896002055
:1084D0009C7500105C7900105DBD0408D18702080E
:1084E000C36E0020BE6E00208DE00408ABD80408E7
:1084F000709600206C960020BC6E00202DE9F84399
:10850000144BDFF85880D3F80090134B1D680646D3
:108510000F460024A14502DC4FF6FF7018E095F9E4
:1085200000202B78002A06DADB0701D5D5F8048075
:1085300001340C35EEE741463046DFF715FE0028E2
:10854000F6D169683846DFF70FFE0028F0D1A0B2F7
:10855000BDE8F8837096002064960020ABD804082C
:10856000034B0C221B685043185C00F00F0070474F
:10857000649600202DE9F04F444F894685B00022D3
:108580003C2101FB02F3DC59844270D00132102AF5
:10859000F7D1022005B0BDE8F08F019B9A6B002453
:1085A000002A40D117F81500039200F00F0007EBE6
:1085B00045011AF80000029120441A284FEA4508A4
:1085C00051DCFFF7C1FC044600284ED00299039A03
:1085D0004878FF282ED0FFF77FFC0028D9DB0C233A
:1085E00003FB00F10BEB010280B29268A260FFF77F
:1085F000B7FF227960F30302227117F8080060F3D5
:10860000071222711BF80120C2F38012227300238B
:108610002360D6F8382802BBC6F8384801354D45E6
:10862000BBDB0020B6E71179126809091AF80110BE
:108630000C44B5E708F102013944A16017F80800BD
:108640002179000960F30301217117F808002273F2
:1086500060F3071121710235D9E711461268002A2B
:10866000FBD10C60DAE7072094E70C2092E7FB18B7
:10867000074E0193074BDFF824A0D3F800B0064F54
:108680003C21002501FB0266C9E700BF9C75001074
:108690009C6D001064960020C06E00202FE204083C
:1086A0002DE9F04F8946454985B000233C2404FB61
:1086B00003F25558854273D00133102BF7D10220B5
:1086C00005B0BDE8F08F019B9A6B0024002A43D1CE
:1086D00005EB450806EB080116F80800039200F0C8
:1086E0000F0002911AF8000020441A2854DCFFF70A
:1086F0002BFC0446002851D00299039AB1F80100DE
:108700004FF6FF7398422ED0FFF7E6FB0028D6DB2A
:108710000C2303FB00F10BEB010280B29268A26014
:10872000FFF71EFF227960F30302227116F808306A
:1087300063F3071222711BF80130C3F38013237314
:1087400000232360D7F8383803BBC7F83848013511
:108750004D45B8DB0020B3E7137912681B091AF8FE
:1087600003301C44B2E708F103013144A16016F85C
:1087700008002179000960F30301217116F808301F
:10878000227363F3071121710235D9E71A461B687A
:10879000002BFBD11460DAE7072091E70C208FE76C
:1087A0008A180192064A074FD2F800B0DFF81CA0E1
:1087B000054E3C22002502FB0377C9E79C7500109B
:1087C000649600209C6D0010C06E00202FE204080B
:1087D0002DE99F480520FEF7A7FEA44CA44DA34910
:1087E0000520FEF7BBFE28684FF0FF3111F016FFA1
:1087F00063789B0740F09181A378032B00F28D8171
:10880000DFE803F002185E4B9A4B9B4F1968E27841
:10881000D7F800A0DFF88492DFF884C2002318465E
:108820000C2688421FDB502363700023A3700123B2
:10883000237016E0914992480EF0B2F9502363700C
:10884000082323700123A3708E4B1B88FF2B28BFA6
:10885000FF23E3708C4B1B6863601023237280231B
:108860006372204657E19AF900B09AF800E0BBF134
:10887000000F06FB00F808DA1EF0010F0BD0DAF843
:10888000049001300AF10C0ACBE79A4200F00A8109
:1088900001339BB2F5E7E146F3E750236370092308
:1088A00023700323A370774B1B88A4F80330764B07
:1088B0001B68C4F80530102363728023A372D0E7CD
:1088C0006C4B6D4F1A68B4F80310D7F800A0DFF8AE
:1088D000CC91DFF8CCC1002318460C26904203DB74
:1088E000502363700223A1E79AF900B09AF800E0E0
:1088F000BBF1000F06FB00F808DA1EF0010F0BD0E9
:10890000DAF8049001300AF10C0AE7E7994200F026
:10891000238101339BB2F5E7E146F3E7E7785B4A51
:10892000002352F823108F425ED00F33F02BF8D182
:1089300000213C2000FB01F352F80390B9F1FF3F06
:1089400054D001311029F5D10C2005E0A8F1020125
:1089500049083846FFF70EFE207103232046237096
:10896000FEF754FE002328681A46194611F0FEFB54
:1089700035E72178E07802394908EBE7E078FFF73E
:10898000F5FAE9E7217901EB81014900E078FFF789
:1089900079FBE1E7E078FFF72BFBDDE7FFF748FB2A
:1089A0000020D9E7E778394A002352F823108F4294
:1089B0001AD00F33F02BF8D100213C2000FB01F33B
:1089C00052F80390B9F1FF3F2DD001311029F5D1B4
:1089D000BAE72378E078023B0321B3FBF1F142E0F0
:1089E000A188D3E70820B7E71120B5E7284E29482A
:1089F00094F800801E4403F108011144C6F8007881
:108A000001912549009113444FF47A71012213F02A
:108A10000BFB0023C6F80408C6F83838002895D1A7
:108A2000C6F8009890E71A4E1A4894F800801E4441
:108A300003F108011144C6F800780191164900912C
:108A400013444FF47A71012213F0EEFA0023C6F8B2
:108A50000408C6F838380028E2D03846A8F10201E8
:108A60000323B1FBF3F1FFF71BFE75E7BC6E00209B
:108A7000109600207096002064960020D4E104082F
:108A8000ED530208689600206C9600209C7500103B
:108A90009C6D00100FE20408ED800208CFE104088D
:108AA000ABD804085023637080B20023A370E27037
:108AB000FFF756FD20714846DFF722FD0646DAF83B
:108AC0000400DFF71DFD30440530C0B21E282070C1
:108AD00005D93B493B484FF4A0720DF0D5FB484601
:108AE000DFF70EFD4946421C3748DFF733F84846AA
:108AF000DFF706FD3B68354F98440646D8F804106A
:108B000003910846DFF7FCFC0436421C0399B819B0
:108B1000DFF720F8B81EFEF779FD637803F0030352
:108B2000012B7FF41FAFA378082B3FF65BAF01A2A8
:108B300052F823F01D890208738902087D89020812
:108B400085890208958902089D890208A58902087D
:108B5000D3890208E18902085023637080B202239E
:108B6000A370FFF7FDFC60714846DFF7C9FC0646BD
:108B7000DAF80400DFF7C4FC30440630C0B21E2827
:108B8000207005D90E490F4840F275120DF07CFB9C
:108B90004846DFF7B5FC4946421C0D48DEF7DAFFD0
:108BA0004846DFF7ADFC3B68084F98440646D8F8C6
:108BB000041003910846DFF7A3FC0536A5E700BFC4
:108BC0008DE00408F2E10408C16E0020BE6E0020B2
:108BD000C26E0020F0B5104C104D2668104C0023DA
:108BE00024680B6013609E4212DD94F900E094F853
:108BF00000C0BEF1000F274603DA1CF0010F18BFBA
:108C00006568984204F10C0403D10D607B68136021
:108C1000F0BD0133E7E700BF70960020ABD8040831
:108C200064960020034B1B680C2202FB0030806816
:108C3000704700BF64960020014B185C704700BF6E
:108C40002FE204084FF6FF73984210B5044605D191
:108C50002549264840F223420DF016FB2046FFF737
:108C60007FFC013806283CD8DFE800F00415260C0C
:108C70001D262E001E4B18680C2303FB0404A3685A
:108C8000187810BD1A4B18680C2303FB0404A36862
:108C900093F90000F5E7164B18680C2303FB040456
:108CA000A3681888EDE7124B18680C2303FB040433
:108CB000A368B3F90000E4E70D4B18680C2303FB2D
:108CC0000404A3681868DCE7094B18680C2303FB4D
:108CD0000404A368D3ED007AFDEEE77A17EE900A5C
:108CE000CFE70020CDE700BF8DE0040818E20408BC
:108CF000649600204FF6FF73984210B5044605D1E4
:108D00000D490E4840F243420DF0BEFA2046FFF7EF
:108D100027FC072808D10A4B18680C2303FB04041E
:108D2000A36893ED000A10BD2046FFF78BFF07EE06
:108D3000900AB8EEE70AF6E78DE0040818E20408A6
:108D400064960020FFF77EBF4FF48050704710B547
:108D50000023994201DC012010BDC418D454013312
:108D6000F7E7000073B5104C23781BB10023237084
:108D70000E4C23600024A14210DD135D0619F5B2EC
:108D8000AB420ED0094C22682AB90949094800961D
:108D90002A460DF005FF236801332360012002B04D
:108DA00070BD0134E7E700BF08970020049700205A
:108DB00043E20408ED530208044B187820B1044B39
:108DC0001868003818BF0120704700BF94270020A2
:108DD0000C9700202DE9F843164F174DDFF85C90F3
:108DE00004460026B8462B78B34215DC132B04D971
:108DF0001249134861220DF047FA124B1B7823B930
:108E00000E49114862220DF03FFA2B7848F82340B2
:108E100001332B70BDE8F88357F8043B22781B78A8
:108E20009A4204D109485F2249460DF02DFA0136D5
:108E3000D9E700BFB4960020099700207DE204081E
:108E4000EAE204087C15002009E30408C4E20408EF
:108E500010B5044C237823B90348FFF7BBFF012367
:108E6000237010BD9427002054E3040838B50B4D3F
:108E70002B68044623B10A490A4868220DF004FA17
:108E8000094B1B7823B90649084869220DF0FCF903
:108E9000074B22781A702C6038BD00BF0C97002059
:108EA0007DE204081DE304087C15002009E30408A2
:108EB0000A970020014B00221A7070477C15002091
:108EC00010B5074B1B788342044604D80549064871
:108ED00074220DF0D9F9054B53F82430187810BDE1
:108EE000099700207DE204082FE30408B4960020CF
:108EF00010B5084B1B788342044604D8064907483E
:108F000079220DF0C1F9064B53F82430BDE810402A
:108F10005B681847099700207DE204082FE30408E6
:108F2000B496002010B5054C236823B904490548C0
:108F30007E220DF0A9F92368586810BD0C97002017
:108F40007DE2040844E304082DE9F0411F460D4B7F
:108F50001B78834204460D46164604D80A490B483E
:108F600085220DF091F90A4B53F824309C6834B1F6
:108F70003A46314628462346BDE8F0411847204688
:108F8000BDE8F081099700207DE204082FE3040882
:108F9000B49600202DE9F0411F460D4B1B7883420B
:108FA00004460D46164604D80A490B4890220DF097
:108FB0006BF90A4B53F82430DC6834B13A46314639
:108FC00028462346BDE8F04118472046BDE8F08119
:108FD000099700207DE204082FE30408B4960020DE
:108FE000F7B50B4F16463A6804460D4632B90949A3
:108FF0000948019399220DF047F9019B3A68D76817
:1090000029463246E0B2BC4603B0BDE8F0406047B6
:109010000C9700207DE2040844E3040870B5084E74
:10902000336804460D4623B9064907489E220DF0D1
:109030002BF93368294620469B68BDE870401847E5
:109040000C9700207DE2040844E30408F7B50B4FB9
:1090500016463A6804460D4632B909490948019353
:10906000A3220DF011F9019B3A681769294632468F
:10907000E0B2BC4603B0BDE8F04060470C9700206A
:109080007DE2040844E30408014B1878704700BFF0
:1090900009970020014B1878704700BF0A970020FD
:1090A00083B50420FEF740FA534C04F07FFEFFF72F
:1090B00001FF04F10806E71D4F490420FEF74EFAB0
:1090C000637803F00303012B57D0022B76D0002BDB
:1090D000F2D194F80280B8F1010F26D0B8F1020F56
:1090E000EAD1E578FFF7D0FFC0B240238542637034
:1090F00084F8008084F80280E57027D2ADB228465B
:10910000FFF7DEFE80462846FFF7F2FEC4F80500B2
:109110003A483B49026894F900300A60426884F892
:1091200004804A600D3323700CE0FFF7ADFF054665
:10913000FFF7B0FF4023637028440223237084F8B4
:109140000280E0702046FEF761FAB5E7281A69460A
:10915000C0B2FFF763FF0028F4D0FFF7E3FE01235E
:1091600023716B4694F90020C4F8050003CB244D0D
:109170000D32286069602270E4E7FFF785FFC3B213
:10918000A078D4F80310E5794122834262700ED9A9
:1091900033462A46FFF7D8FE00281BBF06350023BA
:1091A0000523EDB208BF0625E3712570CAE7C01A92
:1091B0002A463346C0B2FFF713FFEDE7FFF764FF1F
:1091C0002278D4F80310C3B2A078053A422583422E
:1091D000D2B2657009D93B46FFF7DCFE002814BF08
:1091E00000230523E37106239DE7C01AC0B23B4666
:1091F000FFF72CFFF2E700BFC09B0020708E040831
:10920000C99B002030B5094C237885B063B9084A62
:1092100002920125074A01920749084800954FF438
:10922000967211F097FD257005B030BD952700208E
:109230006C7E00101097002064E30408A1900208DF
:10924000014B1878704700BF952700202DE9F041A9
:109250001C465F1D242303764D2343763E230E4692
:10926000837600F11D031146C47606772246054633
:1092700000F118081846DEF76DFCFFB203461FFA2E
:1092800084FC84EA0601002290B2844507D808F8DD
:1092900007100634E4B2A5F81841BDE8F08113F8D0
:1092A000010B01324140EFE738B5274DC0F81C11E2
:1092B000002383712549264C284600F049FC254BA4
:1092C00025491870C0F307225A70C0F30742C0F353
:1092D0000760D87028469A7000F03AFCC0F3072364
:1092E00020706370C0F30743C0F307601B49E07050
:1092F0002846A37000F02CFCC0F307232071637193
:10930000C0F30743C0F307601549E0712846A37115
:1093100000F01EFCC0F3072320726372C0F3074302
:10932000C0F30760E0720F49A372284600F010FCFA
:10933000C0F3072320736373C0F30743C0F30760D0
:10934000A373E07338BD00BFBD9C0408B19C040842
:10935000E19B0020F19B00207A9C04087D9C04087E
:10936000809C0408839C04082DE9F0432DED028BBA
:10937000837987B004464BB9242902D10123837134
:10938000017007B0BDEC028BBDE8F083013B052BFB
:10939000F7D8DFE803F003070A0D131E417002231C
:1093A000A371EEE781700323FAE7C1700423F7E7A6
:1093B000C37801715BB10523C380E2E7C379C218AA
:1093C00001331172C278DBB29A42C371D9D8062335
:1093D000E6E70288417144F624539A4206D0437866
:1093E0000278B849B8480DF0DBFB06E082783C2AE9
:1093F0000CD0B649B4480DF0D3FBB549B24807B01C
:10940000BDEC028BBDE8F0430DF0CABBC378027916
:1094100000F108069C4635465340002087B2BC4503
:1094200004D8994207D00A46AA49DBE715F8017B20
:1094300001307B40F2E7A849A3480DF0B1FB217948
:109440006C2939D864290CD805292BD801BB0A46C8
:109450009D48A24907B0BDEC028BBDE8F0430DF07A
:109460009FBBA1F16503072BF1D801A252F823F0AD
:10947000319502084F9402084F9402089B96020807
:10948000879502084F9402084F940208B19502088C
:10949000023904F11D02032900F2B480DFE801F073
:1094A000BBC2CBDB2429D2D100236377A377E37738
:1094B00084F820300423EDE0A02900F0DD801DD8E1
:1094C000772900F09A808229C1D101220023627796
:1094D0005E20E277222284F8213084F8223084F85A
:1094E000233084F8243084F8253084F8263084F83A
:1094F0002730A07784F820200B23CBE0D62900F07A
:10950000F780F529A3D12246042302F81D3F204607
:109510000123FFF79BFE724B01221A70D4F81C3115
:1095200023B1B4F8181104F118009847002337E765
:109530006FF01703637703230025A377012304F15A
:109540001D02E57784F8205084F8213084F82250F9
:1095500084F8235084F8245084F8255084F8265049
:10956000019204F02BF8019A28B1D4F8233043F08B
:109570000103C4F8233084F827500B2365212046CB
:10958000FFF764FECAE76FF0230205236277A37733
:10959000E27784F8203084F8212084F8223084F89F
:1095A000232084F8243004F11D0208236921E6E712
:1095B00005AA04A903A802F0A7FE9DED037ADDED3C
:1095C000047AF2EE046A27EE267A67EEA67ABDEEFA
:1095D000C77AFDEEE77A17EE103AA4F81D3017EEC1
:1095E000903AA4F81F30002384F8213084F8223008
:1095F00004F11D0206236C21C1E72246002302F874
:109600001D3FBCE7364B002119700223637703230B
:10961000A3770121B3E7334B1B68C4F81D30022147
:109620000423ACE7022363770123A3770023E377C6
:1096300003231946A3E701920CF0C8FD0368C4F8A0
:109640001D30022384F82130012384F82230019A4E
:109650000623042193E7244B1B681968C4F81D10E6
:1096600059685160198911819B7A93720023A36212
:10967000E3620521132382E71C4BD3F8182AC4F8B0
:109680001D20D3F8142AC4F82120D3F8103AC4F8C6
:1096900025300C2304F11D0271E76FF0170203233C
:1096A0006277A377E27784F8203084F8212084F869
:1096B000223084F8232084F8243004F11D0208238A
:1096C00068215CE768E30408ED53020890E30408AE
:1096D000EBE30408B6E30408DEE3040826E4040828
:1096E000E09B002021E40408082600200070FF1FF2
:1096F000164BDFF8649018689FED158A154F01210D
:1097000000F030FB00254FF0000836F8020BA0F502
:109710007A70E3F7DFFE42464B46E4F76FF8E4F772
:109720003BFA07EE900A67EE887A57F82500FCEEC0
:10973000E77A013517EE903A99B200F013FB042D49
:10974000E3D100231A46D62119E700BFF19B002080
:1097500000FF7F47E19B002000408F40014B1878BD
:10976000704700BFE09B0020014B00221A70704739
:10977000E09B00200D4B1B68142202FB00300C4ABA
:109780008068824206D80B4B984203D80A4B9B1A3A
:1097900018447047094B984205D3094A094B904237
:1097A00088BF184670470748704700BFF89B0020E5
:1097B0000000002014270020887F0508C041000811
:1097C000807F0508C8E50408074B142250431B6836
:1097D0001B5C03F00303013BDBB2022B9ABF034A7D
:1097E000D0560120704700BFF89B0020C1E5040857
:1097F000044B1B68142202FB0030C36803B11847F6
:10980000704700BFF89B002038B514235843094B1C
:109810001B681D181B5CA86803F00303013BDBB247
:10982000022B9ABF044AD45601242246DEF792F94D
:10983000204638BDF89B0020C1E5040810B503465A
:1098400014225343094A12680846D118D35C896828
:1098500003F00303013BDBB2022B9ABF044AD45648
:1098600001242246DEF776F9204610BDF89B002041
:10987000C1E504082DE9F04F364A374E374B3260C8
:109880009B1A374ADFF8E490364FDFF8E4A0DFF8A0
:10989000E4B09B10002453438BB0C9F800303C6007
:1098A0002546D9F800C03068A4450BDC2E4C0021B9
:1098B00023880A461425944542DC01B123800BB06D
:1098C000BDE8F08F3B68CDF80A30142303FB04F8A1
:1098D00000EB080210F808308DF80E30190620D57C
:1098E000DB0703D55068DEF70BFE05463368984466
:1098F000D8F8041011B308460191DEF701FE019972
:1099000002460DF10F00DEF725F9D8F80400DEF766
:10991000F7FD411D0DF10A000CF067FF01343860BE
:10992000BFE75068DEF7ECFDAB1C18441A28DDD900
:10993000FE22514658460CF0A7FCD7E70521E9E77F
:1099400005FB02F601328657002EA2BF01339BB2FF
:109950000121B0E73C270508F89B0020BC51050811
:10996000CDCCCCCC009C0020FC9B0020049C002093
:109970004CE40408ABD804082DE9F3470446032956
:1099800000F29180DFE801F014022E1F4749484899
:109990000DF006F920236370042323700123A370C4
:1099A0000023E370204602B0BDE8F047FDF72EBE6D
:1099B0003E493F480DF0F4F8202363700023A37064
:1099C00001232370EEE72023437007230370032352
:1099D0008370384B1B88A0F80330374B1B68C0F8E6
:1099E0000530DFE7354B364EDFF8E0801968B0F818
:1099F0000300D6F8009000231A461425C44691426D
:109A000003DC202363700223D9E799F900A099F8B9
:109A100000E0BAF1000F05FB02F708DA1EF0010FB3
:109A20000AD0D9F80480013209F11409E7E783422A
:109A300004D001339BB2F6E7E046F4E720236370DD
:109A40000223A37099F8003063714046DEF758FD99
:109A50000546D9F80400DEF753FD28440630C0B2AD
:109A60001E28207005D9174917484FF4A7720CF02B
:109A70000BFC4046DEF744FD4146421CA01DDEF7CC
:109A800069F84046DEF73CFD33681F4405467968B7
:109A900001910846DEF734FD2544421C0199E81D7A
:109AA000DEF758F87EE702B0BDE8F0879BE40408D3
:109AB000ED530208FC9B0020009C0020049C002029
:109AC000F89B00204CE4040869CC0408ABD80408D7
:109AD00038B504464088FEF71BFA051E08DA022353
:109AE0002371032323702046BDE83840FDF78EBD67
:109AF000094B1A6814236B43D35C5B060BD4211DFE
:109B0000A8B2FFF781FE2046FDF780FD2846BDE89C
:109B10003840FFF76DBE38BDF89B002010B50446F5
:109B20004088FEF7F5F9002808DA022323710323A1
:109B300023702046BDE81040FDF768BD0023237167
:109B4000611D80B2FFF77AFE03302070F1E700005C
:109B50002DE9F04F284BDFF8AC801B6885B000255D
:109B60000093264BD3F8009006460F462C464FF044
:109B7000140B009B1FFA85FA9A45514603DB204BD4
:109B8000186803901EE00BFB01F109EB010219F8C4
:109B9000010019F90110002928DAC30701D5D2F80C
:109BA0000480019241463046DEF7DEFA08BB019A96
:109BB00038465168DEF7D8FAD8B9013CADF80C4008
:109BC000ADF80EA09DF80C30002063F307009DF85F
:109BD0000D3063F30F209DF80E3063F317409DF8AE
:109BE0000F3063F31F6005B0BDE8F08F0134A4B2FD
:109BF000D7E70135BDE700BF049C0020F89B00209B
:109C0000D0E50408ABD8040830B58BB00021054678
:109C10001C2203A80291DEF7B3F82E212846DEF7B6
:109C200031FA0446A8B9104B186801909DF8043029
:109C3000002063F307009DF8053063F30F209DF8C3
:109C4000063063F317409DF8073063F31F600BB0D5
:109C500030BD421B294602A8DDF77CFF611C02A82B
:109C6000FFF776FFE1E700BFD0E504081FB5043039
:109C70000191FFF7C9FF4FF6FF73039080B298423E
:109C800004D00199BDF80E00FFF7BEFD012005B01C
:109C90005DF804FBF7B5114C01902668104C114D8E
:109CA000246800230B60000C13609E4212DD94F9BF
:109CB00000E094F800C0BEF1000F274603DA1CF064
:109CC000010F18BF6568984204F1140404D10D60B7
:109CD0007B68136003B0F0BD0133E6E7049C00200D
:109CE000F89B0020ABD804081FB5ADF80E000C4659
:109CF00002AA039801A9FFF7CDFF09492046DEF724
:109D00009DFB01992046DEF79DF906492046DEF7C6
:109D100099F902992046DEF795F904B010BD00BF0D
:109D2000C0E404081CBE0408092AF8B504460F461E
:109D3000154604D909490A4839220CF0A5FA3846D3
:109D4000DEF7DEFB3946064602462046DDF702FF17
:109D5000A01930350023A5554370F8BDC5E40408AB
:109D600026E50408F7B54FF6FF7385B29D42CDE9AD
:109D700000104FEA104705D11B491C484FF40E72E2
:109D80000CF082FA1A4B1A6814237B43D35C5B06EF
:109D900005D51549174840F239220CF075FA694685
:109DA0003846FFF731FD0646FDF764FCB0B1124CB2
:109DB00023236370E5700123F2B22D0A6946601D0A
:109DC000A37025710336DDF7C5FE20462670FDF72A
:109DD000FBFB18B909490A480CF0E2FE3846FFF7C8
:109DE00007FD03B0F0BD00BF4CE4040837E50408EC
:109DF000F89B002053E50408089C0020A1E5040816
:109E0000ED5302082DE9F74F00230446821C00F1B0
:109E1000200112F8010B00B901338A42F9D1012B5C
:109E20006BDD04F103094846DEF76AFB071D274492
:109E300006463846DEF764FB0644A319DFF8C8B0CF
:109E40005B7900932E4B1B6801932E4BD3F8008057
:109E50004FF0000A019B9A451ADB02254846DEF7BF
:109E60004FFB06463846DEF74BFB26440644484681
:109E70007571DEF745FB05463846DEF741FB2844A1
:109E800004302070204603B0BDE8F04FFDF7BEBBA4
:109E900098F9001098F80050002908DAEB071AD555
:109EA000D8F804B00AF1010A08F11408D2E7D8F88A
:109EB00004003946DEF758F90028F3D149465846E0
:109EC000DEF752F90028EDD1009B25F07002934295
:109ED00004D01625C2E7DFF830B0E3E715F04005FF
:109EE00009D1B11D21441FFA8AF0FFF78DFC5046BD
:109EF000FFF77EFCB2E70D25B0E703B0BDE8F08FB9
:109F0000049C0020F89B0020ABD8040810B5044640
:109F1000B0F80300FDF7FCFF002807DB14235843CB
:109F2000084B1B681A181B5CDB0608D402236371FC
:109F3000042323702046BDE81040FDF767BB53782B
:109F4000F5E700BFF89B002030B504468BB0B0F8B1
:109F50000300FDF7DDFF051E09DA022363712046C9
:109F6000042323700BB0BDE83040FDF74FBB144B0A
:109F70001C221B88ADF80A30002103A8DDF700FF82
:109F8000A8B20DF10A010190FFF7AEFE0198FFF7AC
:109F90001BFC0C4B1B680246142000FB05350DF121
:109FA0000A00A968F3F70AFB002814BF0023022364
:109FB0006371042323702046FDF728FB0BB030BDEE
:109FC000788E0408F89B002073B50446B0F80300AF
:109FD000FDF79EFF011E07DB134A142312684B4353
:109FE000D618D35C5B0609D5022363710423237062
:109FF000204602B0BDE87040FDF708BB88B2FFF70D
:10A00000E3FB3369C2B20546661D019243B198472E
:10A010000146019A30460335DDF79CFD2570E7E7E0
:10A020000846FFF7A7FBF3E7F89B0020F0B50446CE
:10A030008DB0B0F80300FDF76BFF061E09DA0223AE
:10A0400063712046042323700DB0BDE8F040FDF796
:10A05000DDBA234B1C221B88ADF81230002105A865
:10A06000DDF78EFEB0B20DF1120101902746FFF729
:10A070003BFE0198FFF7A8FB042307F8063B194BAA
:10A080001B68142202FB0633C5B21B6913B3984741
:10A0900001462A463846DDF75DFD23782B442370C0
:10A0A0002A460DF10A010DF11200F3F7CDFAA8B11D
:10A0B0002078012302302A4663710DF10A01204401
:10A0C000DDF748FD2278154425702046FDF79EFAFD
:10A0D0000DB0F0BD3046FFF74DFBD9E76071F4E7F6
:10A0E000788E0408F89B002030B5044689B0B0F89B
:10A0F0000300FDF70DFF051E09DA022363712046F8
:10A100000423237009B0BDE83040FDF77FBA0F4B40
:10A110001C221B88ADF80230002101A8DDF730FEBB
:10A120000DF10201A8B2FFF7DFFD0DF10200F3F718
:10A13000AFFA002814BF00230223637104232370A5
:10A140002046FDF763FA09B030BD00BF788E0408E1
:10A1500001490248F3F756BA6D9C0208C0E40408AE
:10A1600008B50220FDF7E0F9224C22490220FDF754
:10A17000F5F9637813F0030304D1A1782046FFF7C3
:10A18000FBFBF2E7012B03D12046FFF7C7FCECE70E
:10A19000022B03D12046FFF79BFCE6E7A378062BB2
:10A1A000E3D801A252F823F0C5A102086BA102086E
:10A1B000CDA10208D5A10208DDA10208E5A102088F
:10A1C000EDA102082046FFF71DFECEE72046FFF76F
:10A1D0009DFECAE72046FFF7B7FEC6E72046FFF719
:10A1E00025FFC2E72046FFF77FFFBEE72046FFF7C7
:10A1F000EBFEBAE7DC6E00207FB50B4C26788EB9FB
:10A20000FFF738FBFFF7A4FF084B02930125084B2B
:10A21000019308490848009533464FF4967210F0B0
:10A2200099FD257004B070BD96270020CC7E0010EB
:10A23000289C0020D4E5040861A10208014B18788D
:10A24000704700BF9627002070470120704700002C
:10A250000E4A38B50023142404FB03F5AD5C6DB938
:10A260006343D418D0540B68A3604B68E3608B68D9
:10A27000236110F03DFF6060012038BD8542EFD0C2
:10A2800001330A2BE8D10020F7E700BFD8A0002057
:10A2900009289DBF034B00EB800003EB80000020EA
:10A2A000704700BFD8A0002008B510EE103A2DED81
:10A2B000028BDFED097A9FED098ADFED090A002B99
:10A2C000B8BFB0EE678A30EE080ADAF73BFB30EE33
:10A2D000480ABDEC028B08BDDB0F49C0DB0F4940CB
:10A2E000DB0FC94008B530EEC00A2DED048BDFED61
:10A2F000088A9FED089A30EE288A88EE090ADAF774
:10A300002BF9A0EE498A38EE680ABDEC048B08BD33
:10A31000DB0F4940DB0FC94010B52DED068B9EB019
:10A320008DED0D1ACDED0C0A8DED0B0A0BAA04462E
:10A3300007CA0FABB0EE409AB0EE620A83E807009E
:10A34000B0EE418AF0EE619AB0EE43AAF0EE608A78
:10A350008DED0A2AFFF7A8FF8DED090AB0EE690A14
:10A36000FFF7A2FFDDED090AF0EE409AFFF7BAFF12
:10A37000DFED204A1EAACDED1B4ACDED1C4ACDEDE6
:10A380001D4A12E9070004ABCDED184ACDED194A7C
:10A39000CDED1A4A83E80700CDED034A18AB93E8E8
:10A3A000070070EE297A8DE807009DED0F6ADDED5C
:10A3B000106A9DED0A7AB0EE645AF0EE645AB0EE7F
:10A3C000644AF0EE642AB0EE643AF0EE643AB0EE1D
:10A3D000692AF0EE490AB0EE681AF0EE481AB0EEBB
:10A3E0004A0A04F1080001F085FD1EB0BDEC068BA1
:10A3F00010BD00BF00000000002303808370436095
:10A4000000F1280343627047002303707047000087
:10A4100010B542681AB143781BB1012B20D001203E
:10A4200014E0D2ED007A107E30EE670ADFED107A8C
:10A43000842483420BDB92ED017A67EE877AB4EED7
:10A44000E70AF1EE10FAACBF0120002010BDD1697F
:10A4500004FB031191ED207A013377EE877AE8E768
:10A46000D2ED007A30EE670AD2ED017AE7E700BF5D
:10A47000000000000078B0FA80F040097047042323
:10A48000037070470078031F58425841704738B531
:10A490000B78012B05460C46F0EE406A07D0032BE3
:10A4A00009D10846FFF7B4FF08B100232370637891
:10A4B0002BB1012B10D0284601F05AFA07E0A378FF
:10A4C0006168B0EE660A28461BB101F073FC2846AD
:10A4D00038BD01F0FFFBFAE7A378002BEBD16168F0
:10A4E000B0EE660A284600F069FEF0E770B52DED83
:10A4F000028B067884B00446B0EE638A01256EB9FB
:10A50000FFF70AFF234608332580A67084ED028AF0
:10A510006360304604B0BDEC028B70BD2846F9E79D
:10A5200010B52DED028B0378032B84B00446B0EEFA
:10A53000638A0ED0FFF7F0FE03232380234600201A
:10A540000833A07084ED028A636004B0BDEC028B16
:10A5500010BD0120F9E70000F0B52DED068B054692
:10A56000B0EE409A99B091ED0F0A0C461F46B0EE3E
:10A5700061AAF0EE429AF0EE62AAF0EE608AB0EEC6
:10A58000418A6AB1D1ED007A39EE279AD1ED017A8C
:10A5900070EEA78AD1ED027A31EE80AA31EE278AD9
:10A5A000FFF782FE8DED080AB0EE4A0AFFF77CFE47
:10A5B0009DED082AF0EE400AB0EE420AFFF792FE47
:10A5C0009DED082ADFED424A72EE007A05F1080699
:10A5D000002F49D0B7EE007AC7EE292A0FAA04ABA4
:10A5E00080EE294A94ED011AD4ED021AD4ED000A46
:10A5F000CDED0F4ACDED104ACDED114A07CA39EE27
:10A60000607A38EEC13A78EE613A23EE223A63EE90
:10A61000A23A67EE222A8DED163ACDED152ACDED40
:10A62000173A83E807008DED034A18AB13E90700DA
:10A630008DE80700B0EE496AF0EE686AB0EE487A3D
:10A64000B0EE645AF0EE645A3046B0EE690A01F09A
:10A6500051FC002001232B80A870C5ED02AA6E607A
:10A6600019B0BDEC068BF0BDCDED154ACDED164A07
:10A67000CDED174A18AA12E9070004ABCDED124A36
:10A68000CDED134ACDED144A83E80700CDED034A22
:10A6900012AB93E80700D4ED064A94ED075AD4EDC7
:10A6A000085A94ED0E4AD4ED032A94ED043AD4ED01
:10A6B000053AD4ED000A94ED011AD4ED021A8DE8A2
:10A6C0000700B0EE496AF0EE686AB0EE487ABBE780
:10A6D0000000000030B599B004460D468DED050A26
:10A6E0000146B0EE620A08A80492CDED031A8DED82
:10A6F000022ACDED060A8DED071ACDED012AFFF7EE
:10A70000C6FEDDED012A9DED022ADDED031A9DED69
:10A71000050ADDED060A9DED071A049B2A4608A9E5
:10A720002046FFF719FF19B030BD0000F0B52DED40
:10A73000108B9FEDB88AB4EEC80AA1B0F1EE10FA02
:10A7400006460C4617461D46F0EE409AB0EE60DA1B
:10A75000B0EE419ACDED081AF0EE42AACDED0B2AEB
:10A7600040F32681AC49AD480CF01AFAF0EE489A55
:10A77000B5EEC0DAF1EE10FA05D5A949A7489FED6C
:10A78000A9DA0CF00DFAB5EEC09AF1EE10FA05D583
:10A79000A349A2489FEDA39A0CF002FA6D00C5F1FF
:10A7A00001030BEE103AB8EECBBA94E807006BEE5B
:10A7B000297A94ED006A94ED0F0A8DED0C6AC7EECC
:10A7C000AA8A0EAB83E80700013DDDED087AD4EDDF
:10A7D00001FAC7EEAACA79EE4D7A2BEE09FA87EE96
:10A7E000AA7AD4ED027A8DED0D7ACDED097AFFF7D4
:10A7F0005BFD07EE905AB0EE40CAB8EEE78AF0EE85
:10A8000040DAD9F769FEE8EE69DA8DED0A0AB0EEB2
:10A810004C0AD9F78BFFF0EE409AB0EE6D0AD9F7EB
:10A820005BFEB0EE40AAB0EE6D0AD9F77FFF9DED5A
:10A830000D7ADDED0A0A77EE075A6DEE292A60EEF1
:10A84000A54A29EE004A6AEE257A62EEA82A68EE49
:10A85000E44A24EE284A68EEE77A68EE0D6AE8EEEC
:10A86000A24AE8EE847AF0EE401A6DEE20BA27EEA6
:10A87000203A29EEA55A69EEA63A29EE0A1A60EEA8
:10A88000A66A29EE4A2A6DEE600A61EEA55AB1EE7B
:10A89000496A27EE00EA67EE29EAB1EE4D0A8DED2E
:10A8A0000A6A6BEEA8BA21EE281A60EEA80A25EE15
:10A8B000285A27EE0A7A22EE282A65EEA85A68EE70
:10A8C000244A21EE8FDA68EE277A9DED0C6A002F7C
:10A8D00078D0A8EEAB5AE8EE815A34EE47BA72EE61
:10A8E000C32A32EE4E7A30EEEE3AF0EE451A36EEEC
:10A8F000266AB0EE674AF0EE4D6AB0EE645A7FEE1B
:10A90000A3FA62EE882A2BEE08BA23EE083A27EE65
:10A91000087A68EE257A2AEE0FDA68EE214ACDED44
:10A920001D7ADFED407A8DED1E4ACDED1F7A20AA0B
:10A9300012E9070004AB8DED187A8DED17BACDED55
:10A9400019CA83E8070017ABCDED038A93E8070027
:10A95000DDED085A9DED097ADDED0E0A9DED0F1A29
:10A96000DDED101A06F108048DE8070037EE257AB0
:10A97000F0EE6D7A204636EE0D6A7FEEA66ADFEDC8
:10A98000295AB0EE684AF0EE6C3AB0EE4C2AB0EEBE
:10A990006A0A01F0AFFADDED0B7A74600020012342
:10A9A0003380B070C6ED027A21B0BDEC108BF0BDE3
:10A9B0009FED1D8AB4EEC80AF1EE10FA7FF5D8AE0D
:10A9C0001A49D0E69DED0A4A29EE800A61EE841A02
:10A9D000A0EE283A98EEA05AA1EEA87AD8EE825AB4
:10A9E0007FEEE6FA7BEEAE2A31EE0E1A68EE096AC9
:10A9F00062EE8B2A36EE236A21EE0BBA28EE033A7A
:10AA000028EE055A66EE8A6A28EE077A28EE254A6D
:10AA100085E700BFDB0FC940DAE50408ED53020803
:10AA20002BE6040800000000DB0FC9C002E60408A2
:10AA300070B52DED028B012694B0827006804160C6
:10AA400000209DF868508DED010A0C46F0EE618AF9
:10AA5000CDED020A8DED031A8860C8600861486177
:10AA600083B391ED000A04A88AB301F0A3F9DDEDE8
:10AA7000057A9DED027ADDED066A9DED046A37EEFA
:10AA8000677ADDED037A84ED037A77EEE67ADDED21
:10AA9000016AC4ED047A76EEC66AC4ED026A8DB12D
:10AAA0009DED130AFFF700FCB0EE408AB0EE680A95
:10AAB000FFF7FAFBF0EE400AB0EE480AFFF712FC8F
:10AAC00084ED050A002014B0BDEC028B70BD01F0CE
:10AAD00001F9CCE710B540F2011303800023837025
:10AAE00094B0002341600C468DED010ACDED020AC1
:10AAF0008DED031ACB600B614B61E2B191ED000A61
:10AB000004A800F05BFBDDED057A9DED027ADDED3A
:10AB1000066A9DED046A37EE677ADDED037A84ED0F
:10AB2000047A77EEE67ADDED016AC4ED057A76EE19
:10AB3000C66AC4ED036A002014B010BDC0B210B1E3
:10AB40000248EFF7A3BF0248FBE700BF2C13002029
:10AB50001C13002080B50D20324C334EFCF7E4FC72
:10AB6000E51C30490D20FCF7F9FC637803F0030382
:10AB7000012B33D0022B51D0002BF2D1A378032B21
:10AB80000CD8DFE803F0020F1C25284803230370CC
:10AB900001234370E3788370F2F728FF2046FCF727
:10ABA00035FDDEE7E078003818BF012002F03EFDF9
:10ABB000E07002F003FD207102232370EEE7012014
:10ABC00002F024FDE07002F0FFFC80F00100F2E7EB
:10ABD000E178174803F0AEFB0023EEE7A378012BE2
:10ABE00008D0022B16D0002BBBD10A23C4F80330A7
:10ABF0000523E2E737681D2239462846DDF72EFD9A
:10AC00003846DDF77DFC1D289ABF0130C0B21E20FA
:10AC10002070C3E70BF0DAFA0746ECE72046F9F7B5
:10AC2000BDFD9EE7A0A1002008260020274D0020A2
:10AC30003DAB020830B50A4D2C7885B074B9F9F7F0
:10AC400095FD084A02926032CDE90042234606494A
:10AC50000648962210F07EF801232B7005B030BD17
:10AC6000972700202C7F001055E6040855AB0208FA
:10AC7000014B1878704700BF97270020D0ED007A6D
:10AC800090ED037AD0ED014AD0ED025A264BF5EE55
:10AC9000006A67EEA67A27EE267ADFED246A87EE51
:10ACA000266A0A1F0C319FED227AF0EE676AE4EE05
:10ACB000C76AE4EE877AB0EE665AE5EE876AA5EEDB
:10ACC000C75A76EE866A35EE465AC3ED016AF0EE53
:10ACD000676AE5EE876AE5EEC77A76EEC66A77EED2
:10ACE000867AC3ED026ADFED135A9FED136ADFED3A
:10ACF000136A83ED005AC3ED037AB3EC017AB5EE23
:10AD0000407AF1EE10FA48BFB0EE657AC7EE067AE7
:10AD100067EEA67AFDEEE77A17EE900A42F8040F86
:10AD20008A42EAD1704700BFC0A100202190A03B19
:10AD30002F46E240000000006666263E00FF7F4787
:10AD400001207047002070477047012070470000C5
:10AD5000037C042B00F2B780DFE803F0037072700D
:10AD60009500B0F9003007EE903AF8EEE77AF6EE8B
:10AD7000006A67EEA67AFDEEE77A17EE903A1BB20C
:10AD800007EE903AB0F9023007EE103AB8EEC77A03
:10AD9000F8EEE77A27EE267AD0ED026ABDEEC77AA2
:10ADA00076EEE76A17EE103A1BB207EE103AB0F9EA
:10ADB0000430B8EEC77A36EE876A06EE903AF8EEBF
:10ADC000E66A76EE266AFDEEE66AC1ED006AD0ED2F
:10ADD000026AB0F9043076EEE76A36EEC76A06EE2C
:10ADE000903AF8EEE66A76EE666AFDEEE66AC1ED46
:10ADF000016AD0ED026AB0F9043077EEA66A36EE49
:10AE0000C76A06EE903AF8EEE66A76EE266AFDEE3E
:10AE1000E66AC1ED026AD0ED026AB0F9043077EE5D
:10AE2000A67A37EE877A07EE903AF8EEE77A77EE71
:10AE3000677AFDEEE77AC1ED037A7047FFF71EBF30
:10AE4000DFED236A043900F11003B7EE007AF0EC6D
:10AE5000017AF5EEC07AF1EE10FA11D4F4EE477AE9
:10AE6000F1EE10FAC8BFF0EE477A67EEA67A984284
:10AE7000FDEEE77A17EE902A41F8042FE7D17047EC
:10AE8000DFED147AF1E7DFED126A043900F1100208
:10AE9000B7EE007AF0EC017AF5EEC07AF1EE10FA36
:10AEA00012D4F4EE477AF1EE10FAC8BFF0EE477A0A
:10AEB00067EEA67A9042FCEEE77A17EE903A9BB2E4
:10AEC00041F8043FE6D17047DFED027AF0E700BFBA
:10AED00000FF7F470000000070B5D0E900329342C8
:10AEE000B8BF13468268194E23EAE3739342B8BF92
:10AEF0001346C2689342B8BF1346B3F5803FA9BF5B
:10AF0000A3F57F430023FF3B0125B8BF1D46002466
:10AF100050F82420D21A07EE902A326807EE102A41
:10AF2000F8EEE77AB8EE477AF4EEC77AF1EE10FA67
:10AF30005CBFFCEEE77A17EE902A92B221F814205B
:10AF40000134042CE4D1284670BD00BF80150020D8
:10AF5000014B1868704700BF801500209FED010A63
:10AF6000704700BF6666263FF0B521B98160016079
:10AF700081800846F0BD0B7803F00306C3F381051A
:10AF8000C3F301149A098670C570047142718F78F9
:10AF90004B7803EB07239BB203310380816053B1ED
:10AFA000064B9A5C985D10445A5D1B5D1044184432
:10AFB00001EB4001DDE71946DBE700BF62E604086C
:10AFC000F0B5174B9D5C89B06A1CD2B28DED000ABA
:10AFD0000C4601AF00260136F3B29A4204F1020496
:10AFE0000DD8FF2D4FEA450408BF00240C44B0EEF5
:10AFF000600A694600F0C4FB204609B0F0BD14F8B1
:10B0000001CC14F8023C03EB0C231BB207EE903A80
:10B01000F8EEE77A87EE817AA7EC017ADBE700BFEA
:10B0200062E6040870B5044600F1240686B00D46B9
:10B03000842200213046DCF7A3FEE16903A8FFF774
:10B0400093FFBDF80C00E2F745FA1F4B0022E2F730
:10B05000D5FBE2F7A1FD9FED1D1AC4F8A40000EE98
:10B06000900A95ED000A9DF80E2005998DED011AC4
:10B070003046FFF7A5FF9DED011AD4ED290A95EDA5
:10B08000010A9DF80F20014604F14400FFF798FFE4
:10B090009DED011AD4ED290A95ED020A9DF81020C4
:10B0A000014604F16400FFF78BFF9FED091AD4ED10
:10B0B000290A95ED0F0A9DF81120014604F184003C
:10B0C000FFF77EFF06B070BD00408F4000007A445D
:10B0D000CDCCCC3D10B52DED028B90ED298A94B0EE
:10B0E0000446B0EE480A00F1240104A800F060FC18
:10B0F000D4ED087AE16977EE887A01A8C4ED087A80
:10B10000FFF732FF04A9E0612046FFF78BFF14B080
:10B11000BDEC028B10BD000030B5054691B0402259
:10B1200000216846DCF72CFEAC696378207800EBE0
:10B13000032000B2E2F7CEF900221F4BE2F75EFBDC
:10B14000E2F72AFD0090E378A07800EB032000B23C
:10B15000E2F7C0F90022184BE2F750FBE2F71CFDC2
:10B1600001906379207900EB032000B2E2F7B2F995
:10B170000022114BE2F742FBE2F70EFD0290E37969
:10B18000A07900EB032000B2E2F7A4F908A3D3E909
:10B190000023E2F733FBE2F7FFFC083400230F90B3
:10B1A0002B62EC6169462846FFF73CFF11B030BDC9
:10B1B0009A9999999999B93F00408F4038B52DEDEA
:10B1C000028BD1ED087A91ED007A77EE877A054609
:10B1D000F4EEC07AF1EE10FA0C46B0EE408A02DDD1
:10B1E0000846FFF799FF94ED000AD4ED087AE36969
:10B1F00030EE270A43B1D4ED297A70EE277AB4EE07
:10B20000E78AF1EE10FA22DA38EE400A284604F115
:10B21000240100F0CDFB95ED017AD4ED047AD5ED53
:10B22000026A94ED036A37EE277AD4ED057A85ED4C
:10B23000017ABDEC028B77EEA67AD5ED006AC5EDFA
:10B24000027A76EE866A2846C5ED006A38BD204649
:10B25000FFF740FFC7E7000030B5002304464FF07A
:10B260007E52816185B003608260C3600361436187
:10B27000FFF752FFE169002501A8FFF775FE0146BF
:10B2800018B1BDF804301D44F6E72846E2F712F97C
:10B29000044B0022E2F7B2FAE2F77EFC606005B0F0
:10B2A00030BD00BF00408F40B5EEC00AF1EE10FA8D
:10B2B0004FF00003F6EE007A0DD823EE273A80ED2A
:10B2C000002AC0ED012A80ED023AC36003614361A8
:10B2D0008361C361704761EEA77AB2EE0C5AC0ED8C
:10B2E000027A65EE427A20EE007AE0EE857AC3605B
:10B2F000B2EE005A20EE055A20EE076AE1EE057A1A
:10B30000B1EE085A20EE055A26EE006AE2EE857A82
:10B3100037EE075A20EE064AE1EE857AB1EE045A7E
:10B32000E3EE477A36EE066A65EE677A60EE045A17
:10B33000C7EE864A9FED326AC0ED044A66EE427A55
:10B3400060EE256AE0EE867A9FED2E6AC0ED000A77
:10B3500020EE066A75EEA55AE1EE067A9FED2A6A9E
:10B3600080ED011A20EE066AE2EE867AB2EE046AF9
:10B3700067EE064AE1EEA47AF1EE0C4A67EE244A43
:10B38000E3EE647AC7EE844AC0ED054ADFED1F4A5A
:10B3900064EEC27A26EE422AE0EEA47ADFED1C4A81
:10B3A00060EE244AA0EE862AE1EE247ADFED194A07
:10B3B00060EE244A20EE050AE2EEA47AA1EE002A0D
:10B3C000F2EE0E4AA2EE802A67EE244AA1EE872A08
:10B3D000E1EEA47AF2EE0A4A67EE244AA3EE472A87
:10B3E000E3EE647A32EE022AF1EE677AC7EEA54AFE
:10B3F000C2EE267AC0ED064AC0ED077A704700BF5C
:10B400000000A8420000344200001C4200000C432F
:10B4100000009042000088422DE9F0432DED048B9E
:10B42000D7B09FEDC58A8DED010AB0EE610A4FF0ED
:10B430000048DFF80893CDED020A0746B0EE619AA6
:10B440008DED031AF7EE008AD9F770F944AA4DABD7
:10B450008DED448ACDF814918DED468ACDED478A65
:10B460008DED488ACDF82481CDF828818DED4B8A69
:10B470008DED4C8A002116461C46D2ED007A67EE0F
:10B48000807A0131C3ED007AD2ED017A67EE807ADD
:10B490000329C3ED017AD2ED027A67EE807A02F1D8
:10B4A0000C02C3ED027A03F10C03E6D1A446BCE81A
:10B4B0000F0017AD0FC5BCE80F000FC5B0EE490A6D
:10B4C000DCF800302B60D9F707F838EEC00A8DEDB4
:10B4D0003B8ACDF8F0908DED3D8ACDED3E8A8DED25
:10B4E0003F8ACDF80081CDF804818DED428A8DED43
:10B4F000438A8DED448ACDF814918DED468ACDEDC9
:10B50000478A8DED488ACDF82481CDF828818DEDCC
:10B510004B8A8DED4C8A3BAB002293ED006AD3ED54
:10B52000016A93ED027A3146A5180020F1EC015A28
:10B53000F0EE487AE5EE867A01300328D1ED025A22
:10B54000E5EEA67AD1ED055AE7EE257AE5EC017A2B
:10B55000ECD10C32242A03F10C03DED1A446BCE862
:10B560000F000EAD0FC5BCE80F000FC5DCF800E002
:10B57000C5F800E00EAD0FCDB446ACE80F000FCD1E
:10B58000ACE80F003246CCF800E023460021D2EDB3
:10B59000007A67EE807A0131C3ED007AD2ED017A4C
:10B5A00067EE807A0329C3ED017AD2ED027A67EE65
:10B5B000807A02F10C02C3ED027A03F10C03E6D1AA
:10B5C000A446BCE80F0005AD0FC5BCE80F000FC5D1
:10B5D000DCF80080C5F800800DF15C0CBCE80F00C1
:10B5E00020AD0FC5BCE80F000FC5DCF800E0C5F8C2
:10B5F00000E005AD0FCD0DF1A40CACE80F000FCDB0
:10B60000ACE80F00CCF800800DF1800CCDED3B8A4A
:10B610008DED3C8A8DED3D8A8DED3E8ACDED3F8AE4
:10B620008DED408A8DED418A8DED428ACDED438AC4
:10B63000BCE80F0035460FC5BCE80F000FC53BAB9B
:10B64000C5F800E03146224600209E4691ED007A82
:10B65000D3ED007A77EE877A93ED017AC2ED007A26
:10B66000D1ED017A77EE877A91ED027AC2ED017A17
:10B67000D3ED027A013077EE877A0328C2ED027AA1
:10B6800003F10C0301F10C0102F10C02DED1A4461E
:10B69000BCE80F0032AD0FC5BCE80F000FC5DCF8E9
:10B6A0000080C5F800800DF1C80CBCE80F0075469D
:10B6B0000FC5BCE80F000DF1A40C0FC5BCE80F00CE
:10B6C000C5F8008035460FC5BCE80F000FC5DCF893
:10B6D00000302B6022467346002193ED007AD6EDB0
:10B6E000007A77EE877A93ED017AC2ED007AD6ED93
:10B6F000017A77EE877A96ED027AC2ED017AD3ED80
:10B70000027A013177EE877A0329C2ED027A03F1DA
:10B710000C0306F10C0602F10C02DED10FCC3D4603
:10B720000FC50FCC0FC523682B60384657B0BDEC52
:10B73000048BBDE8F08300BF00000000000080BF64
:10B7400031EE601AC0ED000AC1EE007A1822002125
:10B75000083040ED017ADCF713BBF7EE007AC7EE54
:10B76000806A031D2030F0EE667A93ED007A27EEB2
:10B77000277A67EEA67AA3EC017A8342F5D1704767
:10B78000002A2DE9F04F0346B0EE407A05DD012A8C
:10B79000D1ED000A03D1C0ED000ABDE8F08F022A06
:10B7A00005D1BDE8F04F91ED011AFFF7C9BF082A96
:10B7B000284CA8BF0822501E04EB800090ED006AC0
:10B7C000B8EEC66A04EB82089E460D1D2646002090
:10B7D00010F0010FDFED207A14BF4FF0FF3C4FF067
:10B7E000010CB146A2460F4605EE10CAF7EC014A1D
:10B7F000FAEC015AB8EEC55AF8EEE55A25EE245A8D
:10B80000CB46C5EE254ABD42A9F10409CCF1000C96
:10B81000DBED006AF8EEE66AC4EEA65A77EEA57A8A
:10B82000E2D178ED016A66EE277AF8EEE66A013039
:10B83000C7EEA65A824206F1040605F10405EEECB5
:10B84000015AC5D1BDE8F04FB0EE470A1846FFF7E0
:10B8500084BF00BF68E604080000000000F1200378
:10B86000D0ED017AF1EE677AC0ED017A08309842A6
:10B87000F6D17047F0EE407A9FED060A00F1200302
:10B8800033ED017AA7EE807A8342B0EE470AF7D112
:10B89000704700BF0000000000B589B0F0EE406ABC
:10B8A000FFF7E8FF0246B0EE406A2030B0EE660ACD
:10B8B000FFF7E0FF02F14000F0EE400AB0EE660A4A
:10B8C000FFF7D8FFB0EE401AB0EE460A09B05DF8B7
:10B8D00004FB0246012307EE903A92ED017AF8EE5E
:10B8E000E77A013367EE877A082BE2EC017AF2D12E
:10B8F0000023C361704790ED006AD0ED086A90EDB7
:10B90000107AD0ED187A36EE000A76EEA00A37EEFD
:10B91000011A77EEA11A80ED000AC0ED080A80ED49
:10B92000101AC0ED181A704710B50246014600F112
:10B93000800408462031FFF710FFA142F9D1D2ED73
:10B94000207A27EE800A82ED200A10BD08B5FFF7A5
:10B95000C0FF01462030FFF7BCFF01F14000FFF7B8
:10B96000B8FFBDE8084001F16000FFF7B2BF00007A
:10B97000024A026042608260704700BF0000C07FE0
:10B98000D0ED006A90ED017AD0ED027AF4EE476ACC
:10B99000F1EE10FA09D6F4EE677AF1EE10FA6CBF08
:10B9A0000120002080F0010070470120FAE700002C
:10B9B00038B504462DED0C8B0846B0EE408AFFF7F3
:10B9C0006BFF01F1600084ED000AB0EE480A654D9E
:10B9D00084ED021AC4ED010AFFF74CFF84222846C9
:10B9E000B0EE409ADCF7B6F82846FFF7AFFFB0EEAE
:10B9F000480A2846FFF750FF05F1600084ED030A6E
:10BA0000B0EE480A84ED051AC4ED040AFFF732FFD0
:10BA10002846FFF79BFFB0EE40BA2846B0EE480A32
:10BA2000FFF73AFF284684ED081AC4ED070A84EDB3
:10BA3000060AFFF78BFFB0EE480A2846FFF72CFFF7
:10BA40009FED498AD4ED07AADFED487A94ED06DA36
:10BA500094ED08AA84ED090A7AEE88AA3DEE08DA88
:10BA60003AEE27AA6AEEAA7AF7EE00DAEDEE0D7A40
:10BA7000F0EE40CAEAEE0A7AB0EE490AB1EEE77A91
:10BA8000B0EE41CACDEE87BAF0EE608A84ED0B1AB3
:10BA9000C4ED0A0AD8F720FDF0EE409AB0EE490A4C
:10BAA000D8F744FE2AEE2BAA2DEE2BDA6AEEABAACB
:10BAB0002AEE407A6AEEE97AAAEE887A204628EEE3
:10BAC0004D8AE0EE0D7AA9EE8A8AB0EE6C0A28EE75
:10BAD000086AB0EE4C1AA7EE076A84ED0F9AA7EE3B
:10BAE000A76AF1EEC65A28EEAA6ACDEEA56AACEEB8
:10BAF0008D6A27EE267AACEE0A6A67EEA67AE6EE43
:10BB00006A8A6AEE474AA6EE4D0A28EE268AE7EED2
:10BB10008D4A2AEEE75A68EEAB8AA8EE0A5A6DEE15
:10BB2000485A60EE2B6AA6EE4A1A28EE888A68EE1A
:10BB3000A48AA6EE878AE7EE2A5AE6EE858A21EEE7
:10BB40002B1A2BEE0AAAA1EE278AE1EE258AB1EE86
:10BB5000488A84ED0C8AC4ED0D8A84ED0EAABDECF2
:10BB60000C8B38BDD0A1002000000000C3F51C41A3
:10BB700010B511EE903A2DED028BDFED527A9FED6C
:10BB8000528A002B90B0B8BFB0EE678A8DED010AE3
:10BB9000CDED020A31EE880ADFED4C0A8DED031A75
:10BBA0000446D8F7CFFE30EE488A9FED490AF0EE02
:10BBB000481AF0EE400AB7EE001A07A8FFF72CFC6F
:10BBC00094ED016ADDED086A9DED0B7ADDED0E7AEC
:10BBD000D4ED004ADDED0A1ADDED070ADDED0D2A90
:10BBE00094ED025AD4ED038A9DED091A9DED0C2ABD
:10BBF0009DED0F3A94ED050A66EE863A27EE064A69
:10BC000067EE865AE0EEA43A94ED046AA1EEA44AE7
:10BC1000E2EEA45A66EE864AE1EE053AA2EE054A45
:10BC2000E3EE055AE0EEA84A27EE065AE1EE004A96
:10BC3000A1EEA85A27EE866AA2EE005AA2EEA86AE2
:10BC4000C4ED034AD4ED074A84ED045AA3EE006A1A
:10BC500094ED065A84ED056A67EEA47A94ED086ABD
:10BC6000E2EE857A66EEA46AE3EE067A27EE247A9F
:10BC7000E0EE856AA1EE857AC4ED087ADDED027A00
:10BC8000D4ED0F1AE1EE066AA2EE067A34EE274AE8
:10BC90009DED036ADDED017AC4ED066A31EE888A16
:10BCA00075EE865A77EEA33A84ED077A84ED0F8A13
:10BCB000C4ED003A84ED014AC4ED025A10B0BDEC67
:10BCC000028B10BDDB0F49C0DB0F4940DB0FC940C1
:10BCD0000000000070B52DED028B91ED008ACB695C
:10BCE000064630EE488A087E90B00C460022842535
:10BCF000904220DC05FB0031843991ED200A684632
:10BD0000FFF756FED4ED051A94ED020AD4ED030AAE
:10BD100094ED041A6846FFF72BFF00230393049366
:10BD2000059306930793089309930A930B930C9337
:10BD30000D930E9326E005FB0231D1ED207A94EDB0
:10BD4000017A67EE877AF4EEC87AF1EE10FA2ADB10
:10BD500084221748DBF7FEFE94ED010A1448FFF732
:10BD6000E3FDB0EE480A68461149FFF721FED4ED25
:10BD7000051A94ED020AD4ED030A94ED041A6846FC
:10BD8000FFF7F6FE6C460FCC35460FC50FCC0FC53E
:10BD90000FCC0FC594E80F0085E80F00304610B0B7
:10BDA000BDEC028B70BD38EE678A0132A0E700BFA0
:10BDB000D0A1002070B52DED028B91ED008A0B7E95
:10BDC0000C4630EE488AC96990B00646013B842291
:10BDD000581C43D19FED428A6846B0EE480AFFF7EF
:10BDE000E7FDDDED017A94ED037ADDED026A94ED75
:10BDF000026A8DED038A37EE277AD4ED047A8DED51
:10BE0000017A77EEA67ADDED006ACDED027A76EE64
:10BE1000866A8DED048ACDED006A8DED058A8DED83
:10BE2000068A8DED078A8DED088A8DED098A8DEDE4
:10BE30000A8A8DED0B8A8DED0C8A8DED0D8A8DEDC4
:10BE40000E8A6C460FCC35460FC50FCC0FC50FCCF4
:10BE50000FC594E80F0085E80F0038E002FB0315DA
:10BE6000D5ED207A94ED017A67EE877AF4EEC87A00
:10BE7000F1EE10FA30DB294684221A48DBF76AFE1D
:10BE8000184894ED020ADFED161A94ED041AD4ED69
:10BE9000030AFFF730FD94ED010AFFF745FD114855
:10BEA0001049FFF7DBFC1048FFF7D8FC0F48FFF7FD
:10BEB000D5FC0F48FFF7D2FC95ED207AD4ED017A3E
:10BEC000B0EE480AA7EE670A3046FFF771FD30462C
:10BED00010B0BDEC028B70BD38EE678A013B77E78E
:10BEE00000000000D0A10020F0A1002010A200203E
:10BEF00030A2002000B52DED068B8DB0C269CDEDCE
:10BF0000083A4FF07E53DFED373A82ED200A436066
:10BF10000123B0EE408A0376F0EE41AAF0EE428AA9
:10BF2000B0EE621AB0EE462ADDED142ACDED0B1A02
:10BF30008DED073AF0EE641A9DED183AC0ED023A25
:10BF4000C0ED033AC0ED043A1046B0EE449AF0EE6C
:10BF5000679A8DED045ACDED055ACDED016A8DED50
:10BF6000027A9DED17AACDED0AAAFFF79DF99DED86
:10BF7000193ADDED152A9DED012ADDED041A9DED3E
:10BF8000071ADDED0A0AB0EE480A02F12000FFF7B9
:10BF90008BF99DED1A3ADDED162A9DED022ADDEDB5
:10BFA000051A9DED081ADDED0B0AB0EE480A02F104
:10BFB0004000FFF779F9B0EE633AF0EE4A2AB0EEAE
:10BFC000692AF0EE631AB0EE491AF0EE680AB0EE94
:10BFD000480A02F160000DB0BDEC068B5DF804EB81
:10BFE000FFF762B90000000005280AD8DFED057AE6
:10BFF000054B20EE270ABCEEC00A10EE102A23F8EB
:10C000001020704700007A4454A2002000B58DB083
:10C010000423019068468DF800308DED020ACDEDC5
:10C02000030A09F085FE0DB05DF804FB024B1A7897
:10C030000AB901221A70704798270020014B18781E
:10C04000704700BF98270020F0B59FED936ADFEDA1
:10C05000936A934B9348944A944C954920EE060A70
:10C0600060EE860A21EE061AF5EE401AF1EE10FA9D
:10C0700080EE267AC0EEA67AC1EE263A2DED028B2E
:10C08000F6EE004AB7EE085A09D1B5EE402AF1EEB5
:10C0900010FA04D1F5EE402AF1EE10FA72D022EE39
:10C0A000026AF0EE455AA1EEA16ADFF82CC2814F78
:10C0B00092ED001AD4ED000A91ED004AA2EEA26AB8
:10C0C000002616EE105AA3EB650506EE905A26EEF2
:10C0D000246A794D26EE266AE6EEC65A66EEA56A11
:10C0E00064EE605A22EEA66A21EEA60A22EE268AA5
:10C0F00021EE044AD0ED006AE6EE815AA6EEA04A8F
:10C10000FEEE006AE0EEA06AE1EE016A24EE461A55
:10C11000A8EE261A66EEC06AE6EE256A25EEC86A23
:10C12000D5ED005A654DF5EEC05AF1EE10FAA0EECD
:10C13000046A40F3AB8021EE254A9CED000AD7ED5E
:10C14000000AA3EE040A26EEA54A66EE255AE3EE9F
:10C15000040A95ED004A8CED000AA3EE254A37EE5D
:10C16000007A77EEA07A73EE843AC7ED000A85ED87
:10C17000004A534DD5ED005AA1EE257AE6EEA57A98
:10C18000E6EE253A23EE243A94ED001AD0ED000AAB
:10C1900092ED006A63EE075A23EE277A23EE233AE4
:10C1A000D1ED003A63EE237A60EEC36AE5EE817A60
:10C1B000E7EE016AE7EE467A23EEC74A27EE207AD9
:10C1C000A0EEE54AA3EE017AA3EE464AA5EEE37A95
:10C1D00070EEA77AE5EE866A36EE077A31EE044A0B
:10C1E00027EEA76A73EEA66AA4EE046AA6EEA66A14
:10C1F000A7EE076A16EE105AA3EB650305EE903A18
:10C2000026EE246A2F4B26EE256AA5EEC65A25EEA9
:10C21000856A27EE067A64EE065A66EE866A67EE4F
:10C22000867A26EE875A26EEE56AA5EEA75AA7EE8D
:10C23000876AC0ED007A67EEE77A36EE066AE5EEC9
:10C24000A57A83ED006AE6EEE67A1F4B35EE055AD5
:10C25000E7EE077A83ED005A1C4B82ED007AC3EDBE
:10C26000007A1B4BC4ED005A1A78C1ED006A52B92E
:10C2700022EE052A174AA1EE862AA2EEA72A82ED0F
:10C28000002A01221A70BDEC028BF0BDCCF80060D0
:10C290003E602E606DE700BFDB0F49400000344375
:10C2A000DF59375F7CA2002084A20020881500207F
:10C2B00080A2002070A200208C15002074A2002013
:10C2C0009015002060A2002064A2002068A2002037
:10C2D00078A20020841500206CA2002010B5064C26
:10C2E0002468046005480068086005490968116011
:10C2F000044A12681A6010BD7CA2002080A20020AF
:10C3000084A200208815002070B52DED068B2F4BE0
:10C3100093ED008A2E4BF7EE007AD3ED009A2D4B69
:10C32000B4EEE78AF1EE10FA93ED00AA04460D464A
:10C33000164647DCFFEE007AB4EE678AF1EE10FA9B
:10C3400048BFB0EE678A244B9FED249AD3ED006A74
:10C35000234BDFED248AD3ED007A234BD3ED000A83
:10C36000224B93ED007A20EE870A60EEA00AA6EE3B
:10C37000A70AE6EEA60A30EE000AE7EE470AE7EE65
:10C38000E70AD8F79FFA20EE090AC0EE287AB0EE45
:10C39000480AC6ED007AD8F761FA20EE090AF0EEF5
:10C3A0004A0AC0EE287AB0EE690AC5ED007AD8F7DD
:10C3B00089FA20EE090AC0EE287ABDEC068BC4ED9E
:10C3C000007A70BDB0EE678ABDE700BF60A20020B2
:10C3D00064A2002068A200208815002000003443D9
:10C3E00084A20020DB0F49407CA2002080A2002014
:10C3F0000A4BD3ED007A0A4B60EEA70AD3ED007A20
:10C40000084BE0EE270AD3ED007A074BE1EE270A4E
:10C4100093ED000A30EEC00A704700BF64A200200E
:10C4200060A2002068A20020841500202DE9F843B6
:10C43000074600F03CFADFF87C80841C98F8000086
:10C4400000F022FA10BB00F02EFA00F11A05F4F702
:10C45000FBF80DF0DFFA00F026FA8542FBD8002643
:10C4600034464FF0010998F8000000F00DFA18B1B9
:10C4700009FA06F31C43A4B2092E05F134050CD0C9
:10C4800000F011FA8542FBD80136ECE700F00FFA14
:10C49000A042D3D30020BDE8F8830DF0DDFA40F2CE
:10C4A00001232340B3F5007FF4D164083C700120E0
:10C4B000F1E700BF96A2002013B5FF2304468DF8D4
:10C4C00007300DF10700FFF7B1FF00B91CB99DF867
:10C4D000070002B010BD013CF3E7000030B50C4C82
:10C4E000238808224AF2010580EA030111F0010FB6
:10C4F0004FEA530318BF6B4002F1FF3218BF9BB2E3
:10C5000012F0FF024FEA5000EED1238030BD00BF91
:10C5100088A20020F7B51E4F1E4E00233B707B7093
:10C52000337073700144FF238DF807300446CDB299
:10C530002046FFF77BFFE8B114F8010BFFF7CEFFB1
:10C54000E3B2AB42F4D100F097F9D8B11148FFF74C
:10C550006DFF78B11048FFF769FF58B10DF1070082
:10C56000FFF764FF30B13A8833889A4202D0C22381
:10C570008DF807309DF80700A0F13003584258416C
:10C5800003B0F0BD0DF10700FFF750FFF2E700BF69
:10C5900088A200208AA200208BA2002070B540F261
:10C5A000014343EA800400F07EF90546F4F74CF8B5
:10C5B0000DF030FA0A4E3078E3070AD500F06BF937
:10C5C000640805F1340507D000F06DF98542FBD809
:10C5D000F1E700F062F9F3E7BDE870400DF03CBA16
:10C5E00096A20020F8B5124F124E04460D46387838
:10C5F00000F057F92544002333707370EDB22078B2
:10C60000FFF7CCFF14F8010BFFF768FFE3B29D4280
:10C61000F5D100F031F928B13078FFF7BFFF70781D
:10C62000FFF7BCFF3878BDE8F84000F038B900BF2C
:10C6300096A2002088A2002007B5104B0268934301
:10C640001AD0FF238DF80430002304218DF8053023
:10C6500043788DF8063083788DF807300DEB0100B4
:10C66000FFF7C0FF0220FFF727FFA0F13003584279
:10C67000584103B05DF804FB0120FAE700FFFF001A
:10C6800037B5054608460C46FFF7D6FF68B1237854
:10C690008DF8065002210DF106008DF80730FFF7E6
:10C6A000A1FF21786068FFF735FF03B030BD13B5F7
:10C6B000FE238DF8043000238DF805308DF8063008
:10C6C00003788DF80730044613B901238DF806303E
:10C6D00004210DEB0100FFF785FF0220FFF7ECFEC0
:10C6E000FF280CD121786068FFF77CFF2820FFF736
:10C6F000E3FEA0F130035842584102B010BD0020C3
:10C70000FBE773B5064608460C461546FFF794FF4F
:10C71000A0B12046FFF7CBFF80B1012302210DF12C
:10C7200006008DF807308DF80660FFF75BFF28469E
:10C73000FFF7C2FEA0F130035842584102B070BD6D
:10C7400030B5194B89B00DF10F02044603F1100109
:10C75000104653F8045B42F8045B8B42F9D11B7816
:10C7600013701121FFF73EFF08210DF10600FFF7BE
:10C77000D1FEA8B19DF80630342B13D19DF80730B7
:10C78000372B0FD19DF80830312B0BD19DF8093094
:10C79000A3709DF80A3063709DF80B302370012060
:10C7A00009B030BD0020FBE7968E040807B5FD23D5
:10C7B00002210DF10600ADF80630FFF713FF01204E
:10C7C000FFF77AFEA0F1C1035842584103B05DF86B
:10C7D00004FB07B50023ADF80630012303700221E6
:10C7E0000DF10600FFF7FEFE03B05DF804FB022822
:10C7F0000CBF07200320FFF743BF01460420FFF7CB
:10C800003FBF07B5FFF718FF80B14FF481730221D6
:10C810000DF10600ADF80630FFF7E4FE40F2DC5003
:10C82000FFF74AFEA0F130035842584103B05DF8CB
:10C8300004FB014640F2DC520520FFF762BF0146CF
:10C84000FA220120FFF75DBF13B50446FFF7F4FE9F
:10C8500078B12046FFF72BFF58B14FF482730DF1EA
:10C8600006000221ADF80630FFF7BCFE1420FFF7EA
:10C8700023FE02B010BD0000024B1878003818BF2C
:10C880000120704791A2002008B5E9F7D3FE0038D7
:10C8900018BF012008BDE9F775BEE9F7AFBEE9F79B
:10C8A0002DBEE9F74BBE08B5F1F732FD08BD08B55E
:10C8B000F1F72EFD4FF47A720023E1F7CBFA08BDB1
:10C8C00013B51E4A1E4C0023137023708DF80630DA
:10C8D0009DF80630032B0CD9C8200EF06DFD002307
:10C8E0008DF807309DF80730032B0ED9207802B061
:10C8F00010BD9DF80600E9F761FE2378013323702F
:10C900009DF806300133DBB2E0E79DF80700E9F758
:10C9100015FE9DF80700E9F771FE01200EF04CFDB1
:10C920009DF80700E9F7EAFD9DF80700E9F72AFE00
:10C930009DF807300133DBB2D2E700BF96A200209A
:10C9400095A2002080EA0120082341F2210210F480
:10C95000004F4FEA400018BF5040013B80B2F6D173
:10C960007047000013B5074C0DF1070001F004FCFF
:10C970009DF807102088FFF7E5FF2080084602B0E9
:10C9800010BD00BF8CA2002013B5054C019001F032
:10C9900051FC20880199FFF7D5FF208002B010BD1F
:10C9A0008EA200202DE9F04F4FF00008C5B04FF0E7
:10C9B000010AB44E444634707470FFF7D3FF2F2839
:10C9C000F9D101210220E8F783FFADF80680FFF7D7
:10C9D000C9FF8346FFF7C6FF8DF80900FFF7C2FFC6
:10C9E0008DF80A00FFF7BEFF0DF110090546074656
:10C9F0004C46FFF7B7FF013F17F0FF0709F8010B9F
:10CA0000F7D10DF1030001F0B7FB9DF803308DF86D
:10CA100005300DF1030001F0AFFB9DF803308DF8F8
:10CA20000430BDF80420338801219A4218BF03273F
:10CA30000846E8F74DFF47BBABF130030394102BDA
:10CA400000F26381DFE813F016002E00A10132002E
:10CA5000110087006101BE00610134014D017201C6
:10CA60006101670183017700900101250DF1060442
:10CA7000012625E0844C23783BB1844B1B78022BA4
:10CA800005D833B1FFF792FE18B10025EEE7042B6D
:10CA9000F8D084F8008084F8018000250DF10604A8
:10CAA000012603E16C238DF80630EEE7C8238DF8EC
:10CAB000063004238DF8073000250DF10604022608
:10CAC000DFF8D4910021022089F8008089F80180E4
:10CAD000E8F7FEFE2E20FFF757FF5846FFF754FFFA
:10CAE0009DF80900FFF750FF9DF80A00FFF74CFF83
:10CAF0003046FFF749FF2644F6B214F8010BFFF762
:10CB000043FFE3B2B342F8D13846FFF73DFF99F84F
:10CB1000010001F08FFB99F8000001F08BFB002170
:10CB20000120E8F7D5FE002D3FF443AFE9F7D6FC2E
:10CB300045B0BDE8F08F2578022D07D9042D07D028
:10CB400000250DF1060401260927B9E7002DF8D0CC
:10CB50004E4B1D7099E74E4A237812789A4205D8B9
:10CB600000250DF1060401260827A9E7494C23708A
:10CB7000464B1B78022B1DD8F3B19DF80A50424852
:10CB8000FFF727FE012D17D12078E9F7D7FC207891
:10CB9000E9F734FDFFF78BFE0546FFF788FE431BE0
:10CBA000B3F5967FF9D32078E9F7ECFC2078E9F724
:10CBB000A5FC01E0042BE0D0334B83F8008083F820
:10CBC000018062E7324A237812782F4E9A4286F823
:10CBD000008086F80180C3D92E4A032513704FF2D6
:10CBE00010344FF210493046FFF7AAFD002855D007
:10CBF000338823F02002A2420FD04B450DD04FF2D4
:10CC00009032934209D04FF65002934205D003F57B
:10CC1000BA520F3292B2012A09D81C4B83F800A0F5
:10CC20001A4B194C1B78F3700025042648E723F0B3
:10CC3000080249F207318A4207D049F20A32934288
:10CC400003D049F20B42934203D1104B02221A70D7
:10CC5000E6E741F60672934211D043F20632934260
:10CC60000DD023F4807243F206418A4207D042F687
:10CC70000632934203D044F2067293420ED1034B24
:10CC80000422E4E78CA2002091A2002090A20020C0
:10CC900095A2002096A200208EA20020013D15F052
:10CCA000FF05A0D13B4C3570757004260F2707E7B0
:10CCB000394B1A78012A01D0042A26D123788DF81D
:10CCC0000630042A0CBF9B005B00DBB202A88DF883
:10CCD00009308DF80A80FFF794FD00287FF4D5AE67
:10CCE000DBE623788DF808302B4B187802280AD819
:10CCF00058B102A9FFF77BFD00283FF4CEAE9DF8A6
:10CD000008600025DCE60428F3D000250DF10604B8
:10CD100001260227D4E623788DF808301E4B1B78B5
:10CD2000022BF2D102A8FFF768FDE5E71A4B8DF858
:10CD300008501B78022B06D8002B3FF4A6AE02A8A1
:10CD4000FFF77DFDC9E7042B7FF49FAEF7E7124B99
:10CD50008DF808501B78012BD7D0022B7FF49DAEA5
:10CD600002A8FFF766FDB8E70B4B1C78042CCCD16A
:10CD700002A88DF80850FFF767FD30283FF485AE14
:10CD8000C0287FF48AAE27467FE6044C002509269A
:10CD900096E600BF91A2002090A2002088E6040839
:10CDA00070B5114C236801332360104B1B680BB91D
:10CDB0000F4B1B680F4A1268934204D90E490F4863
:10CDC00009F0EEFE00230C220D495343CA18CD583A
:10CDD0004DB120689268043319440A2358432B4606
:10CDE000BDE87040184770BD14430020A8A2002081
:10CDF000B0A20020742C002092E60408ED53020833
:10CE00009415002038B514491448154C154DFBF7FE
:10CE100075FB154920601148FBF770FB28602088DE
:10CE2000124CFBF70FFF20602888FBF70BFF104A1E
:10CE300000231360236883EAE371A1EBE371052902
:10CE4000C1BF6FF031014B4303F6B8331360BDE847
:10CE500038401068EDF742BD35AC040817A304084C
:10CE6000A0A20020A4A200202BAC04089CA20020B9
:10CE7000ACA20020014B1888EDF730BD4C16002005
:10CE8000F8B5174D2B680C46164603BB0A6806EB2F
:10CE900082021089FE2808D10B6012490A680AB183
:10CEA0000B60F8BD104B1A60FBE7FF2801D123602F
:10CEB000F7E75789EDF712FD33685F4345F6C05336
:10CEC000B3FBF7F3013B2B6023680133EFE7012B42
:10CED00001D1EDF7FBFC2B68013B2B60E1E700BFC4
:10CEE00098A20020A8A20020B0A20020EDF7EEBC7E
:10CEF00030B5104D2B7885B0CBB90F4A0F4803934E
:10CF00000E2111600E4A01920E4A00920A2101225E
:10CF10000FF08AF804460EF0EBF86421039B0091B1
:10CF20000246012120460FF0C3F801232B7005B003
:10CF300030BD00BF99270020742C0020B4E60408FF
:10CF40004C2D0020A1CD0208014B1878704700BF7E
:10CF500099270020014B1860704700BFA8A200204D
:10CF600080B5DFF88080184F184DD8F800004FF4D6
:10CF7000FA610DF053FB0128044615D10EF0B8F804
:10CF80000146134809F0F0FE0028EED1114E337827
:10CF9000002BEAD10E4809F004FF0F49024628464B
:10CFA00009F0FEFD3470E0E7F0F7CEFA0028DCD19E
:10CFB0003946284609F0F4FD0849094840F217129D
:10CFC00009F062F9D1E700BF0AF50408ED53020841
:10CFD00058AC002090AC0020D8F4040833F50408C5
:10CFE00052BB0408C8AD00202DE9F04F03218BB0DF
:10CFF00000200EF009FA00F0D9FE2749274809F071
:10D00000CFFD0EF075F80590F0F746FA00283DD0F8
:10D0100000F0CCFE22492148224F234E234D09F037
:10D02000BFFD0EF065F8012440F2EB330146CDE977
:10D0300000341F4840F2E5334FF47A7209F086FE5F
:10D040000322002120460DF059F81A4B02931A4B87
:10D05000019305233860009318491948002396224C
:10D060000DF078FEF0F72EFA3046F0F725FAFAF7D1
:10D07000D7FB38B33046FAF7F3FB00231A461946BC
:10D0800038680DF073F8E8F7E9FFEBE7012105A830
:10D090000EF048F9B8E700BF81F50408ED53020827
:10D0A000A7F50408C8AD0020E05A002028AD0020F4
:10D0B00058AC0020E4810010F8A20020C7F5040855
:10D0C00061CF0208DFF8C08308F0C2FD98F8003095
:10D0D000984206D0184608F0E9FD08F0B9FD88F836
:10D0E0000000DFF8A88305F02DFF98F80030984283
:10D0F00006D0184605F052FF05F024FF88F800001E
:10D100002146D44808F0B6FD00F0C2FA804680F00F
:10D110000100C0B2F9F7DCFBCE49CF482246F9F74F
:10D120000BFB18B1CC480121F8F74CF8C949CB48A2
:10D13000F8F790F8C9492246304600F0F5FAC54A9A
:10D14000C64823463146F7F795FFC44800F07EFAFB
:10D15000C04BC249C2480094324605F005FFB8F101
:10D16000000F00F0B281BF49BD48DFF82493DFF81B
:10D17000F4B2DFF8F8A2FDF7EBFDEEF731F8D9EDE8
:10D18000007A9FEDB97A30EE670A4FF00008E0EEC2
:10D19000077AC9ED007ABBEC010AD9ED000A4046D6
:10D1A000B8EEC00AE8F7F0FE08F10108BDEEC00ACB
:10D1B000B8F1040FAAEC010AEDD1DFF8D882AB4830
:10D1C0004146FDF789FEB8F800100020E8F7A0FFFF
:10D1D000B8F802100120E8F79BFFB8F8041002200D
:10D1E000E8F796FFB8F806100320E8F791FF994B8F
:10D1F000DFED9F7A93ED097A9FED9E6AD3ED116A78
:10D2000027EE277A66EE866ABDEEC77A66EEA76AD3
:10D2100017EE102A93ED0A7A2A8027EE277AFDEE80
:10D22000E66ABDEEC77A002117EE102A93ED0B7A5D
:10D230006A8027EE277ABDEEC77A17EE102A93EDA3
:10D240000D7AAA8027EE277ABDEEC77A17EE102A4C
:10D2500093ED0E7AEA8027EE277ABDEEC77A17EEB5
:10D26000102A93ED0F7A2A8127EE277ABDEEC77A2E
:10D2700017EE102A6A8116EE902AD3ED126A93ED0A
:10D28000137AAA8166EE866A66EEA76AFDEEE66A02
:10D2900016EE902AF7EE006A37EE267AEA8127EE3C
:10D2A000067A27EE277ABDEEC77A17EE102A2A8271
:10D2B0001A6906925A6907929A69DB69089209937A
:10D2C00007AA01230AA800EB8100F2EC016A10ED25
:10D2D000047AF0EEE66AB0EEC77AF4EE476AF1EE51
:10D2E00010FAC8BF19460133042BEBD10AAB03EB8C
:10D2F000810313ED047A9FED606ADFED605AB5EEAD
:10D30000C07AF1EE10FA4CBF4FF0010E4FF0000E54
:10D310000DF1180C0B460020B6EE005A81421AD0CF
:10D32000DCED006AB0EEE67AC7EE064A9B02B0EE8C
:10D33000457AA4EEA57AF5EEC06AF1EE10FABCEEDD
:10D34000C77A4CBF012200228EEA020243EA42223F
:10D3500017EE103A1343013004280CF1040CDDD110
:10D360009FED476AD6ED036A6B6166EE866A96EDBD
:10D37000057A3A4AFDEEE66A27EE067A16EE903A0C
:10D38000D6ED046A2B8366EEC66ABDEEC77AFDEE63
:10D39000E66A16EE903A6B8317EE103A92ED0F7A2A
:10D3A000AB8327EE277A374BBDEEC77A17EE101AFC
:10D3B00092ED107A198027EE277ABDEEC77A17EE24
:10D3C000101A92ED117A598027EE277ABDEEC77AAE
:10D3D00017EE101A92ED137A998027EE277ABDEE98
:10D3E000C77A17EE101A92ED147AD98027EE277AB1
:10D3F000BDEEC77A17EE101A92ED157A198127EE55
:10D40000277ABDEEC77A17EE101A92ED177A598176
:10D4100027EE277ABDEEC77A17EE101A92ED187A2A
:10D42000998127EE277ABDEEC77A17EE101A92ED92
:10D43000197AD98167EE277AFDEEE77A17EE902AFE
:10D440001A82E6F7B5F9A0B3E6F7B8F9012830D1AA
:10D4500022E000BFAC33002048AD002094AC002097
:10D46000B4A20020E8A200200AD7233CD8A20020C2
:10D4700000007A44C3F51C41F304353F0080FF43AC
:10D4800058A08B4114AD0020C9A20020C8A20020E2
:10D4900070110020D0A20020E6F796F94FF47A73BD
:10D4A00093FBF0F0B4FBF0F300FB134008B9E6F790
:10D4B00091F9F0F72DFF336B054AC01A054B186040
:10D4C0009368013301349360D7E5E8F7C7FE8EE631
:10D4D00050160020CCA2002030B5174D87B02C7814
:10D4E000059034BBEFF7B8FF059808F009FC20461B
:10D4F00005F054FDFDF728FC08F07EFEE8F7CCFEB1
:10D50000F7F7B4FD08F0A4FB0C4B187005F01AFDFA
:10D510000B4B0C4918700C4B02930C4B01930523D9
:10D5200000930B4823464FF4E1720DF013FC0123E6
:10D530002B7007B030BD00BF9A270020C9A2002081
:10D54000C8A20020D7F504084482001050A500208E
:10D55000E9CF020838B5EFF799FF054608F07EFBE2
:10D560002840C4B205F0F4FC0440FDF7EEFB044093
:10D57000E9F7D6F80440F7F77AFD204038BD0000FF
:10D58000034B036060330B6096231360704700BF4A
:10D59000A482001010B5054B03F52E7403F54673F5
:10D5A00004600B604FF41673136010BDA48200106A
:10D5B000014B5878704700BFCCAD0020014BD878A4
:10D5C000704700BFCCAD0020014B1879704700BFF9
:10D5D000CCAD0020037F032B08D1054B40691B888D
:10D5E000081A83422CBF002001207047002070479A
:10D5F0006E160020806930B1034B1B88081A8342E5
:10D600002CBF0020012070476C160020064B30B163
:10D610001A7942B1997829B91971104670470120D9
:10D620001871704700207047CCAD0020064BDA78A7
:10D63000824204D010B11A7F022A02D1D870012090
:10D6400070470020704700BFCCAD00200E4B1B7F01
:10D65000052B02D8022B13D97047072B10D10023BA
:10D6600080F8793080F87A3040F20113A0F87C30ED
:10D67000022380F87E3000238360C360036270471A
:10D6800002498022DAF766BACCAD002048DA0408F5
:10D69000054B187FC31E022B03D9C31F58425841A4
:10D6A00070470120704700BFCCAD00202DE9F34743
:10D6B000054618491848DFF86C80174F09F070FAD2
:10D6C000287F00F0BFF915490246134809F068FAAF
:10D6D0002A6A1349104809F063FA00244FF0010A3E
:10D6E0002B6A0AFA04F61E42E0B214BF4FF0010999
:10D6F0004FF0000900F0ACF901340246CDF800907B
:10D7000033464146384609F04BFA092CE8D102B0BD
:10D71000BDE8F087E2F50408ED530208FCF50408C3
:10D720000CF6040826F604082DE9F84F2827B2FB6A
:10D73000F7F303FB172780468946002F40F02E8120
:10D740000DF0D6FC964C0646E578FDF701FC8246C6
:10D750003846FDF7F5FA83463846E8F787FF0BFBB6
:10D7600000F08245C0F018810137042FF0D1236901
:10D770002BB1F31AB3F5FA6F38BF45F0020598EDF7
:10D78000027ADFED887AB0EEC77AB4EEE77AF1EE8E
:10D7900010FA13D598ED017AB0EEC77AB4EEE77AB5
:10D7A000F1EE10FA0AD598ED007AB0EEC77AB4EE31
:10D7B000E77AF1EE10FA44BF0023E36098ED027AB5
:10D7C000F6EE007AB4EEE77AF1EE10FA6ED5E36881
:10D7D00003B9E66098ED027ADFED737AE368B4EEA0
:10D7E000E77AF1EE10FAA6EB03035CD5642B60D860
:10D7F000D9F80030F31AB3F5FA7F06D9B3F5FA6F0A
:10D8000094BF45F0080545F01805F9F7A9FD28B1C2
:10D8100000F57A70864228BF45F02005F9F79AFD99
:10D8200008B145F02005237A0BB145F02005237996
:10D830000BB145F040055A483146FFF7CBFE08B121
:10D8400045F0800556483146FFF7D4FE08B145F44F
:10D850008075207F294600F0CBF894F81C80804525
:10D86000074640D0032820772AD15049504809F074
:10D8700097F96661A8F10403012B01D8062F04D0A3
:10D88000B8F1030F05D1022F03D14A49484809F0E6
:10D8900087F9092F18D14849454809F081F9002036
:10D8A000FFF7C4FE1FE0B3F57A7FA0E70023E36033
:10D8B0009EE7424B1B78002B9AD045F0040597E772
:10D8C000052808BFA661D5E70A2F06D13C4938488C
:10D8D00009F066F901232371E1E7FB1EDBB2022B9D
:10D8E00001D9072FDBD12562FFF7D2FE237F2070FD
:10D8F000042B4FD0D91F4A424A41022B14BF0021AA
:10D900000121E180E178627005F00406C5F380052D
:10D91000A57019B1E18841F00201E18018B1E188F8
:10D9200041F00801E1801AB1E28842F01002E28081
:10D930001EB1E28842F02002E280092B02BFE38898
:10D9400043F04003E38023791BB1E38843F0800375
:10D95000E380F9F70BF8C30742BFE38843F4807311
:10D96000E3800546F9F708F818B1E38843F400733B
:10D97000E380042D02BFE38843F48063E38094F8DE
:10D9800024305BB1002384F824300548BDE8F84F0B
:10D99000FFF78CBE0122B0E72661E8E6BDE8F88F0C
:10D9A000CCAD0020CDCCCC3DCDCC4CBE3DF604085A
:10D9B000ED53020850F6040860F6040870160020C3
:10D9C0007EF60408012B08D0022B0CD06BB94A401C
:10D9D0001040431A58425841704751400140881A3C
:10D9E00018BF0120704701207047002070470000D9
:10D9F0002DE9F047DFF8488008EBC0030546D3F86F
:10DA000004900F4600264FF01C0A4E4512DA58F8D3
:10DA100035400AFB0644D4E90112237B3846FFF760
:10DA2000D1FF50B1D4E90412237E3846FFF7CAFF74
:10DA300018B925782846BDE8F0870136E5E700BF2C
:10DA400074160020014B53F820007047C4F60408F8
:10DA5000014B53F820007047A0F604082DE9F04F61
:10DA60002DED028BADF2944D03AA202104A80DF0F8
:10DA700031FF1F28064604D9384939485C2208F08E
:10DA800003FCDFF8FC900398D9F80030DFF8F4804D
:10DA9000DFF8F4A0C01ADFF70DFD02460B460020A8
:10DAA0003049DFF7ABFEE0F777F82F4908EE100AB0
:10DAB0002E4809F075F82E492C4809F071F804AC8D
:10DAC0000027BE420BD1039BC9F80030294B00222E
:10DAD0001A700DF2944DBDEC028BBDE8F08FD4F8B6
:10DAE00008B0D8F80020002393422FDB202A04D16D
:10DAF0001A4921484D2208F0C7FBD8F800300AEB3C
:10DB0000C3050133C5F804B0C8F80030D4F818B024
:10DB10002B68ABEB030307EE903AF8EE677A013718
:10DB200067EE887A243417EE900ADFF7E5FC0B469F
:10DB300054F8201C019134F8041C009102460F494E
:10DB40000A4809F02DF8C5F800B0BAE70AEBC3059A
:10DB500069688B45DAD00133C6E700BFF0F60408E8
:10DB60003BF704080000594056F70408ED5302083B
:10DB70006AF7040800AE002089F70408A7F7040834
:10DB8000F8AD0020FCAD00201C8F0010024B1B786C
:10DB90000BB1FFF763BF704700AE002037B5114DE2
:10DBA0002B7823B1104911483B2208F06DFB104B34
:10DBB0000193104B0093012200234FF47A710E4819
:10DBC0000EF032FA04460DF093FA642302460093F5
:10DBD0000121002320460EF06BFA01232B7003B0C5
:10DBE00030BD00BFF4AD0020F0F60408BEF7040815
:10DBF000782D00208DDB0208CBF70408044B1B783E
:10DC00002BB1044904484FF4CF7208F03DBB704774
:10DC100058AE0020DFF70408ABD804081FB5084B46
:10DC20000293084B019302230093074907480023FE
:10DC30004FF496720DF08EF805B05DF804FB00BF4E
:10DC40001C9000106CAE002029F8040801DE0208C8
:10DC500013B5334C2378002B4DD1324901200CF001
:10DC600049FB314B4FF0FF3118600CF0D7FCF0F757
:10DC700051F8FFF793FF08F089F908F0C4FDF9F7B0
:10DC800013FCF7F76DFB2949294808F089FF08F0D4
:10DC90009DFA28490246264808F082FF264B1A784A
:10DCA000264B52B31A682649214808F079FF254BC4
:10DCB000254AB3F922300193D2F8103A0093D2F8F2
:10DCC000143A2249D2F8182A194808F069FF08F0D6
:10DCD00069FCEFF75FFC00F0FDFAE0F71DFBECF7E5
:10DCE00089FFEDF74BFAECF7EDFDFCF7ADFAF6F72F
:10DCF00071FD0123237002B010BD1A68144B154941
:10DD00001878154B002808BF0B46CDE90023134BAC
:10DD1000134A1B6812681349054808F041FFC6E71B
:10DD20009B27002008AE002004AE00203FF8040826
:10DD3000ED53020862F80408A5040508082600202F
:10DD40007EF80408007AFF1F0070FF1FB4F8040873
:10DD5000A404050839F8040830F804080426002053
:10DD6000002600209AF8040838B5084B1D78ECF717
:10DD70007FFE0446EDF72EFA204005EA000400F08D
:10DD8000BDFA0440ECF79FFD204038BD9B270020E2
:10DD900008B5054800231A46194600680CF0E6F954
:10DDA000BDE80840EBF798BB04AE002010B50A4C64
:10DDB00023786BB1094C4FF0FF3120680CF02EFC3A
:10DDC000002320681A46BDE8104019460CF0CEB971
:10DDD00002200DF0F1FAEBE79B27002004AE0020B3
:10DDE00000B593B030238DF806300DF10600002306
:10DDF0008DF80730EFF7FAFD13B05DF804FB000073
:10DE000038B5E7F783FD01210020E7F761FDF0F762
:10DE10001DFA7448E7F7B0F87348E7F7ADF800F07B
:10DE200047F9FFF715FFF7F755FAF7F779F907F014
:10DE30002BFDEAF7EBF8FBF70BF8E1F76FFAE0F7E9
:10DE4000CBFFFFF749FBE0F7CDFF20B108F0CCF99D
:10DE500008B108F0F5F9FFF74BF8FBF7D3F9FFF736
:10DE6000BFFF6249624808F09BFEFFF77DFF044652
:10DE700018B960495E4808F093FE08F033FC054687
:10DE800020B95D495A4808F08BFE2C46EFF756FC46
:10DE9000054620B95949564808F082FE2C46F7F746
:10DEA00035FA054620B95649514808F079FE2C4606
:10DEB000F7F7E8F9054620B952494D4808F070FED9
:10DEC0002C46FFF747FB054620B94F49484808F064
:10DED00067FE2C4607F016FD054620B94B4944481D
:10DEE00008F05EFE2C46E1F755FA054620B9484990
:10DEF0003F4808F055FE2C46FFF726F8054620B9A6
:10DF000044493B4808F04CFE2C46FAF755FF0546BD
:10DF100020B94149364808F043FE2C46FBF790F9FA
:10DF2000054620B93D49324808F03AFE2C46EBF749
:10DF3000BFFA054620B93A492D4808F031FE2C4673
:10DF400008F04CFA054620B93649294808F028FE61
:10DF50002C46FCF77AF9344DD8B93449244808F0F6
:10DF60001FFE00232B70FFF7FFFE002832D0304C3D
:10DF70002046ECF78BFD4FF4FA600DF01DFA2B787C
:10DF8000002BF5D02B491A4808F00AFEFFF700FFD6
:10DF900012E0002CE5D02849154808F001FE0123C5
:10DFA0002B70FFF7F5FE0620FEF7D4FF2348ECF7B1
:10DFB0006DFD2348ECF76AFD0BF07EFF2149024618
:10DFC0000B4808F0EDFD00F0A1F94FF0FF300DF027
:10DFD000F3F9FAE7E7F79AFC01210420E7F778FC68
:10DFE000EAE700BF48100020440F0020E8F80408CA
:10DFF000ED5302080EF9040822F904083BF904085D
:10E0000050F9040862F9040879F9040891F9040840
:10E01000B2F90408C4F90408D7F90408E8F90408B7
:10E02000FEF904081FFA04081CB3002040FA040893
:10E030006C12002076FA04085EFA04087C110020B5
:10E040007C1200208AFA040808B50378302B10D11E
:10E050004278013A0F2A00F1020128BF0F22054839
:10E06000D9F778FDBDE80840024A0349034808F0A3
:10E0700097BD08BD5AAE0020A4FA0408ED5302086B
:10E0800010B50DF035F8084A1368C31A502B02D9A1
:10E090001060F2F7D9FA054C23781BB108F052F959
:10E0A0000023237030BF10BD20B3002059AE0020E4
:10E0B00030B5164C85B00025234604F1500200957A
:10E0C00001214FF400700BF0CBFF114B04F52872C7
:10E0D0001860012104F5147300954FF400700BF0E3
:10E0E000BFFF0C4B0C4918600C4B019304F5946472
:10E0F0000523009302942B464FF4967208480CF0C7
:10E1000029FE084B186005B030BD00BF18C60010CE
:10E11000FCB8002000B90020BCFA040828B3002095
:10E12000A9E10208F8B8002007B5044B01AA186855
:10E1300000210DF039FE03B05DF804FBF8B80020B3
:10E140001FB58DF8070009480023006803AA0DF1E8
:10E1500007010CF0F7F8012804D0054905485A22B8
:10E1600008F092F805B05DF804FB00BFFCB8002091
:10E17000C8FA04081FFB040810B5044620B9074973
:10E1800007486A2208F080F8064B21461868BDE867
:10E1900010404FF0FF320CF0A1B900BFC8FA0408DC
:10E1A00066FB0408FCB8002007B5FFF7FFFD1C4C18
:10E1B0004FF0FF32012100200DF002FD194B1A78BB
:10E1C0002AB9012218491A702046FBF76DF8FBF7AF
:10E1D000C5FAE0B1FBF7C8FAE9F700FFEFF796F9E7
:10E1E000FEF76EFBFEF7DEFBE9F704FFEFF7A0F9A1
:10E1F0000E490F48FBF7ACFC00210190FBF7B2FD84
:10E2000000214FF0FF3208460DF040FED0E701A894
:10E21000FFF7B2FF9DF804102046FBF7A5F8D6E7FC
:10E22000D8B7002024B30020A5E20208B19C04085E
:10E23000BD9C040807B58DF8070009480023006855
:10E240001A460DF107010BF091FF012804D0054992
:10E250000548702208F018F803B05DF804FB00BF11
:10E2600000B90020C8FA040873FB040807B58DF84C
:10E2700007000948002300684FF0FF320DF1070145
:10E280000BF074FF012804D004490548752207F0FB
:10E29000FBFF03B05DF804FB00B90020C8FA0408D6
:10E2A0009BFB040838B504464518AC4200D138BD84
:10E2B00014F8010BFFF7DAFFF7E7000007B5044B8E
:10E2C000014601AA18680CF003FB03B05DF804FBDB
:10E2D00000B9002013B5074C236843B90093064BDF
:10E2E000082103F1500205200BF0BAFE206002B0B5
:10E2F00010BD00BF04B9002018CB0010024B1868F5
:10E30000003818BF0120704704B9002013B5084C2D
:10E3100023685BB120684FF0FF3269460CF0DEF8ED
:10E32000009B002BF6D001989847F3E702B010BD90
:10E3300004B9002007B578B1CDE9000107480023F2
:10E3400000681A4669460BF011FF002814BF002030
:10E350000C2003B05DF804FB0820FAE704B90020A4
:10E36000B5EEC00AF1EE10FA08B504DBF1EEC07AA2
:10E37000B0EE670A08BD044904485C2207F084FF38
:10E38000DFED037AF4E700BFCFFB04081EFC0408AE
:10E3900000000000830704D0024903483D2207F033
:10E3A00073BF7047CFFB040839FC0408830704D00F
:10E3B000024903483D2207F067BF7047CFFB0408BE
:10E3C00039FC0408830704D0024903483D2207F0C2
:10E3D0005BBF7047CFFB040839FC0408830704D0F7
:10E3E000024903483D2207F04FBF7047CFFB0408A6
:10E3F00039FC0408830704D0024903483D2207F092
:10E4000043BF7047CFFB040839FC0408830704D0DE
:10E41000024903483D2207F037BF7047CFFB04088D
:10E4200039FC040870B50D46164604464068FFF7EF
:10E43000B1FF6868FFF7AEFF7068FFF7ABFF3246C9
:10E44000294620460BF038F930B1BDE87040034949
:10E450000348562207F018BF70BD00BFCFFB040869
:10E460001EFC040870B50D46164604464068FFF7CA
:10E470009DFF6868FFF79AFF7068FFF797FF3246C5
:10E48000294620460BF018F930B1BDE87040034929
:10E490000348562207F0F8BE70BD00BFCFFB04084A
:10E4A0001EFC040870B50D46164604464068FFF78A
:10E4B00095FF6868FFF792FF7068FFF78FFF32469D
:10E4C000294620460BF0F8F830B1BDE8704003490A
:10E4D0000348562207F0D8BE70BD00BFCFFB04082A
:10E4E0001EFC040838B50D4604464068FFF752FF8D
:10E4F0006868FFF74FFF294620460BF01EF930B140
:10E50000BDE8384002490348452207F0BDBE38BD8A
:10E51000CFFB04081EFC040838B50D4604464068CD
:10E52000FFF744FF6868FFF741FF294620460BF0DC
:10E5300004F930B1BDE8384002490348452207F0EC
:10E54000A3BE38BDCFFB04081EFC040838B50D4639
:10E5500004464068FFF742FF6868FFF73FFF29461F
:10E5600020460BF0EAF830B1BDE8384002490348D4
:10E57000452207F089BE38BDCFFB04081EFC040805
:10E580000E4B03600E4B83604FF07E52C3600361FD
:10E590004FF07C5342604361826100234FF0804220
:10E5A000C3610362436282624363064A8363C36357
:10E5B0000364054BC2620263436470470000C842B3
:10E5C0000AD7233CCDCCCC3D6F12833AF8B50D462B
:10E5D00004462DED028B002117464FF4E272D9F765
:10E5E000CFFB6B6B2360AB6B6360EB6BA36095ED54
:10E5F000100AB6EE008A20EE080A0AF0CFFE0026C6
:10E6000084ED6A0AC4F8AC61C4F8B06195ED100AF3
:10E6100020EE080A0AF00AFFD4F8A8316362D4F8A1
:10E62000AC31A362D4F8B031E3624FF07E53636340
:10E630006364636504F158034FF4A272184684EDD5
:10E640006D0A84ED0C0AA663E6632664A664E6649C
:10E6500026650021D9F794FBD5ED007A67EEA77AFD
:10E66000BDEC028BC4ED167AD5ED007A67EEA77A81
:10E670004FF00912C4ED207AD5ED017A67EEA77A42
:10E680000023C4ED2A7AD5ED027A67EEA77AC4EDAD
:10E69000347AD5ED027A67EEA77AC4ED3E7AD5EDED
:10E6A000027A67EEA77AC4ED487AD5ED037A67EE71
:10E6B000A77AC4ED527AD5ED037A67EEA77AC4ED56
:10E6C0005C7AD5ED047AC4F8A46167EEA77AC4E950
:10E6D0006720C4E96F77C4ED667A84F8B831F8BD75
:10E6E0002DE9F0412DED048B0B88012B04460D46DE
:10E6F000B0EE409AB0EE608A04D05D495D48EC22ED
:10E7000007F0C2FD6B88092B04D059495A48ED2205
:10E7100007F0BAFD5949DFF89081284604F5CE7715
:10E72000FFF7E0FE564A55493846FFF77BFE28EED4
:10E73000088A6B68424603F12401F0EE488AB3EC84
:10E74000017AF2EC017A8B42E7EE278AF7D1F4EEF8
:10E75000688AF1EE10FA04D745494A48F82207F0D2
:10E7600093FD494E234604F124013246F8EC017A28
:10E7700087EEA87AA2EC017AD3ED007AE7EE097A67
:10E78000E3EC017A8B42F1D1404A41482946FFF738
:10E7900049FE404A0023B7EE007AD2ED007A0133F9
:10E7A00077EEC77A1146092B02F12802C1ED007AF3
:10E7B000F3D139493548FFF795FE384A3348394691
:10E7C000FFF730FE3A4634493448FFF72BFEDFEDC1
:10E7D000346A9FED346A04F158050022F6EE005ABF
:10E7E00096ED007A28EE077AA5F1580329463746B8
:10E7F0001046D3ED167AF1EC014AB7EC015A67EEF8
:10E80000A57AE4EEA57AE7EE057AF4EE677AF1EE02
:10E8100010FA04D6F4EEE67AF1EE10FA16DDC3ED46
:10E82000166A41ED016A0130092803F12403E0D1A1
:10E830000132092A06F1040605F12805D0D1BDEC04
:10E84000048B012384F8B831BDE8F081824209D1FC
:10E85000F4EEC67AF1EE10FA04D583ED166A01EDF6
:10E86000016AE0E7C3ED167A41ED017ADBE700BF0C
:10E870004EFC0408A9FC0408BAFC04086019002036
:10E8800070190020D6FC0408B4CB001080190020B9
:10E8900068190020D8CB0010A8190020B01900205A
:10E8A0000000C842BD37863590CB001070B50446D5
:10E8B0001E461046D4B0234600224568D3ED007AA8
:10E8C000154495ED007AE7EE007A0432242AE3EC51
:10E8D000017AF2D13C4AFFF7A5FD3B49BFEE000AA1
:10E8E00008460AF01BFF20B138493948762207F064
:10E8F000CBFC384A0023B7EE007AD2ED007A013320
:10E9000077EE877A1146092B02F12802C1ED007AD1
:10E91000F3D103AD4FF4A27200212846D9F730FAA3
:10E920004FF00913284801AA3146CDE90135FFF718
:10E9300079FD04F15803294618464FF4A272D9F71D
:10E9400009F99FED257ADFED256A03460021B6EE31
:10E95000006AA3F1580218460D46D2ED167AF0EC83
:10E96000015A67EE867AE5EE867AF4EE677AF1EE82
:10E9700010FA04D6F4EEC77AF1EE10FA12DD82ED49
:10E98000167A00ED017A0135092D02F12402E4D155
:10E990000131092903F12803DBD1012384F8B831BF
:10E9A00054B070BDA94209D1F4EEE67AF1EE10FA46
:10E9B00004D5C2ED166A40ED016AE4E7C2ED167AAD
:10E9C00040ED017ADFE700BF90190020CFFB04087B
:10E9D0001EFC040808B900200000C842BD37863577
:10E9E0002DE9F0472DED0A8B1D46DDF84880D0F863
:10E9F000BC319FEDEC7A9DF84C909FEDEBAAA8EB13
:10EA0000030307EE903AF8EE677A044687EE878AAA
:10EA1000E648002304F5CE7A16460F46E44A5146EE
:10EA2000F7EE009AC0ED819AC0ED8B9AC0ED959AF1
:10EA3000C0ED9F9AC0EDA99AC0EDB39AC0ED779A48
:10EA4000D4ED0D7AC0ED6D9A67EE887AC0ED639AC9
:10EA5000C0ED667AD4ED107A67EE887AB6EE009A49
:10EA6000C0ED6F7AD4ED137A67EE887AB0EE696AFA
:10EA7000C0ED787AD4ED0E7A67EE887A68EE088A6F
:10EA8000C0ED677AD4ED117A67EE887AC0ED707ABE
:10EA9000D4ED147A67EE887AC0ED797AD4ED0F7AE6
:10EAA00067EE887AC0ED687AD4ED127A67EE887ADC
:10EAB000C0ED717AD4ED157A67EE887AC0ED7A7A76
:10EAC00094ED057AD4ED0E7AD4ED046A67EEC77A38
:10EAD00094ED0F7AE6EE877A68EE277AC0ED697AD0
:10EAE00094ED057AD4ED117AD4ED046A67EEC77A15
:10EAF00094ED127AE6EE877A68EE277AC0ED727AA4
:10EB000094ED057AD4ED147AD4ED046A67EEC77AF1
:10EB100094ED157AE6EE877A68EE277AC0ED7B7A77
:10EB2000D4ED057A94ED0D7AD4ED036A67EE877A19
:10EB300094ED0F7AE6EEC77A94ED107A68EE277AB4
:10EB4000C0ED6A7AD4ED057AD4ED036A67EE877A70
:10EB500094ED127AE6EEC77A94ED137A68EE277A8E
:10EB6000C0ED737AD4ED057AD4ED036A67EE877A47
:10EB700094ED157AE6EEC77A68EE277AC0ED7C7AD6
:10EB800094ED047AD4ED0D7AD4ED036A67EEC77A7A
:10EB900094ED0E7AE6EE877A68EE277AC0ED6B7A0E
:10EBA00094ED047AD4ED107AD4ED036A67EEC77A57
:10EBB00094ED117AE6EE877A68EE277AC0ED747AE2
:10EBC00094ED047AD4ED137AD4ED036A67EEC77A34
:10EBD00094ED147AE6EE877ADFED766A68EE277AAE
:10EBE000C0ED7D7AD5ED027A67EEC87AC0ED8A7AFB
:10EBF000D5ED017A67EE887AC0ED937AD5ED027A89
:10EC000067EE887AC0ED827AD5ED007A67EEC87A31
:10EC1000C0ED947AD5ED017A67EEC87AC0ED837ABB
:10EC2000D5ED007AC0F8103267EE887AC0ED8C7AA4
:10EC300094ED157A27EE267A27EE087A80ED8D7A04
:10EC400094ED147A27EE0A7A27EE087A80ED967A08
:10EC500094ED157A27EE0A7A27EE087A80ED857A08
:10EC6000C0F8383294ED137A27EE267A27EE087A28
:10EC700080ED977AD4ED147A67EEA67A67EE887AFB
:10EC8000C0ED867AD4ED137AC0F8603267EE8A7AE6
:10EC900067EE887AC0ED8F7AD5ED016AD5ED027AFC
:10ECA00095ED007A68EE266A68EE277A66EE896A44
:10ECB00067EE897A66EEE65A67EEE74AA5EE896A5C
:10ECC00028EE077AA4EE896A27EE097A80ED9F6A1A
:10ECD00027EE266AB0EE675AA6EE095AB0EE664AEB
:10ECE00080EDA05A27EE275A95EE094A80EDA14AF9
:10ECF000B0EE674A96EE094AB0EE696A80EDA84A1E
:10ED000027EE474A66EEA77AA4EE096AE5EE096A9D
:10ED1000B0EE464AA4EE894AF0EE474AA5EE896A6B
:10ED2000E7EE894A97EE897A80EDA94AC0EDAA4AB2
:10ED3000C0EDB16A80EDB36A80EDB27A1E48FFF78C
:10ED400071FB1E491C48FFF7CDFB1C491848524671
:10ED5000FFF768FBD4ED0DBA94ED100A94ED133A69
:10ED6000D4ED0E6A94ED116AD4ED143A94ED0FBA15
:10ED7000D4ED120A94ED154AD4ED055A94ED045AD7
:10ED8000D4ED034AD6ED021AD4ED00AA94ED011A8F
:10ED9000D4ED022A28EE8A2AB9F1000F00F0128180
:10EDA00010E000BF00007A44C3F51C4190CB001076
:10EDB00088190020C3F51CC158190020A019002093
:10EDC000BD37863568EE057A68EEA18A28EE247A8A
:10EDD00067EEA66A27EE866A68EE898A67EEA37AEE
:10EDE000E8EE258AE7EE037AE7EE2B6AA7EE006AE3
:10EDF000E8EE847AE8EE8B6AA8EEA06AE2EE497A41
:10EE00007AEEA66A72EEA77A31EE066AC4ED006A5F
:10EE100084ED016AC4ED027AD5ED017A95ED027AAE
:10EE200067EEE57AE5EE077AB0EE647AE3EE4A7AC9
:10EE3000A8EE277A84ED037AD5ED007A95ED027A73
:10EE400065EEA77AE7EE647AB0EE457AE3EECA7A29
:10EE5000A8EE277A84ED047AD5ED017AE4EEA71ABC
:10EE6000D5ED007AF0EE618AE5EE678AF0EE657A1C
:10EE7000E4EE4A8AE8EE287AC4ED057A95ED01AA17
:10EE800095ED00BAD5ED028A5FED33AA28EE0AAA05
:10EE900028EE0BBA2AEE0A0A28EE288AABEE0B0AF5
:10EEA000A8EE080AFFF75CFA70EE2ABA2BEE899AF0
:10EEB000B0EE490A0AF072FAB0EE40CAB0EE490A62
:10EEC0000AF0B4FA2AEE00AA28EE008A2BEE00BA65
:10EED0008AEE2B7A88EE2B5A8BEE2B6A94ED0A8AF7
:10EEE000D4ED095AD4ED0B6AD4ED0C7A28EE46AA7B
:10EEF0002CEE089A68EE458A27EE088AACEE25AA21
:10EF0000A6EE259AE7EE258AA5EE258AA7EE66AA43
:10EF1000A5EE269AECEE268AA6EE668AA5EE67AAEC
:10EF2000A7EE679AE6EE278AACEE278AB9F1000FC2
:10EF300023D197ED117AD4ED6A6A79EEC77A67EE3C
:10EF4000266AEAEE276AB0EE66AAD4ED6B6A67EE2F
:10EF5000266AE9EE276AB0EE669AD4ED6C6A67EE2F
:10EF6000266AE8EEA76AF0EE668AD4ED6D6A27EEAF
:10EF7000267AA8EE277AB0EE478A29EE090AAAEE89
:10EF80000A0AA8EEA80AA8EE080AFFF7E9F930EE87
:10EF90002A0A0123CAEE007A84F8B831C4F8BC8189
:10EFA000C4ED097AC9EE007AC4ED0A7AC8EE807A17
:10EFB000C4ED0B7AC8EE007ABDEC0A8BC4ED0C7A76
:10EFC000BDE8F08796ED017AD6ED007A28EE877AD3
:10EFD00068EEA77A27EE097A67EE897AA8EE057AB5
:10EFE000E8EE247A68EEA18A67EE266A27EE066AC2
:10EFF00068EE898A27EE237AE8EE258AA7EE837ADF
:10F00000E7EEAB6AA7EE806AA8EE847AE8EE8B6A38
:10F01000A2EE497AA8EEA06A72EE877A7AEEA66A24
:10F0200031EE066AC4ED006A84ED016AC4ED027A2D
:10F0300095ED027AD6ED007AE5EE077A95ED017A44
:10F04000E5EEC77AB0EE647AE3EE4A7AA8EE277A64
:10F0500084ED037A95ED027AD6ED017AE4EEC77A73
:10F0600095ED007AE5EE877AB0EE457AE3EECA7A5E
:10F07000A8EE277A84ED047AD5ED017A96ED027A2E
:10F08000A4EEA77AD5ED007AA5EE677AF0EE657A60
:10F09000A4EE4A7AE8EE077AEEE600BFD0F8C03177
:10F0A000DFED6A6AD31A07EE903AB8EE677A70B568
:10F0B000C7EE267AF5EEC07AF1EE10FA40F3B3808F
:10F0C000D1ED056A91ED077A67EEA66A27EE877A99
:10F0D00000F15806A7EEA67AD1ED086A37EE267A37
:10F0E000D0ED166AE7EE076AB6EE006AC0ED166A62
:10F0F000D1ED056A91ED077A67EEA66A27EE877A69
:10F10000A7EEA67AD1ED086A37EE267AD0ED206A0E
:10F11000E7EE076AC0ED206AD1ED066A91ED077A45
:10F1200067EEA66A27EE877AA7EEA67AD1ED086A7F
:10F1300037EE267AD0ED2A6AE7EE076AC0ED2A6A32
:10F14000D1ED056A91ED077AA7EEA67AD0ED346A83
:10F15000E7EE076AC0ED346AD1ED056A91ED077AF2
:10F16000A7EEA67AD0ED3E6AE7EE076AC0ED3E6AEA
:10F17000D1ED066A91ED077AA7EEA67AD0ED486A3E
:10F18000E7EE076AC0ED486AD1ED0B6A91ED097AA6
:10F19000A7EEA67AD0ED526AE7EE076AC0ED526A92
:10F1A000D1ED0B6A91ED097AA7EEA67AD0ED5C6AF3
:10F1B000E7EE076AC0ED5C6AD1ED0C6A91ED097A61
:10F1C000A7EEA67A0021D0ED667ADFED216AE7EEA0
:10F1D000077A9FED207AC0ED667AA6F1580334468F
:10F1E0000D46D3ED167AF4EC015A67EE867AE5EE19
:10F1F000867AF4EE677AF1EE10FA04D6F4EEC77A66
:10F20000F1EE10FA10DD83ED167A04ED017A013586
:10F21000092D03F12403E4D10131092906F128065F
:10F22000DBD1C0F8C02170BDA94209D1F4EEE67A65
:10F23000F1EE10FA04D5C3ED166A44ED016AE6E773
:10F24000C3ED167A44ED017AE1E700BF00007A448D
:10F25000BD3786350000C84270B52DED0A8B90F899
:10F26000B8610446002E00F08B81D0ED069ADFEDE8
:10F27000CF7A90ED079AD0ED088AB0EEE97AB4EE35
:10F28000E77AF1EE10FAB6EE008A0EDCF0EEC96A0B
:10F29000F4EEE76AF1EE10FA07DCF0EEE86AF4EE5D
:10F2A000E76AF1EE10FA40F3EB80F2EE047AB4EE86
:10F2B000E77AF1EE10FA40F1E380B0EEC97AB4EEED
:10F2C000E77AF1EE10FA40F1DB80B0EEE87AB4EEC6
:10F2D000E77AF1EE10FA40F1D38029EE090A9FEDAA
:10F2E000B4CAA9EEA90A04F5CE75A8EEA80AFFF7DC
:10F2F00037F830EE0CAA6AEE08AAB0EE6A0A0AF0F5
:10F300004DF8F0EE40CAB0EE6A0A0AF08FF869EEE6
:10F31000807A29EE007A87EE8A6AC7EE0A7A28EEAA
:10F32000807AD4ED095AD4ED0B6A87EE0A5A94ED2F
:10F330000AAA94ED0C7A2AEE2CBA6AEE46BAA6EE28
:10F3400025BAE5EEACBAA5EE26BA6AEE45AAE7EE16
:10F35000E6BAE7EEA5AAA7EEC7BA27EE8AAAE5EEB7
:10F3600047BAA5EE25AAE6EEACAA2BEE0B0AE6EE0E
:10F3700007AAA6EE66AAABEEAB0AA7EE2CAAAAEEE7
:10F38000AA0AAAEE0A0AFEF7EBFF30EE0C0A29EEF3
:10F39000089ACBEE807A874B8749884803F58162CB
:10F3A000B7EE007AC4ED097ACBEE007A29EE496A0D
:10F3B000C4ED0A7ACAEE807AF0EE476AC4ED0B7AA1
:10F3C000CAEE007A68EE888AE6EE086A68EEE85AC5
:10F3D000C4ED0C7AE5EE886A69EE887AC3EDF06ACE
:10F3E00027EE895AF0EE686AE5EE086AF0EE494ABF
:10F3F000C3EDF16A67EEA86A83EDC87AD6EE884A53
:10F4000083EDD27AC3EDF24AF0EE684AD5EE084AAF
:10F4100027EEE75A83EDDC7A83EDE67A83EDB47A62
:10F4200083EDBE7AA5EE087A69EE288AB0EE475AD7
:10F43000A5EE885AF0EE675AE8EE885AA6EE889A4A
:10F44000D8EE887AA6EE087AC3EDF94A83EDFA5A27
:10F45000C3EDFB5A82ED009A03F20C4203F582637E
:10F46000C2ED007A83ED007AFFF73CF8544A534826
:10F470002946FEF7D7FF504951482A46FEF7D2FFEA
:10F48000D4ED0A6AD4ED095A94ED0B7AD4ED0C7AD6
:10F4900026EEA66A75EEA53AB0EE465AA5EEA55A36
:10F4A0000023A36195EEA56AE3612362A7EE475AA4
:10F4B00004F158050022F0EE465AA7EEE75AE7EEAF
:10F4C000075A27EEA34A76EEA64A84ED0D5AB0EE0F
:10F4D000445A97EE245AE7EEE75AA7EE244AA7EEDD
:10F4E000476A66EEA36A84ED0E5AC4ED115A27EE00
:10F4F000235A77EE075AB0EE453A84ED104AB0EE43
:10F50000664AE7EEA56AA7EEA43A97EEA54A97EEFB
:10F51000A45AA7EEA76AC4ED146A9FED2A7ADFED1C
:10F52000246A84ED0F3A84ED124A84ED135A84ED77
:10F53000156AA5F1580329461046D3ED167AB1ECA9
:10F54000016A67EE887AE6EE087AF4EE677AF1EE01
:10F5500010FA04D6F4EEC77AF1EE10FA14DD83ED5A
:10F56000167A01ED017A0130092803F12403E4D170
:10F570000132092A05F12805DBD1002384F8B831CE
:10F58000BDEC0A8B304670BD824209D1F4EEE67ABA
:10F59000F1EE10FA04D5C3ED166A41ED016AE2E717
:10F5A000C3ED167A41ED017ADDE700BF17B7D13818
:10F5B000BD37863590CB00107819002050190020F7
:10F5C000981900200000C8422DE9F8432DED088B62
:10F5D0000D4604461646D0F80090D0F8048087689F
:10F5E0001022002105F12000D8F7CAFBC5F82490AD
:10F5F000C5F82880EF62D4ED047A94ED0E9AD4ED2C
:10F60000036A94ED0D7A94ED0F6AD4ED118A94EDAE
:10F61000148A27EE899A67EEA88AA7EE269A102206
:10F62000002194ED057A27EE888AA6EE079A05F167
:10F63000300094ED106AD4ED137AE6EE868AA6EED9
:10F64000A78A94ED126AD4ED157AE7EE068AA7EE42
:10F65000278AD8F795FB85ED0D9AC5ED0E8A85EDC5
:10F660000F8AD6ED017A94ED0E9AD6ED006A94EDEC
:10F670000D7A94ED0F6AD4ED118A94ED148A27EE79
:10F68000899A67EEA88AA7EE269A1022002196EDA5
:10F69000027AA6EE079A05F1400094ED106AE6EEB4
:10F6A000868A94ED126A67EE887AE7EE068A94ED10
:10F6B000136AE6EE867AD4ED156AE7EE267AB0EEA6
:10F6C000678AD8F75DFBF7EE007A78EE677A85ED0A
:10F6D000119AC5ED137AC5ED128A94ED0A8AD4ED1C
:10F6E000099AD4ED0C8A94ED0B9A28EE08AA29EE1B
:10F6F000A80AF0EE4A0AE9EEA90AA8EE090AE9EE1C
:10F70000490A30EE000AE8EEE80AD5F7DBF869EEC0
:10F71000C97AF0EE40AAE8EE287AB8EE000A27EEA1
:10F72000800AD5F79BF8F0EE4A0AD9EEA90A28EE2E
:10F73000298AF1EE49BAA9EE288AEBEE890AB0EEE1
:10F7400040BAE8EEA80A38EE080AD5F7BBF810224E
:10F7500000212846B0EE408AD8F712FBDFED0C7A84
:10F760002BEE67BA6AEEA7AA85ED02BAC5ED03AA29
:10F7700028EE270ABDEC088B85ED010AA06AE16A34
:10F78000226B636AEB6128616961AA61BDE8F88355
:10F79000E02E654230B58DB003AB04460D46242201
:10F7A00000211846D8F7ECFA094A95ED010AD4ED84
:10F7B000027AD5ED020ACDE901204FF07E5330EEFA
:10F7C000670A01A920460593FEF78AFF0DB030BDF8
:10F7D0000100090030B52DED028B8DB003AB0C4656
:10F7E0000546242200211846D8F7CAFAD4ED007A3B
:10F7F000D5ED005A95ED016AD5ED026A254AD4EDA2
:10F80000048A9FED258A75EEE75AD4ED017A36EE2B
:10F81000676AD4ED027A26EE067A76EEE76AA5EEFE
:10F82000A57ACDE90120A6EEA67AB5EEC07AF1EE72
:10F8300010FA0EDBB1EEC70AB4EE480AF1EE10FA88
:10F840000FD14FF07E5303938DED048A8DED058A21
:10F8500013E0124912485C2206F016FDB0EE480A89
:10F86000EFE785EE807A8DED037A86EE007A8DEDF6
:10F87000047A86EE807A8DED057AD4ED050A38EEAD
:10F88000C00A01A92846FEF72BFF0DB0BDEC028B84
:10F8900030BD00BF0100090000000000CFFB0408DC
:10F8A0001EFC04082DE9F04F2DED088BD1ED007AF8
:10F8B000D0ED006A91ED017A91ED026A91ED049A22
:10F8C0009FEDD2AA76EEE76AD0ED017A77EEC77A9D
:10F8D00090ED027A67EEA77A37EE467AE6EEA67AE0
:10F8E000DDB004460D46E7EE077AF5EEC07AF1EE9C
:10F8F00010FA2DDBF1EEE79A02AB18462422002124
:10F90000D8F73EFAC24A04F15801CDE900204FF47D
:10F91000A2720BA8D8F71EF995ED058ABD4A79EEBB
:10F92000699A28EE088A234604F120071868596866
:10F93000164603C60833BB423246F7D11868DFEDDE
:10F94000B6AA30600227B54E0BA8B44600232DE0BE
:10F95000B349B4485C2206F097FCF0EE4A9ACBE734
:10F96000FAEC017AA7EEA77A8A45F9D10DF12C0AB3
:10F970004FF0280B0BFB02AADAED007A77EEC77A7C
:10F98000B1EEE77A81ED007A01329A4201F1280165
:10F9900009F104090EF1040E08F124080BDD01330E
:10F9A000092B0CF1240C00F1240022D0B046E646CD
:10F9B0008146314600229A4210D09FED947AC34688
:10F9C000E246F2450ED1D9ED007AD1ED006A77EE2C
:10F9D000C77A87EEA67A8EED007AD5E79FED8B7A0F
:10F9E000C246C1E7FAEC016AFBEC017AA6EEA77AFF
:10F9F000E7E78D498D48FEF78FFD864BD5ED007A00
:10FA0000D3ED00BA93ED01BA7BEEE7BAD5ED017AFA
:10FA10003BEE67BAF1EEC88A2BEE0B7A93ED028AC1
:10FA2000D5ED027AABEEAB7A38EE678AA8EE087AAB
:10FA3000B5EEC07AF1EE10FAC0F22081F1EEC77A8D
:10FA4000F5EE407AF1EE10FA39EE677A00F01E8199
:10FA5000CBEEA76ACDED026ACBEE276ACDED036A45
:10FA6000C8EE276ACDED046A9FED71BA6B48F0EEDF
:10FA7000E87AF4EECB7AF1EE10FA48BF87EE0B8A03
:10FA80004FF0000258BF87EE288A9FED6A7A03463E
:10FA90001146D3ED007AF4EE677AF1EE10FA05D64E
:10FAA000F4EEC77AF1EE10FA40F3F88083ED007AB5
:10FAB0000131092903F12403EBD10132092A00F1B4
:10FAC0002800E4D19FED5C7A0023D6ED007A013363
:10FAD00077EE877A3246092B06F12806C2ED007AC6
:10FAE000F3D1564E4D49DFF8648155484FF4A27268
:10FAF000D8F730F87068FEF759FCD8F80400FEF724
:10FB000055FC4146304609F0D7FC20B144494548F0
:10FB10004D2206F0B9FB4B4A4B494C48FEF7A2FC7C
:10FB20004B494C4A0023F0EE005AB1EE006AF7EE62
:10FB3000006AB1EC017AF0EE657AE7EE077A0133FC
:10FB40001046092B67EEA77A02F1280286EE277A83
:10FB5000C6EE877AC0ED007AEBD13F4A3F49334881
:10FB6000FEF780FC3E4A30493B48FEF77BFCF7EE4F
:10FB7000087AE8EE087A3B49F0EE026A67EEA77A67
:10FB800068EEA88A86EEA77A6846B4EECB7AF1EEE4
:10FB900010FA4CBF88EE8B8A88EE878AFEF7BCFC91
:10FBA000314A30492E48FEF75DFC304A02AB104620
:10FBB000B0EE487A0921F3EC016AF0EC017A0139E0
:10FBC000A6EEA77AF7D12A4E2A481249234604F115
:10FBD000240CF2EC016AC6EE877AE6EC017A67EE55
:10FBE000A97AE0EC017AF3EC016A77EEA67A9C45FB
:10FBF000E1EC017AEDD120494FF4A2720BA8D7F7BE
:10FC0000A9FF012F5DD001279DE600BF0000000085
:10FC100001000900CCC700200000C8C224BB00209E
:10FC2000CFFB04081EFC0408181A0020081A002044
:10FC300017B7D1380000C8425F708930481A0020D9
:10FC40005CC80020381A0020681A0020F81900202B
:10FC500014C80020E4CA0020281A0020581A0020E6
:10FC6000E8190020B8190020D8190020DCBA0020BB
:10FC700094BA00206CCD0020ACBD00201749184874
:10FC80005C2206F001FBDFED177AD9E64FF07E53D8
:10FC900002938DED03AA8DED04AAE5E68A4208D011
:10FCA000F4EEEA7AF1EE10FA7FF502AFC3ED00AAA6
:10FCB000FEE6F5EEC07AF1EE10FA48BF83ED00AA39
:10FCC000F6E6094B094AB0EE690A69462046FEF796
:10FCD000EDFD5DB0BDEC088BBDE8F08FCFFB0408F7
:10FCE0001EFC040800000000E8190020C8190020CC
:10FCF00070B52DED088BDFED4C8A90ED028AD2EDC8
:10FD0000007A92ED017ADFED49AAD0ED039A90EDE9
:10FD1000049ADFED47BA9FED47BA474E96B0B4EE6E
:10FD2000688A04AB0D460446F1EE10FA4FF0240247
:10FD30004FF00001184648BFB0EE688A27EEAAAA25
:10FD400067EE2AAAD8F71CF8D4ED157A95ED057A56
:10FD500095ED010A394BD5ED030A67EEA96A27EE46
:10FD60002B7A68EE489A87EE0B6ACDE90060694607
:10FD70002046C6EEA95A86EE887A65EE866A37EE88
:10FD80006A7ACDED066AC7EE886A27EE067A20EE1B
:10FD9000280A83ED007A2A4B66EE866A60EEA80A8E
:10FDA00083ED000A30EE470ACDED076AFEF798FCB6
:10FDB0000DAB242200211846D7F7E2FFD4ED155AE7
:10FDC000D5ED057A95ED020A1E4BD5ED040A25EE18
:10FDD000897A67EEAB7A87EE296ACDE9026002A9DB
:10FDE0002046C7EE8B6AC7EE087A26EE267A77EEB3
:10FDF0008A7A8DED0F7A85EE887A67EEA67A20EE04
:10FE0000280AC3ED007A104B27EE267A83ED000A0C
:10FE100060EEA80A30EE670A8DED117AFEF760FCFD
:10FE200016B0BDEC088B70BDCDCCCC3D35FA8E3C08
:10FE300000000C42467C373F01000900BCCD002089
:10FE4000B4CD0020C0CD0020B8CD00202DE9F04F6A
:10FE50002DED048B8FB00DF11409DFF80CA10546D0
:10FE60000C468846834601F10C034F4624220021AC
:10FE700038460193D7F784FFB8EC010AFBEC017A0E
:10FE8000D4ED070A30EE670A4FF07E5603A92846E4
:10FE9000CDE903A749F8046BFEF722FC019B9845C6
:10FEA000E4D194ED035A94ED044A94ED056A94ED7F
:10FEB000067AD5ED0B7AD5ED0A4AD5ED0C5AD5ED7B
:10FEC000096A27EEC69A27EE858A67EEC78A67EE2B
:10FED000847AA4EEC48A24220021E4EE857A38468E
:10FEE000A4EEC79AE5EE867AA5EEC78AE6EE877A93
:10FEF000B0EE007AC7EE279AE4EE868AA5EE849AE1
:10FF0000E5EEC58AA6EE859AE6EE848AA6EE868A96
:10FF1000D7F736FF69EEA88AD4ED080A0B9629EECA
:10FF2000890A03A9284629EE888ACDE903A7FEF7A6
:10FF3000D7FB0027D4ED080A0B97B0EE680A03A997
:10FF400028460C96FEF7CCFBD4ED080A0C97B0EED1
:10FF5000480A03A928460D96FEF7C2FB0FB0BDEC78
:10FF6000048BBDE8F08F00BF010009002DE9F04FC0
:10FF70008DB003AFDFF848B005460C460E4680460C
:10FF800001F10C0AB946242200214846D7F7F8FEB1
:10FF9000B6EC010AF8EC017AD4ED030A4FF07E5377
:10FFA00030EE670A01A92846CDE901B947F8043BBC
:10FFB000FEF796FB5645E6D10DB0BDE8F08F00BFC9
:10FFC0000100090070B50D46164604464068FEF76C
:10FFD000F9F96868FEF7F6F97068FEF7F3F932464A
:10FFE0002946204609F068FB30B1BDE8704003495E
:10FFF0000348562206F048B970BD00BFCFFB040885
:020000040803EF
:100000001EFC040870B50D46164604464068FEF70F
:10001000FDF96868FEF7FAF97068FEF7F7F93246FD
:100020002946204609F048FB30B1BDE8704003493D
:100030000348562206F028B970BD00BFCFFB040864
:100040001EFC04082DE9F0432DED088BADB01F46D2
:1000500000F134036F4E01934B68029605460C463F
:10006000CDE903364FF0031914AB02A96846904658
:1000700004AA0593CDF80090FFF7A4FFDDED157AF3
:1000800095ED017ADDED166AA3689DED146A37EEF1
:10009000277AD5ED027A77EEA67AD5ED006A76EE6C
:1000A000866A93ED006A069676EEC66A0AAACDEDD8
:1000B000176AD3ED016A37EE667A06A98DED187AD4
:1000C00093ED027A17ABCDE90739236977EEC77A4A
:1000D000CDE9093608A81AABCDED197A0B93FFF7D5
:1000E00071FFDDED1B9ADDED1A8A9DED1C9AD4EDB2
:1000F00006AA29EEA98AA8EEA88AB5EEC08AF1EE72
:1001000010FA77DBB1EEC8BAD4E90903F0EE690A58
:10011000F0EE6A1AB0EE491AB0EE680A984794ED0C
:1001200007AA3AEE40AA4146F0EE4A0AB0EE4B0A60
:10013000384605F0BFFF002857D0B0EE6A0AD4F762
:100140002FFB29EE007AF0EE487AE7EE477A9FED32
:10015000327AF4EEC77AF1EE10FAF0EE40AA44DDFE
:10016000F5EEC07AF1EE10FA4CDBB1EEE77A1DAA9B
:100170000D924FF00312274B0E92E2680C93CDE9DB
:100180000F230CA920AB10AACAEE877A0EA81193F0
:1001900029EE687AF0EE696AD7EE276A29EE699A45
:1001A00086EE887AE9EE278A8DED1D7A88EE887AC8
:1001B000CDED1F7A8DED1E7AFFF704FF0021182286
:1001C00026A8D7F7DDFD209B2393219B2493229B18
:1001D0002593124B1293D4ED080A23ABB0EE4A0AD2
:1001E00012A928461393FEF77BFA2DB0BDEC088BBD
:1001F000BDE8F0830A490B489FED0BBA5C2206F07C
:1002000043F881E7064907485C2206F03DF89FED78
:10021000067AACE70300010017B7D13801000900E6
:10022000CFFB04081EFC040800000000F0B52DED13
:100230000C8BD0ED018AD1ED02AA90ED009A91EDE0
:1002400001BA90ED028A91ED03AAD1ED09BA91EDC0
:1002500005DAD1ED06CA91ED07CA78EEEAAA39EEC1
:100260004BBA2AEEAA6A38EE4AAAABEE0B6A8FB0F6
:100270001E4605ABAAEE0A6A05460C461746F1EE85
:10028000C69A242200211846D7F77AFD254ACDE9DF
:100290000320F5EE409AF1EE10FA3ED079EE4D6A69
:1002A00038EEEC7A66EEA65A78EE4C7AE7EE075A0C
:1002B000E7EEA75AB1EEE56AB5EE406AF1EE10FA44
:1002C0002BD0C6EE865A3A4621463046CBEE296AF6
:1002D00036EE690A75EEE66A3BEEC00ACDED056AB8
:1002E000C7EE066A8AEEA97A8DED010A36EEC77A64
:1002F0008DED067A87EE867ACAEE297A77EE677AEE
:10030000CDED077A05F052FE9DED010A28B1D4ED3E
:100310000A0A03A92846FEF7E3F90FB0BDEC0C8BDF
:10032000F0BD00BF010009002DE9F04F2DED0C8B51
:1003300090ED016AD1ED029AD0ED007A91ED019A2B
:10034000D0ED026A91ED03AA36EE697A37EEC95A0A
:1003500027EE077A76EECA5AA5EE057ADFB0044694
:100360000D46A5EEA57AF1EEC75AF5EE405AF1EE2C
:1003700010FA00F00B82D1ED05AA91ED06BAD1ED8D
:1003800007BA77EEEA7A36EEEB7A67EEA77A76EE80
:100390004B6AE6EEA67AE7EE077AB1EEE78AB5EEAB
:1003A000408AF1EE10FA00F0F18104AED1ED09CAF5
:1003B00024220021304638EE658AD7F7E1FCCF4B86
:1003C0004FF4A27204F158010DA8CDE90236D7F717
:1003D000C1FBD5ED0A8ACA4A3CEEC88A68EEA88AF3
:1003E000234604F1200C174618685968154603C5C2
:1003F000083363452A46F7D118689FEDC2DA2860B2
:1004000002230193C04D0DA8AC46002325E0FAEC71
:10041000017AA7EEA77A8A45F9D10DF1340A4FF097
:10042000280B0BFB02AADAED007A77EEC77AB1EE61
:10043000E77A81ED007A01329A4201F1280109F14F
:1004400004090EF1040E08F124080BDD0133092B19
:100450000CF1240C00F1240022D0A846E646814687
:10046000294600229A4210D09FEDA67AC346E24662
:10047000F2450ED1D9ED007AD1ED006A77EEC77A58
:1004800087EEA67A8EED007AD5E79FED9E7AC2467A
:10049000C1E7FAEC016AFBEC017AA6EEA77AE7E77E
:1004A0009A499B48FEF752F897ED017AD7ED006A1A
:1004B000D7ED027A37EE694A36EEC93A64EE045A4D
:1004C00077EECA4AE3EE035AE4EEA45AB1EEE56AC7
:1004D000B5EE406AF1EE10FA00F0FF8076EEEA6ABF
:1004E00037EE4B7A26EEA65A77EEEB7AA7EE075A4E
:1004F000A7EEA75AF1EEC55AF5EE405AF1EE10FA02
:1005000000F0EB80C6EEA53A7F480022C3EE066AF3
:10051000B1EEE8CA73EEE66ADFED7EDAC6ED006A98
:10052000C7EE256A84EE067A35EEC65A36EEC77AED
:100530003CEEC55A86ED017A87EEA57AC4EE867A3E
:10054000DFED756A77EE677A9FED747AC6ED027A11
:10055000F0EECC7AF4EEED7AF1EE10FA4CBFC5EE87
:100560002D8AC5EE0C8A03461146D3ED007AF4EECF
:10057000677AF1EE10FA05D6F4EEC77AF1EE10FACA
:1005800040F3B18083ED007A0131092903F124039E
:10059000EBD10132092A00F12800E4D19FED607A05
:1005A0000023D5ED007A013377EE877A2A46092BAE
:1005B00005F12805C2ED007AF3D15A4D5249DFF812
:1005C0007C8159484FF4A272D7F7C4FA6868FDF7E6
:1005D00005FFD8F80400FDF701FF4146284608F062
:1005E0006BFF20B1514952484D2205F04DFE514A52
:1005F00051495248FDF756FF5149524A0023F7EE40
:10060000085AB0EE026AF7EE006AB1EC017AF0EE39
:10061000657AE7EE077A01331046092B67EEA77A71
:1006200002F1280286EE277AC6EE877AC0ED007ABC
:10063000EBD1454A45493648FDF734FF444A334932
:100640004148FDF72FFFF0EE007AE8EEA87A414925
:10065000F1EE006A67EEA77A2CEE0CCA86EEA77A56
:1006600002A8B4EEED7AF1EE10FA4CBFCCEE2D8A72
:10067000CCEE078AFDF76AFF374A36493448FDF762
:1006800011FF364A30461146B0EE687A0923F0EC85
:10069000016AF1EC017A013BA6EEA77AF7D1304D61
:1006A00030481749234604F1240CF2EC016AC6EEE7
:1006B000877AE5EC017A67EE887AE0EC017AF3EC70
:1006C000016A77EEA67A9C45E1EC017AEDD12649E4
:1006D0004FF4A2720DA8D7F73DFA019B012B4DD024
:1006E000012301938EE68A4240D0F4EEE67AF1EEE1
:1006F00010FA7FF549AFC3ED006A45E70100090034
:10070000F0C700200000000068BC0020201A002074
:10071000101A002017B7D1380000C8C20000C84224
:100720005F708930501A0020A0C90020CFFB040858
:100730001EFC0408401A0020701A0020001A002035
:1007400038C8002028CC0020301A0020601A002071
:10075000F0190020C0190020E019002000BB002083
:10076000B8BA002090CD0020F0BE0020F5EEC07A8F
:10077000F1EE10FA48BF83ED00DA05E7064B074AB1
:10078000B0EE480A02A92046FEF790F85FB0BDEC33
:100790000C8BBDE8F08F00BFF0190020D0190020AD
:1007A00030B52DED028B8DB003AB044624221846E4
:1007B0000D460021D7F7E4FA94ED158A204AF0EEB1
:1007C000C87ACDE9012017EE900ADCF795FE1AA34E
:1007D000D3E90023DDF778F948B3B5EEC08AF1EE2E
:1007E00010FA24DDB0EE480AD4F704F8DFED157AEC
:1007F00030EE670AB5EEC00AF1EE10FA48BF9FED81
:10080000120AD3F769FE94ED027AD5ED020AC7EE1B
:10081000007A01A92046B7EE006AC6EE006A95ED9F
:10082000017ACDED056A37EE670AFDF759FF0DB085
:10083000BDEC028B30BD00BF9A9999999999B93F47
:1008400001000900920A063E0000000030B58DB09C
:1008500003AB04460D46202200211846D7F790FA34
:10086000094A94ED080AD5ED017AD5ED020ACDE9E1
:1008700001204FF07E5330EE670A01A920460B930A
:10088000FDF72EFF0DB030BD0100090010B5134B70
:100890001C78012C02D0022C16D010BD104B114A2E
:1008A0001A60114B03221A80104B1A78A242F4D01E
:1008B0000F481C704FF4C8620021D7F761FA204638
:1008C000BDE8104001F05AB8054B0A4A1A60064AC2
:1008D000138843F00F031380E6E700BF881A002057
:1008E000841A00204980030876D000207A1A00205C
:1008F000B8D000206989030807F09BBB08B501F058
:10090000C5F800F093FD034A138843F00F031380EA
:1009100008BD00BF74D00020024B1870024B187045
:10092000FFF7B4BF881A00207A1A002007B540EA02
:10093000810141EA021201230DF1060102208DF826
:1009400006308DF80720E7F7FFF803B05DF804FBE9
:1009500038B5154B1B7883B1144C217801290DD083
:10096000022911D0C1B9124D2B7833B10A460321A7
:100970001046FFF7DBFF23782B7038BD0C4D2B782A
:10098000012BFAD00022F3E7094D2B78022BF4D08B
:10099000002103220846ECE7BDE838400549064837
:1009A000BB2205F071BC00BF95D0002004D7002009
:1009B000791A0020E3FC040852BB040830B54B1C34
:1009C00050248B4201D1002009E0042BA8BF002352
:1009D00004FB03052D69022D02D11360012030BDF7
:1009E0000133EEE7032810B413D80B4B3D2202FB72
:1009F000003303F5307301F13C0251F8044B43F826
:100A0000044B9142F9D10A781A705DF8044B00F05A
:100A100021BD5DF8044B7047B8D000202DE9F04FA0
:100A20004FF461309BB0E7F777F8FDF7BFF900F0BE
:100A3000B3FF00F0D7FF00F0FFFFE7F705F90B2841
:100A400005D85849584840F2222205F01DFC00F014
:100A50005DFA40B95549564806F0A2F84FF0FF300C
:100A60000AF0AAFCFAE7534B012264201A700AF03C
:100A7000A3FC514B0025C3E90055504B1D605D6040
:100A800000240AA8E7F7D0F89DF82830FF2BF7D10B
:100A900001340C2CF5D14A4A4A4C0123137000262C
:100AA000E7F7CCF80B2840F20882DFF85CA14FF0A2
:100AB0000C094FF0000857465046E7F7B5F89AF88A
:100AC0000030FF2B08BF08F10108B9F101090AF154
:100AD000010AF1D11C2249463A48D7F751F9A8F149
:100AE0000C025342534123703B7803F003022271FE
:100AF000DA43C2F3C012A276C3F3C302C3F3800386
:100B000022766376304AB7F80130A3812F4B1188E3
:100B100019802F499278088823F8040C2D48897889
:100B20009A70078803F8021C807823F80C7C03F87D
:100B30000A0C63690A439B0012F0FE0F636106D042
:100B4000B8F10C0F03D01E4B83F8009095E70AF024
:100B5000CFFA23780746002B58D016B11E4807F06D
:100B600037FA1E4B26781A68974299D91C4A118881
:100B70001C4A11801C4A1D49108815801C4A088097
:100B800010881C4915801C4A088010781B49157074
:100B90001B4A0870117811B115701A4A1580C837B0
:100BA0001F607DE7E3FC040841FD04086CFD0408B8
:100BB000ED53020895D0002080D00020FCD6002004
:100BC00006D7002098D000208CD00020ACD0002088
:100BD0008FD0002092D00020C8CD0020F8D6002071
:100BE00076D0002074D000207ED000207CD0002061
:100BF00072D0002070D0002005D7002004D700203C
:100C000088D000207AD0002089D00020AE4E204627
:100C100000F0ACFF96F839366BB9D6F834360BB91C
:100C2000C6F8347696F838160F294FF0010240F0D6
:100C3000D58086F83926FFF729FEA44BD3F800802B
:100C4000B8F1000F8DD02379A149A28921F8132092
:100C5000DFF888B29F499C488DF81F500DF11F03A3
:100C6000019309AB00935A4608ABC047002863D0F4
:100C7000994ADDF8208013884FF0010A0AFA08FA31
:100C80001FFA8AFA4AEA03031380099B012B53D106
:100C90008D484246594607F038F9002844D09BF861
:100CA0008032022B1FD10BEB09030422D3F8501121
:100CB000022940F0BF80D3ED530A93ED520A04920B
:100CC00003F10800039307F08BFC039B049AD3F80D
:100CD00050111961013A03F15003E7D109F11409E8
:100CE000B9F1500FDFD17D493A464046F6F71CFA7C
:100CF000342303FB086393F8E433ABB1784B1A88D1
:100D00004AEA020AA3F800A09BF88032022B00F006
:100D10009380744B93F80090B9F1000F00F093802A
:100D2000B9F1010F00F0B7806D4B1A886E4B002AA5
:100D300000F0BD8002221A709DF81F30002B3FF496
:100D400010AFDFF884914FF00008CA4699F8AD3132
:100D5000002B39D009F5D7710AA806F019FC012338
:100D600003FA08FB614A1FFA8BF303930399138874
:100D70000B4313809AF8FC3204933D2303FB086372
:100D8000189AD3F8F8329A4204D19DF86430049A44
:100D9000934219D0D9F8B0215549564808F10103BA
:100DA00005F0FEFE5FFA88F00AA90590FFF71AFE2B
:100DB000059800F0D9FD049A4F4B002A79D01A8883
:100DC000039911430A461A8008F10108B8F1040F8B
:100DD00009F14C090AF13D0AB8D1C2E6237902FAB9
:100DE00003F30B4386F83836D6F83436FB1AB3F5DE
:100DF0007A6F7FF620AF41493E4886F8392605F0E4
:100E0000CFFEDFF8F0B0DFF800A14FF0000896F851
:100E1000383643FA08F3D90758BF3949424648BF24
:100E20005146584608F1010805F0BAFEB8F1040F22
:100E3000EDD100E71D614DE7384600F0FBFE0028CC
:100E40007FF467AF70E725491F48424607F0A6F8D0
:100E50002C4BCDF828901B78012B09D0022B7FF466
:100E600063AF1E480AAA4146FFF7A8FD20B95BE719
:100E7000B8F1010F7FF458AF0A9B18491248424657
:100E800000F01CFB4146154807F0BDF80A991348CD
:100E900007F0B9F848E711490B48424607F07EF8D9
:100EA0000E490948424600F0FDFB4146EFE70122AA
:100EB00041E71A8822EA0B0285E701200AF07CFA52
:100EC00000F0A6FEECE500BFB8D00020841A002098
:100ED000FCD600209CD000207ED00020C8CD002071
:100EE00072D00020781A002005D7002078D000208A
:100EF000E8FD0408ED5302087AD0002097FD0408AD
:100F0000D6FD0408881A0020C7FD04082DE9F74320
:100F1000E4F72AFE00240DF103008DF80340E4F706
:100F200084FE054638B93749374805F039FE28466A
:100F300003B0BDE8F0839DF803203449344D3248B6
:100F4000DFF80081DFF8009105F02AFEE4F798FE53
:100F500001200AF031FA2A463F214FF40030E4F72D
:100F600073FE0A22214685F83F40A81CD7F758FC9B
:100F7000074601A805F000FC204640344445CCBF9C
:100F8000A9EB040640262A46B1B200F50030E4F78A
:100F90005BFE3246294601A805F010FC1D4B9C4221
:100FA000EAD101A805F01EFC1B4E1C4A1C4B1D4932
:100FB000B04208BF13460446024613480CBF012541
:100FC000002505F0EDFDB4420DD13A4616490E4814
:100FD00005F0E6FDE4F71CFE144B00221A70144BDA
:100FE00001221A70A3E71349074805F0D9FD124AF8
:100FF00012490548334605F0D3FD1149024805F072
:10100000CFFDECE71CFE0408ED5302085CFE04086B
:1010100007D70020C096010094C72B1115FE0408C5
:101020009DD0040885FE0408A3FE0408891A002048
:1010300047D70020D6FE04089D96010017FF04083C
:1010400057FF04089C960100DD960100044B1B78B5
:101050001BB100F50030E4F7F7BD1846704700BF3C
:10106000891A0020F8B50E461746054678B105F5F1
:1010700000350024A64210DC0024311B00291BDDB2
:101080003A19601989B2BDE8F840E4F77BBDE4F78E
:1010900007FE0028EBD10020F8BD6319DBB20BB1CD
:1010A0000134E7E7002CE8D03A46A1B22846E4F73D
:1010B00069FD0028E1D1EEE70120EDE7034B187848
:1010C000034B1B780BB140F00600704747D7002058
:1010D000891A002030B58DB0082304468DF8003001
:1010E0000FCC01AD0FC50FCC0FC594E8070085E804
:1010F0000700684604F01CFE0DB030BD2DE9F04736
:101100004FF03408B8B008FB002881460C46404632
:1011100005A9409F429E1D4606F08AFC502101FB16
:1011200009440DEB010A4FF00009D4ED030A94EDD8
:10113000020A5146404609F1010906F087FCB9F15F
:10114000040F04F114040AF10C0AEED1002420ABC0
:10115000234414A900932A463B46214405A806F0DF
:1011600085FD002800F08B800C34302CEFD1DFF8A7
:101170001C8100242CAB234408EB0402419928462F
:101180000C3406F0BDFD302CF4D19DED207ADDED60
:10119000297A77EEC77A9DED217ACDED087ADDEDDB
:1011A0002A7A77EEC77A9DED227ACDED097ADDEDC8
:1011B0002B7A77EEC77A9DED237ACDED0A7ADDEDB5
:1011C000267A77EEC77A9DED247ACDED0B7ADDEDA8
:1011D000277A77EEC77A9DED257ACDED0C7ADDED95
:1011E000287A77EEC77A9DED2C7ACDED0D7ADDED7C
:1011F000357A77EEC77A9DED2D7ACDED0E7ADDED5D
:10120000367A77EEC77A9DED2E7ACDED0F7ADDED49
:10121000377A77EEC77A9DED2F7ACDED107ADDED36
:10122000327A77EEC77A9DED307ACDED117ADDED29
:10123000337A77EEC77A03ABCDED127ADDED347AEF
:101240009DED317A77EEC77A3A460EA908A8CDED22
:10125000137A06F087FDA8B104AB3A4611A90BA892
:1012600006F080FD70B19DED047ADDED037A77EE36
:10127000877AB6EE007A67EE877AC6ED007A38B0E4
:10128000BDE8F087002333600020F8E7E01A002073
:1012900000B507C88DB007238DF8003001AB83E897
:1012A0000700684604F044FD0DB05DF804FB000043
:1012B00070B5A0B0054613A81446059104F0AAFC29
:1012C000149B0A9317AE159B0B933046169B0C93F9
:1012D00004F0AAFC4FF00313CDE90836199B0D93D7
:1012E0001C9B0E931F9B0F9307AB029308AB0193BC
:1012F0000DAB009305990AAB05F56D722046FFF71B
:10130000FDFE40B100231093079B119310A8034BDF
:101310001293FFF7BDFF20B070BD00BF0AD7233C7A
:1013200038B50D4604464068FDF764F86868FDF777
:1013300061F82946204608F000FA30B1BDE838408F
:1013400002490348452204F09FBF38BDCFFB040883
:101350001EFC04082DE9F0473423304F4343FA18AC
:1013600094B092F8E4238046002A42D06C2603F51C
:10137000707346434FF003193B44CDE90239284DC1
:10138000CDF8049006F284433B4403A901A80493DA
:10139000FFF7C6FF0FCD0BAC0FC40FCD0FC406F285
:1013A000CC4A2B680298236006F595660BAB3E4449
:1013B000CDE90639CDF814900896FDF71BF806988C
:1013C000FDF718F80898FDF715F807AA05A901A870
:1013D000BA4408F071F920B112491348562204F0BA
:1013E00053FF4FF0031309A907A8CDE9093AFFF706
:1013F00097FF0123342003FA08F200FB0878B7F8BE
:101400003A3698F8E41331B113439BB2A7F83A3651
:1014100014B0BDE8F08723EA0203F7E7B8D0002054
:10142000A88E0408CFFB04081EFC040808B50020A1
:10143000FFF790FF0120FFF78DFF0220FFF78AFFE3
:101440000320FFF787FFBDE808400148F7F7C2BC5B
:1014500048BA0408032810B50ED8094A01233D24D0
:1014600003FA00F104FB0020B2F83C3690F8FC02CD
:1014700018B10B43A2F83C3610BD23EA0103F9E78B
:10148000B8D00020032870B4064612D80A4C342382
:101490000D4603FB00440FCD04F56D740FC40FCD52
:1014A0000FC40FCD0FC42B682360304670BCFFF70C
:1014B00051BF70BC704700BFB8D000202DE9F04F7D
:1014C00034252DED028B05FB02F9984600EB09034C
:1014D0009FED6C8A93F8E43397B004460E461746A6
:1014E000002B00F0C78005FB08F5431993F8E4339F
:1014F000002B00F0BF801422002109F56D796248AD
:10150000DFF89CA1D6F73CFC04EB090308EE903A07
:10151000502303FB07F903FB08F3039306F1580379
:101520004B440493039B05F56D7109F1080B0833D7
:10153000554D0593214406EB0B024FF00008A2EB3A
:10154000090353F80B00022837D105981B58022BCA
:1015500033D1039B09A8A3EB0903CDE900A01344F1
:1015600018EE900ACDE9061206F0C6FADDE9061279
:1015700018B3DDED097A9AED007A444838EE278AEF
:10158000D5ED007A836877EE877A9AED017AC5ED1A
:10159000007AD5ED017A77EE877A9AED027AC5ED79
:1015A000017AD5ED027A77EE877A08F101080133E6
:1015B000C5ED027A5FFA88F88360049B14329A4280
:1015C000BDD1B8F1040F324B51D12F4D314AD5ED79
:1015D000006A95ED017AD5ED027AB5EE006A66EE05
:1015E000866A27EE067A67EE867A28EE068A9FEDEF
:1015F0002A6AC5ED006AC2ED006AF0EEE66AF4EE12
:10160000466AF1EE10FA83ED008A85ED017AC5EDA8
:10161000027A82ED017AC2ED027A1ED8B0EEC77A64
:10162000B4EE467AF1EE10FA17D8F0EEE77AF4EE5F
:10163000467AF1EE10FA10D8184AEA6001222A74AC
:101640008DF828200FCD0DF12C0CACE80F002B6885
:10165000CCF800300AA804F06BFB3A46314620462D
:1016600017B0BDEC028BBDE8F04FFFF721BE0022A2
:101670001A60F2E7064B83ED008A17B0BDEC028BCF
:10168000BDE8F08F0000000064930020C41A002021
:1016900048D7002058D70020FFFF7F7F0AD7233C80
:1016A0004CD700202DE9F04F34232DED028B53430E
:1016B0001546C21893B092F8E42304468946002ADE
:1016C00000F0008191F88022012A0CD0022A00F05B
:1016D00087802A464946204613B0BDEC028BBDE800
:1016E000F04FFFF7E5BD7A4A8DF8315012680F923E
:1016F0006C2603F56D7203F570736E43C318019386
:101700003D2706F28443C3186F43029307F53073F5
:101710000244C31806F5956A06F2CC4607F53777FA
:1017200009920393002283190D920493694A6A4E29
:101730001192C3194FF05008684F0593824408FB7B
:1017400005184FF0000BD8F810008DF830B00228C3
:101750003ED1D8ED007A624BCDED0E7A0C20F5EE3D
:10176000407A00FB0B30F1EE10FA089013D0019B89
:101770000A930020029B0B938DF83200039B109379
:1017800007A8FFF7A7FC56F8253098680130986045
:10179000B8680130B860D8ED017AF5EE407AF1EE24
:1017A00010FACDED0E7A13D0049B0B930120059B0C
:1017B0008DF8320007A81093CDF828A0FFF78AFC17
:1017C00056F82530986801309860B8680130B860E4
:1017D0000BF1010BBBF1040F08F11408B3D178E74A
:1017E000404ADFF8FCB012680F9203F56D7203F502
:1017F000707303440A936C2303FB050303F28443D1
:101800000B93394B11933D236B4303F5307803F56C
:1018100037730244C31850269FED348A2E4F099225
:101820008DF831508044019306FB05164FF0000AF5
:10183000D6F850318DF830A0022B3BD1D6ED507A3E
:101840000C23F5EE407A03FB0AB3F1EE10FA08938D
:10185000CDED0E7A12D0264B0D9307A800238DF8FC
:101860003230CDF84080FFF735FC57F825108B68F3
:1018700001338B6019498B6801338B60D6ED517A47
:10188000F5EE407AF1EE10FACDED0E7A12D0019B12
:10189000109307A801238DF832308DED0D8AFFF7E4
:1018A00019FC57F825108B6801338B600B498B6846
:1018B00001338B600AF1010ABAF1040F06F1140634
:1018C000B6D106E713B0BDEC028BBDE8F08F00BFC8
:1018D000101B00200977030888FF0408C41A0020A1
:1018E000E01A0020141B00205D780308920A063FCE
:1018F000920A06BF70B5032886B0054616462AD858
:1019000029B30246154901A8F8F70EFA3422144902
:101910004FF46D7312FB0533194401A8EBF74EFE2B
:1019200004468EB10F492A4601A8F8F7FDF984B1A3
:101930004FF430713D2212FB0515094901A82944D5
:10194000EBF73CFE00F00104204606B070BD012418
:10195000E7E72046F6E70124F6E700BF98FF040812
:10196000B8D00020A6FF04080328014602D8024888
:10197000FCF7E0BC704700BFF56C020807B5012218
:101980008DF807000DF107010248EBF717FE03B0D1
:101990005DF804FBFFFF040807B50E4805220DF1B2
:1019A0000301EBF751FE38B90B490A480222EBF765
:1019B00005FE03B05DF804FB07490DF10300D6F7FF
:1019C000D3FB0028F5D005490548722204F05CFCE1
:1019D000EFE700BF0D000508B8FC0408C5E40408E3
:1019E000ABD804082DE9F041104D114FDFF84480C9
:1019F00086B0002495F8E43383B9E6B2324639461E
:101A000001A8F8F791F90B49342201A8EBF71CFE65
:101A1000342803D141463046FFF734FD0134042C0D
:101A200005F13405E6D106B0BDE8F081B8D000205C
:101A300098FF0408A4D700202DE9F041104D114F64
:101A4000DFF8448086B0002495F8FC3283B9E6B212
:101A50003246394601A8F8F767F90B493D2201A83B
:101A6000EBF7F2FD3D2803D141463046FEF7BAFFC1
:101A70000134042C05F13D05E6D106B0BDE8F08146
:101A8000B8D00020A6FF040864D7002007B5074897
:101A900001220DF10701EBF7D7FD012803D19DF8D5
:101AA0000700FEF739FF03B05DF804FBFFFF0408F1
:101AB000F7B52C4C94F940305A1C4AD0E56B94F899
:101AC00021001B0543EA950394F84150032243EAA1
:101AD00045430E2111FB002101936218BDF804500B
:101AE000A06A9DF8063065529370218D94F82A30D3
:101AF0005371A2F8031047F6FE75063200214FF627
:101B0000FC7694F942300B41DB0724D504EB8103CA
:101B1000DB6A1B1A5F19B7421DD81BB201310429B9
:101B200022F8023BEDD16378FF220E3384F8402087
:101B300094F821200025DBB2637084F84250E563FD
:101B4000A5625AB12BB10848F5F73EFD657084F8DF
:101B5000215003B0F0BD47F6FF73DFE7012384F89F
:101B60002130F6E7181B0020191B002070B5274C08
:101B700023780546002B47D08268A36A9A4288BF23
:101B8000636A626288BFD31A94F9402098BF002329
:101B9000013204D0B3F5803F01DBFFF789FFAB8949
:101BA000AE6806EB5306AB7E73B194F940202B7EF2
:101BB000511C21D184F840306B7E003B18BF0123BB
:101BC00084F84130AB68A3626B6913B1E363AB681F
:101BD000A3622B7904EB8303DE622A79012393400D
:101BE00094F8422013435BB20F2B84F842300BD1A0
:101BF000BDE87040FFF75CBF9A42E5D0FFF758FFA1
:101C00002B7E84F84030DDE770BD00BF181B00203C
:101C100010B5074C237853B1FFF74AFF637833B10F
:101C2000601CF5F7D1FC0023637084F8213010BDEF
:101C3000181B002038B5204A204913680C6801336E
:101C4000844213601E4C2FD21E4D9FED1F7A07EE6B
:101C5000903A2B682860F8EE677AC31A67EE877AA5
:101C600007EE103AB8EE477A184BC7EE876A1B8822
:101C70006430086007EE103AB8EE477A144BB4EEC1
:101C8000E67AF1EE10FADDBF87EE266AF7EE007A0B
:101C900077EEC67ADFED0F7AC3ED007AFEEEE07ADA
:101CA0000023C4ED007A1360D6F754F923689842F4
:101CB000D4BF0020012038BDE0D70020E4D70020A9
:101CC000DCD70020E8D7002000007A445C1B00200D
:101CD000D8D70020000000002DE9F743DFF8A891D5
:101CE00099F80030F0EE402A002B40F0A980564EC3
:101CF000564F574B3978D3ED003A96ED082AD6ED7A
:101D0000071A96ED061AD6ED050A9FED523A8DEDAB
:101D1000010A30469FED500A504D514CDFF86C815E
:101D200007F022FA4F4B3978D3ED003A95ED082AA7
:101D3000D5ED071A95ED061AD5ED050A9FED453A42
:101D4000DDED012A9FED440A284607F00DFA464BC7
:101D50003978D3ED003A94ED082AD4ED071A94EDC2
:101D6000061AD4ED050A9FED3B3ADDED012A9FED01
:101D70003A0A3E4F204607F0F7F930469FED3C0AFD
:101D80003C4E07F0C5FA28469FED390A3A4D07F058
:101D9000BFFA20469FED390A394C07F0B9FA98F896
:101DA0000010D7ED003A9FED2B3ADDED012A96EDBC
:101DB000082AD6ED071A96ED061AD6ED050A9FED0C
:101DC000260A304607F0D0F998F80010D7ED003A0F
:101DD0009FED203ADDED012A95ED082AD5ED071A91
:101DE00095ED061AD5ED050A9FED1B0A284607F06A
:101DF000BBF998F80010D7ED003A9FED163ADDEDEB
:101E0000012A94ED082AD4ED071A94ED061AD4EDB0
:101E1000050A9FED110A204607F0A6F9B3EE040A61
:101E2000304607F075FAB3EE040A284607F070FA58
:101E30009FED140A204607F06BFA012389F8003061
:101E400003B0BDE8F08300BF901C0020F0D7002055
:101E5000641B00200000FA4300000000D01B00209B
:101E6000501D0020681B00206C1B0020601B002000
:101E700033330542301C0020701B002033B326434F
:101E8000F01C00200000B4439C270020ECD7002069
:101E9000014B1878704700BF9C27002008B53D48CB
:101EA0002DED068BB0EE408AB0EE610AF0EE609A3E
:101EB000F0EE418AB0EE42AAB0EE629A07F032FA32
:101EC000B0EE480A33489FED348A002107F06EF9DE
:101ED000B4EEC80AF1EE10FA4CDCDFED307AB4EE65
:101EE000E70AF1EE10FA48D4FDEEC07A17EE903A08
:101EF0001BB22B4A2B481380B0EE4A0A07F012FAA5
:101F000028480021B0EE690A07F050F9B4EEC80A7B
:101F1000F1EE10FA33DCDFED217AB4EEE70AF1EEF0
:101F200010FA2FD4FDEEC07A17EE903A1BB21E4A7B
:101F30001E481380B0EE490A07F0F4F91B4800214F
:101F4000B0EE680A07F032F9B4EEC80AF1EE10FA02
:101F50001ADCDFED127AB4EEE70AF1EE10FA16D4CD
:101F6000BDEEC00A10EE103A1BB2114A1380BDEC50
:101F7000068B08BD47F6FF73BBE70E4BB9E747F684
:101F8000FF73D4E70B4BD2E747F6FF73EDE7094B3E
:101F9000EBE700BF901C002000FEFF4600FEFFC6DE
:101FA000F2D70020D01B0020EED70020501D0020CB
:101FB000F8D700200180FFFF70B506462DED068B97
:101FC0001A48B0EE40AAB0EE610AB0EE609AB0EEE8
:101FD000418AF0EE429AF0EE628A14460D4607F00E
:101FE000A1F900211148B0EE4A0A07F0DFF81048C5
:101FF00086ED000AB0EE690A07F094F900210C485A
:10200000B0EE490A07F0D2F80A4885ED000AB0EEB2
:10201000680A07F087F9B0EE480A0648012107F080
:10202000C5F8BDEC068B84ED000A70BD301C0020A5
:10203000701B0020F01C0020014807F06CB900BFA5
:10204000301C0020014807F066B900BF701B00205B
:1020500000B52DED028B144883B0F0EE608AB0EE2F
:10206000418A07F058F9B0EE680A104807F053F9B2
:10207000B0EE480A0E4807F04EF99FED0E0A0E48E2
:102080008DED010A07F047F99DED010A0B4807F0B5
:1020900042F99DED010A0A4803B0BDEC028B5DF8E0
:1020A00004EB07F038B900BF301C0020701B002083
:1020B000F01C002000000000901C0020D01B00201D
:1020C000501D0020044B1B880380044B1B880B8091
:1020D000034B1B8813807047F2D70020EED70020F7
:1020E000F8D70020014B93ED000A7047F4D7002089
:1020F000DFED197A30EE000A10B587EE800A04464B
:10210000D2F74EFB0023E361A361636123619FED7E
:10211000137AC0EE077A60EE006AF7EE005A36EEE8
:10212000A77A36EEE56A76EEE77A37EE257A36EE6E
:10213000066A77EEA57A86EE075A87EE876AC6EEBC
:10214000877A84ED005AC4ED027A77EEA77A84ED9F
:10215000016AC4ED037A10BD6F12033B8104353F61
:10216000D0ED046AD0ED037A90ED027A90ED056A25
:10217000D0ED015AC0ED056A66EEA77A80ED040A3B
:10218000E0EE077AE7EE067A90ED067A90ED006AC7
:10219000E6EE477A90ED076A80ED077AE5EEC67ABB
:1021A000C0ED067A7047000070B5174CDFED175A86
:1021B00094ED4D7AD4ED4E7A27EE257A67EEA57A26
:1021C000B7EE006AC6EE076A86B003AE403400255B
:1021D00086EE277ACDED036ACDED046A8DED057AA2
:1021E000B6EC010A20468DED010A0135FFF780FFAC
:1021F00004F160009DED010AFFF77AFF032D04F161
:102200002004EDD106B070BDB41D0020DB0FC94025
:1022100008B50B4B00225A609A60DA609A62DA6263
:102220001A63DA611A625A62FFF7BEFF9FED050A70
:10223000FFF752FD02F052F9BDE8084001F06FBE11
:10224000B41D00206F12033BFFF722BE2DE9F843B7
:102250002DED028B1E460A9B914613F001074FF0AD
:10226000000280460D4602742FD191F87E209FED2A
:10227000DE7A022A40F01782DC4A91ED086AD2ED3C
:10228000037ADFEDDB6AE6EE267A3946DFEDD96ABE
:10229000C2ED037AF4EEC77AF1EE10FA00F3FC8196
:1022A00009B1C2ED037AD2ED037A9FEDD37ADFED67
:1022B000D16AF4EEC77AF1EE10FA00F1F1819FEDE8
:1022C000CF7A67EE877AC2ED037A0A22B3FBF2F186
:1022D00002FB1133CA4C53B9CA4B1B78002B40F098
:1022E0002082C249C84833462A4602F037FA002FF6
:1022F00040F05C81C34B1B782BB1C44B324629465E
:10230000484601F00FFE95F87B30002B40F0E98144
:102310006A6BBD4B1A6095F87920B44B9FEDB78A74
:10232000002A40F0E681D5ED027A67EE887AC3EDA7
:10233000017A95F87A20002A40F0E481D5ED037AFD
:1023400067EE887AC3ED027AD3ED017A96ED010A41
:1023500094ED447AAE4FD6ED026AE0EE487A67EE2D
:10236000277A94ED457AC7ED017AD3ED027AE6EE4D
:10237000C87AD6ED036A67EE277A94ED467AC7ED00
:10238000027AD3ED037A95F87C30E6EE887A022B58
:1023900067EE277AC7ED037A07D1D5ED067A67EEA7
:1023A000887AC7ED017AFFF747FE95F87D30022B5A
:1023B00009D1D5ED077A96ED020A67EE887AC7ED66
:1023C000027AFFF73FFED9ED047A924B99ED030AAA
:1023D000914868EE677A20EE080AC3ED017AD9EDDC
:1023E000057A83ED000A28EE678A002183ED028AD0
:1023F000FFF7B6FE93ED010A2030FFF7B1FE203063
:1024000093ED020AFFF7ACFE9FED847AA0F1E002A3
:10241000AC38D2ED2E7AD2ED2F6A77EEE67A013122
:1024200067EE877A0329E0EC017A02F12002F0D10D
:102430007B4894ED0A0AFFF793FE94ED0B0A2030D7
:10244000FFF78EFE94ED0C0A2030FFF789FED3EDE6
:10245000017A97ED026AD7ED036A93ED007AD7ED22
:10246000015A36EE676AD3ED027A6E4B76EEE76A72
:10247000D4ED487A26EE276AD4ED497A84ED026AD3
:1024800066EEA76A75EEC75AD4ED407A94ED477AA6
:10249000C4ED036AB7EE005A65EE875A85EE277AD7
:1024A000D4ED0D7AC4ED015A75EEE75A27EE257A80
:1024B000D4ED415A84ED047AC5EE257AD4ED0E5A56
:1024C00036EE656AD4ED0F5A67EE867A76EEE56AE7
:1024D00094ED436AD4ED065AC4ED057AE6EE256A1A
:1024E000D4ED425A76EE255A85EE256AD3ED005A90
:1024F00066EE266A94ED166AC4ED066A37EE067A31
:1025000094ED1E6A77EE867A94ED266A36EE866A38
:10251000F1EE656AB4EEE67AF1EE10FA00F1FB80B6
:10252000B4EE657AF1EE10FAC8BFB0EE657AF4EE5B
:10253000E67AF1EE10FA84ED077A00F1EF80F4EE1E
:10254000657AF1EE10FAC8BFF0EE657AB4EEE66A8D
:10255000F1EE10FAC4ED087A08D4B4EEE56AF1EEB3
:1025600010FAD4BFF0EE466AF0EE656A94ED0A6A9E
:10257000D4ED4A5AC4ED096A37EE467AA5EE876A69
:1025800094ED0B7A84ED0A6A77EEC77A94ED4B6A84
:10259000A6EE277AD4ED0C7A84ED0B7A76EEE76A14
:1025A00094ED4C7AE7EE267AC4ED0C7A164BD3ED17
:1025B000007A1D4BC4ED007A93ED007AF4EEC77AF1
:1025C000F1EE10FA49D5F5EE407A0023F1EE10FA5B
:1025D0006360A360E360A362E3622363E361236259
:1025E00063623AD122E000BF0000344304D80020E7
:1025F0006F12033B0000B443000034C335FA8E3C35
:10260000B41D0020F01E0020FCD7002050D8002070
:1026100030D8002024D80020541E00200000FA43A7
:10262000F41D0020B01D0020F41E002096ED031ABA
:10263000D6ED020A96ED010AFFF70AFD96ED0B1A98
:10264000D6ED0A0A96ED090A02F046F9D6ED037AAC
:10265000364BF1EE677AC3ED037A2368C8F8083089
:10266000D4ED077AFDEEE77ABDEC028B17EE903AD7
:10267000A8F80030D4ED087AFDEEE77A17EE903A2C
:10268000A8F80230D4ED097AFDEEE77A17EE903A19
:10269000A8F80430BDE8F88377EEE67A0121F9E581
:1026A00077EEA67A05E6D1ED047ADFED216AF4EE45
:1026B000C77AF1EE10FA0EDC9FED1E7ADFED1C6A90
:1026C000F4EEC77AF1EE10FA08D49FED1B7A174AA0
:1026D00067EE677AF7E577EEE67AE8E777EEA67ACF
:1026E000EEE7164B1B78002B3FF415AE144BDA685F
:1026F0000FE6124A1278002A3FF41BAE104A5268C5
:102700005A6016E60D4A1278002A3FF41DAE0C4AB4
:1027100092689A6018E6B0EE667A08E7F0EE667A9C
:1027200014E7002F7FF442AFE7E500BF04D8002094
:102730000000B443000034C335FA8E3CF01E002084
:1027400050D800200023C364036543658366C366D5
:10275000036770472DE9F0432DED108B83B092EDA8
:102760000F8A1A9F92ED109AD7ED097AD2ED118A4D
:1027700092ED15BADFEDF5DAD0ED096A92ED135A54
:10278000D2ED145A97ED0D3AD7ED0E3A38EE678A2E
:10279000D7ED0A7A39EE679AD7ED0B7A78EEE78AA9
:1027A000D7ED0F7A3BEE67BAD0ED157AE8EEAD7A49
:1027B00004460E46F1EE669AF4EEE97AF1EE10FA6E
:1027C0001546984608D4F4EEE67AF1EE10FAD4BF36
:1027D000F0EE679AF0EE669A94ED137AD4ED056AFE
:1027E000C4ED159AA8EE2D7AB1EE666AB4EEC67AFB
:1027F000F1EE10FA00F1D882B4EE667AF1EE10FA3A
:10280000C8BFB0EE667AD4ED147A84ED137AE9EE9F
:102810002D7AB4EEE76AF1EE10FA00F3C882F4EE16
:10282000676AF1EE10FA48BFF0EE667AC4ED147AEA
:1028300095F879909FEDC6AAB9F1010FF7EE00AABD
:1028400040F0B88294ED024AD4ED006A95ED176A23
:10285000D4ED034A28EE048A29EE049AA6EE868A6D
:1028600035EE436AA6EE248A94ED046AA7EE068A42
:1028700095ED187AA6EE879A35EEE37AA7EE249ABC
:1028800095ED197AA7EE869ADFEDB37A37EE277ABF
:10289000D4ED067A68EEA78AE6EE878AD4ED077A49
:1028A000EBEE278AD4ED087AE9EEA78A95F87E3018
:1028B000022B9FEDA8DA40F09F82D5ED087A97EDC4
:1028C000030AA7EEAD0AB9F1010FD7ED05CA97EDDE
:1028D00004EAD7ED069A97ED07BA3CEEACCA7EEE55
:1028E0000EBA6CEE8CEA3FD079EEA96A6CEEAB7A48
:1028F0003AEEEE7AEBEE267AA9EEE67A67EEA76A72
:10290000E7EE076A76EE8D6AB1EEE66A8AEE865ADF
:1029100067EE857A27EE057A25EE0D5AF0EE676AA6
:10292000D5EE0D6AB0EE476A66EE896AA5EE4D6A8D
:10293000E8EE076A6DEE475AB0EE667A66EE096A0F
:10294000E7EE8D5AE8EE276A25EE899AF0EE667A70
:10295000A8EE059AA8EE8D7AE8EE8D7AB0EE478A59
:1029600078EE898AB0EE679A69EE097AE8EE087A1D
:10297000E8EEA87AB1EEE77A60EE0A7A8AEE87FA94
:10298000B0EE670A68EE0FFA29EE0FDA28EE8FFA3A
:10299000C4ED1DFA84ED1EDA84ED1FFACDED017A47
:1029A000D1F79AFDDDED017A8DED000AB0EE670AF0
:1029B000D1F7BCFEDFED673ADDED002A63EEEF6A8A
:1029C0002FEE406AE2EE8F6AADEE236A6DEE622A68
:1029D00066EEA67AE0EE2F2AE6EE067A6EEE0E0A94
:1029E000E2EEA27AF0EE004AB1EEE77AFFEE005A8C
:1029F000CAEE877AE0EEA45A2CEEAC1AB0EE657AF5
:102A0000A1EE247A66EEA71A62EEA72A26EE276ABE
:102A1000F0EE4D7AE7EE227A2CEEA17A2EEE065AEF
:102A200027EE297A29EEA93AA9EE857A2CEECE5A1C
:102A30002FEE464AA5EE2F7A29EEEC5AA0EE8D7ABB
:102A4000A2EEAF4AA3EE0D7A2FEEE12AA5EE0F7AA1
:102A500031EE8F5AE7EE647A2FEEE97AA6EE0D2A70
:102A6000ACEEC67A6DEE626AAEEE057A3BEE0B5ABC
:102A7000E1EE8F6AE5EE077A24EE695A31EE031A29
:102A8000ACEE825A32EE6F7A2CEE855AE3EE245A7F
:102A9000A2EE205AB1EE4E0AA1EE6F5A26EEE91AC6
:102AA000D5ED08FAACEE8D1A29EE8DDAA9EE8F1A63
:102AB000AEEE04DA36EE8FFAAEEE015AACEECFDAB5
:102AC0002CEEA21AABEE0D5AAEEE021AA5EE647A07
:102AD0002EEE265A76EEA16AACEE865A66EE8B6A28
:102AE000AEEE615AECEEC26A2BEE011AEEEE226AED
:102AF000ACEE851AB0EE465AA1EE645A76EEA66A9E
:102B000036EE066AA9EEA65AD8ED044AD8ED032A95
:102B1000D5ED071AA3EE465A64EE8A4AA4EE255A6A
:102B2000D4ED165A95ED064A98ED053AF4EE655A3D
:102B3000F1EE10FA62EE8A2A24EE0A4A61EE8A1A4F
:102B4000B1EE646A40F083810EE000BF6F12033B78
:102B500035FA8E3C00000000C3F51C41E02E6542B2
:102B60000000FAC60000FA46D4ED186A72EEE55A83
:102B700074EE666A76EEE56AD4ED175A86EEADEA33
:102B8000D4ED196A71EEE66A76EE655AF1EE666A80
:102B900076EEE56A86EEAD1AC4ED162A84ED176A64
:102BA000D5ED066AD4ED1A5A66EE8A6AE7EEED5A5A
:102BB000C4ED186AD5ED076A66EE8A6AC4ED196A33
:102BC000D4ED0D6AB1EE662AF4EEC25AF1EE10FAB7
:102BD00000F14281F4EE665AF1EE10FAC8BFF0EE51
:102BE000665A94ED1B6AC4ED1A5AA7EE2D6AB4EE2C
:102BF000C62AF1EE10FA00F33281F4EE466AF1EEE5
:102C000010FA48BFB0EE666AD4ED1C6AD4ED110A22
:102C100084ED1B6AE5EE6D6AB1EE602AF4EEC26ADD
:102C2000F1EE10FA08D4F4EEE06AF1EE10FAD4BF37
:102C3000B0EE662AB0EE602AD4ED0E6A84ED1C2A4E
:102C4000CDED006A95F87B30D4ED106AD4ED0ADA48
:102C500094ED0BDAD4ED0CCAD4ED120A94ED0FFA10
:102C6000CDED016A002B40F0FD80D5ED0D9AC6ED4B
:102C7000029AC4ED209A98ED030A20EE0A0A84ED28
:102C8000240A98ED040A2AEE400A84ED250A98EDFC
:102C9000050A20EE0A0A84ED260AD8F80830C4F89E
:102CA0009C3096ED020AB5EEC00AF1EE10FA40F340
:102CB000FC8034EE624A6DEEE77AE4EE0D7A1FEDA9
:102CC000574AE5EEAC7A5FED5A5AE0EE8E7AF4EEB2
:102CD000E57AF1EE10FA00F1DC80F4EE447AF1EEE0
:102CE00010FAC8BFF0EE447A74EEE14A27EE2D7A6E
:102CF000FDEEE77AA4EE8D7A17EE903AA6EE2C7AE6
:102D00001BB23380A0EE817AB4EEE57AF1EE10FAD0
:102D100000F1C280B4EE447A5FED6E7AF1EE10FA03
:102D2000C8BFB0EE677A2AEE433ADDED007AAFEE27
:102D30008A3A67EEC56ADDED017AE3EE0F6ABDEE11
:102D4000C77AE2EE276A17EE102AF4EEC46AF1EEB3
:102D500010FA728000F3A380F4EEE56AF1EE10FA47
:102D600000F1A080F1EE666AFDEEE66A07EE903AA9
:102D700016EE902AF8EEE77AB280C4ED217AB6F921
:102D8000023007EE903AF8EEE77AC4ED227AB6F90F
:102D9000043007EE903AF8EEE77AC4ED237A03B0F8
:102DA000BDEC108BBDE8F083B0EE467A2BE5F0EE7B
:102DB000467A3BE595ED030A20EE0A0AD1F7B6FC08
:102DC000B1EE408A95ED020A20EE0A0AD1F7AEFC78
:102DD00095F87B30012BB1EE409A0AD1D4ED067AFA
:102DE00094ED007A68EEA78A5FEDA57AE7EE278A70
:102DF00054E5F0EE6A8A59E5012B02D195ED040AFB
:102E000061E595F87F30012B1ED195ED0A7A95ED9D
:102E1000090AD5ED0B7AD5ED0C6A27EE000AF0EE23
:102E20006A0AA7EEA60A67EEA77A30EE000AE7EE76
:102E3000077AB0EE007AE7EEC70AD1F743FD5FEDFF
:102E4000B97A20EE270A3EE5B0EE4D0A3BE5B0EE3A
:102E5000631AB0EE63EA9FE6F0EE425AC1E6B0EEC6
:102E6000426AD1E6E0EE2BAA7AEEEEAA69EE8CEA8F
:102E700069EEAB9AEBEE6BEAEBEE0C9A68EE299AF0
:102E800094ED018AE9EE2E9AE8EEAA9A69EE889A04
:102E9000EDE6F0EE657A27E71FEDCF7A43E75FEDC9
:102EA000D06A61E75FEDD16A5EE70023B3803360EB
:102EB000C4ED213AB6F9023007EE903AF8EEE77A1F
:102EC0002046C4ED227AB6F9043007EE903AF8EEC7
:102ED000E77AC4ED237A03B0BDEC108BBDE8F04374
:102EE000FFF730BC10B505490446A022D4F732FEE6
:102EF0002046BDE81040FFF725BC00BFF81E0020AB
:102F000030B4039C0025E4070D7402D430BCFFF7F5
:102F100021BC30BC704700000148FFF7E3BF00BF91
:102F2000F81E00200120704713B5049CCDE9003441
:102F300013460A4601460248FFF7E2FF02B010BD01
:102F4000F81E0020014B1878704700BF60D80020A1
:102F5000034B1A78034B03EB02135B68184700BF5F
:102F600060D800203C00050830B4044C2578044C9F
:102F700004EB0514A468A44630BC604760D8002068
:102F80003C000508034B1A78034B03EB0213D86887
:102F9000704700BF60D800203C000508062810B527
:102FA00014D80B4C78B1207023780A4A1B01D358EF
:102FB0009847FFF7E7FF084923780246BDE810402D
:102FC000064803F0EDBD01232370EDE710BD00BFFF
:102FD00060D800203C00050814000508ED530208E5
:102FE00008B59FED040AFEF777FEBDE8084001F042
:102FF00075BA00BF6F12033BFEF74ABF2DE9F047D9
:103000002DED028BDDF828901E4619F0010A4FF0D5
:10301000000305460C461746037461D191F87E30D3
:10302000DFF814839FEDC08A022B40F01D819FEDD5
:10303000BF7AD1ED086AD8ED037AE6EE877A9FED84
:10304000BC7AF4EEC87AF1EE10FA00F3F680DFED08
:10305000B98A9FEDB77AF4EEE87AF1EE10FA00F152
:10306000EF80C8ED037AFFF73DF8B5EE400AF1EEC8
:1030700010FA1FD096ED037AD8ED037ADFEDAC6A33
:1030800077EEC77AF4EEC87AF1EE10FA00F3DB803F
:10309000DFEDA76AF4EEE87AF1EE10FA00F1D680DF
:1030A000B4EEE70AF1EE10FA40F1D38037EE007A81
:1030B00088ED037AD8ED037A9FED9D7AF4EEC87A15
:1030C000F1EE10FA00F3FC809FED9A7ADFED986A3A
:1030D000F4EEC77AF1EE10FA00F1F580C8ED037A4C
:1030E0000A23B9FBF3F203FB12932BB992499348DD
:1030F0003346224601F032FBDFF84082BAF1000F7E
:1031000040F08C8094F87B3013B9636BC8F80030C2
:1031100094F87920884B12B194F87A201AB9A268F1
:103120005A60E2689A60DFF84092D3ED032A93ED8B
:10313000022AD3ED011A96ED031AD6ED020A96ED96
:10314000010A09F10C0209F1080109F10400FEF776
:1031500033FF94F87C30022B06D1A369C9F8043000
:1031600096ED010AFEF768FF94F87D30022B06D138
:10317000E369C9F8083096ED020AFEF763FFD7ED60
:10318000040AD9ED032A99ED022AD9ED011A97ED27
:10319000051A97ED030AF1EE600AFEF77FFE2A1D7D
:1031A000A91C2846FEF78EFF654AA9681160B5F98B
:1031B0000020AB889FED637A07EE902A624AF8EE12
:1031C000E77A5B42C2ED007AB5F9022007EE902A59
:1031D0005E4AF8EEE77A1BB2C2ED007A07EE903A4B
:1031E000AB80F8EEE77A5A4BBA68C3ED007AD7EDB8
:1031F000037A584B67EE877AC3ED007AD7ED047AED
:10320000554B67EE677AC3ED007AD7ED057A534BDD
:1032100067EE877AC3ED007A514B1A60D8ED007AD9
:10322000F5EE407AF1EE10FA4FF000034ED0C5ED06
:10323000027ABDEC028BBDE8F08777EEC77A00E733
:1032400077EE877A07E777EEE67A1BE777EEA67ADE
:1032500020E7F1EE406AF4EEE76AF1EE10FA7FF74C
:1032600029AF37EE407A23E7012B03D10B69C8F869
:103270000C301FE791F87F30012B7FF41BAF91EDED
:103280000A7A91ED090AD1ED0B7AD1ED0C6A27EE9D
:10329000000AF7EE000AA7EEA60A67EEA77A30EE5C
:1032A000000AE7EE077AB0EE007AE7EEC70AD1F738
:1032B00009FBDFED2C7A20EE270A88ED030AF9E6F8
:1032C00077EEC77AFAE677EEA67A01E700222A605F
:1032D000AA801B4AAB601360B5F9002096ED031A73
:1032E000D6ED020A96ED010A07EE902A164AF8EE8C
:1032F000E77AC2ED007AB5F9022007EE902A134A68
:10330000F8EEE77AC2ED007A114A1360FEF7A0FEEC
:1033100096ED0B1AD6ED0A0A96ED090A01F0DCFAD1
:10332000054BF268DA6084E7000034436F12033B18
:103330000000B443000034C314D8002000D800209B
:1033400070D8002035FA8E3C6CD8002068D8002058
:1033500074D800207CD8002078D8002080D80020A5
:1033600064D80020E02E654240D8002061EE226A39
:1033700021EEA27A62EEC07A62EEE02AE1EE826A83
:1033800090B0A1EE427AE0EE827AE0EE422AE0EEE0
:10339000C36AA0EE037AE1EE837AE1EE432AE0EE1F
:1033A000236AA0EEA37AE1EE237AE1EEA32AB0EE3F
:1033B000660AF0EE470AB0EE671AF0EE621A10B035
:1033C000704760EEA07AF7EE006AE0EE007A8CB00B
:1033D000E1EE017AE1EEA17AB1EEE77AC6EE877A04
:1033E00027EE800A60EEA70A27EE811A67EEA11A7F
:1033F0000CB07047024B1A780AB901221A70704754
:103400009D270020000000002DE9F0432DED108BDA
:10341000BBB00C4652999FEDCEEA92ED03CAD2EDB5
:1034200004BA92ED05BA0A220646B1FBF2F002FB9D
:1034300010112CEE0ECA6BEE8EBA2BEE0EBA0029CE
:1034400040F0E583D3ED04AAC24FD3ED07CAD7ED10
:10345000006AD3ED05DA93ED06DA94ED108A94ED67
:10346000116AD4ED148A94ED159AD3ED095A9FEDA3
:10347000C2AAB94DCDED1DCA2AEEEAFAF7EE009ABE
:10348000ACEEACFA89EEA65A7CEEACEAF1EE6A7AC2
:10349000CDED1A7AB1EE4D7AF1EE6D7AA7EEADFA76
:1034A0006DEEAEFACDED1B7A8DED1C7AD3ED0A7A76
:1034B0003AEEAA7A38EE678AEDEE07FAD3ED0B7A88
:1034C0003DEEAD7A6EEEEAEA36EE676AEDEE07EAB9
:1034D000D3ED0D7A94ED137A8DED016A37EE677AAC
:1034E000D3ED0E7ACDED00EA78EEE78AD3ED0F7AD0
:1034F00039EE679AD4ED0F7A77EEE57AC5EE265A63
:10350000B0EE4A0AA7EEA50AD5ED007A77EEA77AC3
:10351000B3EE021AC7EEA65AD4ED177AA7EE250A23
:10352000FBEE020A30EE270A03F0E0FBD7ED006A5B
:10353000C9EEA65AF0EE40EAC5EEA67AB0EE4A0A07
:10354000A8EE270AD5ED007A9FED848A77EEA77A58
:10355000B3EE021AC7EEA65AD4ED187AA8EEA50A61
:10356000FBEE020A30EE270A03F0C0FB7C4B9DED18
:10357000016AD3ED006A7B4BC9EEA65AF0EE408A91
:10358000C5EEA67AB0EE480AA6EE270AD3ED007A79
:1035900077EEA77AADEE0DFA87EEA66AD4ED197A2A
:1035A000A9EE060AB3EE021A30EE270AFBEE020A73
:1035B00003F09CFBC0EE0F7AF3EE026AF0EEE77ABE
:1035C000F4EEE67AF1EE10FAB0EE409A5FDD664B6B
:1035D00030EE485AB0EE691A93ED000A8DED015AAB
:1035E000F0EE4A0A03F082FB9DED015A9FED5F6AFF
:1035F00079EEC04A65EE006A68EEA87AB0EE409AAD
:10360000B0EE480AA4EE850AEEEEAE7AA0EE406A6D
:10361000E6EEA67ADFED566AB4EE4A6AF1EE10FAEB
:10362000F0EE465AF4EEE67A48BFF0EE4A5AF1EE72
:1036300010FA00F1FB8275EE056AB1EE006A27EE22
:10364000866A66EE896A26EE256A66EE806A77EEFD
:10365000A77AA6EEA66AB0EE691AB1EEC60AF0EE37
:103660004A0A30EE660ACDED024A80EE270A03F0E0
:103670003DFB9DED015ADDED024AE0EE094A6EEE9A
:1036800080EAA4EE858A68EE808AB0EE489A89EED8
:103690000F0AB3EE021AF7EE000A03F027FB68EEFA
:1036A000A87A8DED050AEEEEAE7AB7EE001AE9EED5
:1036B000097AFFEE000AF1EEE76ADDED007A67EEC7
:1036C000A77A89EEA60AEFEEAF7A2EEE808AEFEEA9
:1036D0000F7A68EE808AB1EEE77A29EE009AC9EE99
:1036E000877A9DED007A67EE27EA6FEEA7FA2EEE55
:1036F000A80A2FEE27FAAFEE880AAFEE090A03F008
:10370000F5FAD1F777F8DFED1B7AB4EEE70AF1EEC0
:1037100010FA40F38E8269EE6F0A68EECF7AEFEE10
:10372000080AEEEE897A20EEA07A68EE6EEAA7EE3D
:10373000A77AEFEEA8EAAEEEAE7AF1EEC76A89EEAE
:10374000A61A67EE817A60EE81FA6EEE81EA15E0E4
:1037500035FA8E3C98200020A4200020C3F51C419F
:103760009C200020A8200020A02000200000A243D0
:10377000BD3786355B82983900000000B6EE00FA4E
:1037800020EE0F7ACDED027AB0EE470A8DED017A88
:10379000D0F7A2FE9DED017A8DED000AB0EE470A4A
:1037A000D0F7C4FFDDED001ADDED027AB0EE401A6D
:1037B00061EE2F0A20EE270A21EE2E1AF5EEC01A2E
:1037C000F1EE10FA41BFB1EE400AF1EE600AB1EE3F
:1037D000411AF1EE611AFFF7F4FD68EE8A7A28EEDD
:1037E0000A7A8DED0A0A8DED010AF0EE40EA37EE15
:1037F000270ACDED020A8DED031ACDED0B0A8DEDF2
:103800000C1ACDED000A30EE090AFFEE000AF0EEC8
:1038100041FAB7EE001ACDED077ACDED041ACDEDE1
:103820000D1A8DED067A03F061FAD0F7E3FF5FED34
:103830002F7AB4EEE70AF1EE10FA40F30182A9EE16
:103840004A8AD9EE0A8A9DED067ADDED077A37EECF
:10385000C71A68EE087AE8EEA87AE1EE017AB1EECE
:10386000E77A89EE879A68EE898A28EE098A21EE3E
:10387000099A20EE0FAAB0EE4A0AD0F757FF8DED55
:10388000060AB0EE4A0AD0F727FE9DED061A8DED26
:10389000090A68EE010A94ED048ACDED080A28EEC3
:1038A0000E8A61EE288A28EE0F8A29EE011AB0EE00
:1038B000480A8DED071AD0F739FF8DED060AB0EEF4
:1038C000480AD0F709FE1FED542ADDED080A9DEDE8
:1038D000071ADDED091A9DED063AF0EE403AF0EEDA
:1038E000422AB0EE680AFFF741FDB0EE402AB0EE82
:1038F000413AF0EE613AF0EE602A8DED120ACDED1C
:10390000130A9DED1A0ADDED1B0A8DED141ACDED9B
:10391000151A9DED1C1ADDED1D1AFFF727FDF5EEBA
:10392000C01AF1EE10FAB0EE402AB0EE606AB0EEC6
:10393000413AF0EE613A1BD5B1EE606AB1EE402A31
:10394000B1EE413AF1EE613AB0EE6A0AF0EE6D0A7C
:10395000B0EE4D1AF0EE6C1AF0EE462AFFF706FDB7
:103960008DED120ACDED130A8DED141ACDED151A59
:10397000E14DB0EE420AF0EE460AB0EE431AF0EE28
:10398000631AFFF71EFDD5ED007AF5EEC07AF1EE71
:1039900010FAB0EE402AF0EE602AB0EE413AF0EEB6
:1039A000613A58D9F4EEE97AF1EE10FA80F24F81DB
:1039B000DDED027ADDED041AF1EE670ADDED037A42
:1039C000B1EE6E0AB1EE671AFFF7D0FCFFF7F9FC13
:1039D000FFEE000AB0EE610AB0EE418AB7EE001ABF
:1039E00003F084F9D0F706FFD5ED007A30EE000A37
:1039F00020EE270A20EE0FFAB0EE4F0AD0F796FE1F
:103A0000B5EEC08AF1EE10FAB7EE003AF0EE408A59
:103A1000BFEE008AB0EE4F0A58BFB0EE438AD0F72F
:103A20005BFD9FEDB62ADDED0B0A9DED0C1ADDED79
:103A30000D1AF0EE403A28EE883A9DED0A0AF0EEB3
:103A4000422AFFF793FCFFF7BCFC8DED010ACDED98
:103A5000000AF0EE41FAAA4BAA4DD3ED007AF0EE3F
:103A6000006A86EEA77ADDED017A27EE270ADDED02
:103A7000007A85ED000A67EE870AD4ED087AC5ED75
:103A8000010A27EE8EEA20EE0C0AA7EE2FEAB5EE29
:103A9000C00AF1EE10FA85ED02EAB3EE0E8A17D5F0
:103AA000F0EECC7AB2EE087AF4EEC77AF1EE10FAC4
:103AB0000EDDB5EEC0CAF1EE10FAFFEE007AB7EEF9
:103AC000007A58BFF0EE477A67EE887AC5ED007A43
:103AD00060EEAB0AF5EEC00AF1EE10FA17D5F0EE83
:103AE000EB7AB2EE087AF4EEC77AF1EE10FA0EDD58
:103AF000F5EEC0BAF1EE10FAFFEE007AB7EE007AFA
:103B000058BFF0EE477A67EE887AC5ED017A2EEE5F
:103B10000BEAB5EEC0EAF1EE10FA17D5F0EECB7A6B
:103B2000B1EE047AF4EEC77AF1EE10FA0EDDB5EEDE
:103B3000C0BAF1EE10FAFFEE007AB7EE007A58BF85
:103B4000F0EE477A67EE887AC5ED027A95ED00AA25
:103B5000F0EECA7AC7EE887A17EE900AD9F7CCFC55
:103B60009FED630B41EC110BD0F72AFBD5ED019AC9
:103B7000F0EEE97AC7EE887A59EC108B17EE900ACE
:103B8000D9F7BAFC41EC180B49464046DAF704F87D
:103B9000D9F7B2FCB0EE481AF0EE681A41EC100BFF
:103BA000D0F70EFB95ED029AF2EE047AB0EEC97AE8
:103BB000C7EE277A59EC108B17EE900AD9F79CFCC8
:103BC00041EC180B49464046D9F7E6FFD9F794FC7B
:103BD000B0EE481AF0EE681A41EC100BD0F7F0FA8C
:103BE00051EC100BD9F7D8FF07EE900A8AEE277A2E
:103BF000454B85ED007A89EEA77A85ED017A89EE4D
:103C0000277ADDED057A85ED027AC3ED007A94F826
:103C10007B301BBB002333607360B360F360012310
:103C200033743BB0BDEC108BBDE8F0839FED330ADD
:103C300023E5F7EE00FADFED31EAF0EE6F7A9DE56D
:103C4000B7EE008A9FED2D9AF0EE488A11E6F0EE6D
:103C500041FACDED000A8DED010AFCE6294B9FEDFE
:103C60002B7AD3ED007ADFED2A4A9FED2A5A37EE00
:103C7000CCCAD3ED017A77EEEBBACCEE075ACBEE95
:103C8000877A93ED027A244B37EE4BBA9FED237A75
:103C90008BEE076A67EEA46A9FED217AE5EE876AEC
:103CA00027EE877AE6EE056AA5EEA47ADFED1D4AD7
:103CB000C3ED006A67EEA47AA6EE247AE5EE857A73
:103CC000DFED195A83ED017AE6EE257ADFED175A1A
:103CD000C3ED027A0C4BC6ED016A93ED006A86EDE6
:103CE000027A26EE256AC6ED037A86ED006A96E72B
:103CF000000000000000F03F9020002000000000C5
:103D00009420002084D8002090D800208FC2753CD9
:103D10002ACD5E350646413594D800208FC2F53B4A
:103D20003B408B378797F13545C9F53709F9203D79
:103D30000120704790ED046AD0ED037AD0ED026A5D
:103D4000D0ED055A90ED015A80ED056A66EE277AAE
:103D5000B0EE407AE6EE807A80ED047AE6EEA57A5F
:103D6000D0ED066AD0ED005AE5EEE67AD0ED075ABE
:103D7000C0ED076AE5EE657AB0EE670AC0ED067A37
:103D800070470000DFED197A30EE000A10B587EEBB
:103D9000800A0446D0F704FD0023E361A361636158
:103DA00023619FED137AC0EE077A60EE006AF7EEAA
:103DB000005A36EEA77A36EEE56A76EEE77A37EE07
:103DC000257A36EE066A77EEA57A86EE075A87EEF2
:103DD000876AC6EE877A84ED005AC4ED027A77EEE0
:103DE000A77A84ED016AC4ED037A10BD6F12033B1C
:103DF0008104353F70B5174CDFED177A94ED487AA2
:103E000027EE277AF7EE006AC6EE877A86B003AE11
:103E10000025CDED037ACDED047ACDED057AB6EC33
:103E2000010A20468DED010AFFF7ACFF04F16000A6
:103E30009DED010AFFF7A6FF013504F1C0009DEDDD
:103E4000010AFFF79FFF032D04F12004E7D106B01C
:103E500070BD00BFC8200020DB0FC94010B52DED9C
:103E6000088BB0EE40AA84B0B0EE600A0446F0EED3
:103E7000609AF0EE41AAD0F72FFBF0EE408AB0EE48
:103E80006A0AD0F729FB68EE807AB0EE408AC4ED6A
:103E9000007AB0EE4A0AD0F749FCB0EE409AB0EE94
:103EA000690AD0F743FC29EE00BAF0EE409AB0EE72
:103EB0004A0AD0F711FBB0EE40AAB0EE6A0AD0F77A
:103EC00035FC60EE4A7A29EE8A7AE8EE0B7AF1EE5A
:103ED000699AC4ED017A69EE007AC4ED069AE8EEBB
:103EE000077AC4ED027A68EE807AC4ED037A68EE50
:103EF0000A7A29EE488AEBEE007AA0EE078A28EECD
:103F0000899A68EE8A8AC4ED047A84ED058A84ED84
:103F1000079AC4ED088A04B0BDEC088B10BDFFF70A
:103F200069BF000070B52DED0E8B1E46D2ED0D4A17
:103F3000F04B92ED0E7AC3ED004AEF4B91ED145A1F
:103F4000EE4D92ED094AD2ED0A5A92ED0B6AF1EE6E
:103F5000477AC3ED007AD2ED0F7AE94BF1EE676A4A
:103F6000B1EE455AC3ED006ACB6C2B6085ED015A6A
:103F700091F8793091ED155A012BB1EE455A8CB07C
:103F800085ED025A0DD1D1ED0F6ADE4BC3ED006A0B
:103F9000DD4B76EEC46A93ED005A66EE856AC5ED98
:103FA000006A91F87A30012B0FD191ED105AD54B60
:103FB000F1EE456AC3ED016AD44B35EEC55AD3ED37
:103FC000005A65EE855AC5ED015A91F87B30012BF8
:103FD0000FD1D1ED115ACB4BF1EE656AC3ED026AF8
:103FE000CB4B76EE655A93ED006A26EE256A85ED99
:103FF000026AD5ED006AC74BC74C93ED006AC74B08
:10400000DFEDC78A9FEDC78ADFEDC7CA76EEE46AA7
:10401000002166EE866AC4ED4A6AD5ED016A37EE84
:10402000267AD3ED006AC14B27EE267A84ED4B7ACF
:1040300095ED027A77EE877A93ED007A67EE877ACC
:10404000C4ED4C7A90ED000A20EE280A84ED500A67
:10405000D0ED017A67EEE87AC4ED517AD0ED027ABC
:1040600067EEE87A2046C4ED527AFFF763FE04F16A
:10407000200084ED530A94ED510AFFF75BFE04F132
:10408000400084ED540A94ED520AFFF753FE84ED8C
:10409000550A92ED010A20EE080A04F1600084ED51
:1040A000590AD2ED027A67EE887AC4ED5A7AD2EDD7
:1040B000037A68EE677A2422C4ED5B7AFFF73AFE52
:1040C00004F1800084ED5C0A94ED5A0AFFF732FE99
:1040D00004F1A00084ED5D0A94ED5B0AFFF72AFE6F
:1040E000D4ED5CBA94ED5DEA84ED5E0AB0EE40BAC0
:1040F00003A8D3F745FEB0EE4B1A03A8F0EE4E0A24
:10410000B0EE6B0AFFF7AAFE94ED547ADDED046A77
:10411000D4ED535ADDED037A94ED556A9DED065AC0
:1041200094ED4AAAD4ED4B9AD4ED4CAA67EE266AD8
:10413000B0EE6B0AE7EEA56ADDED057AE7EE866A7A
:10414000DDED077AC4ED566A67EE277A3AEE66AA85
:10415000E5EE857A9DED085A84ED4DAAE6EE057AE6
:104160009DED0A5AC4ED577A27EE057A9DED095A5E
:10417000A5EE857ADDED0B5AA6EE257A79EEE79A63
:1041800037EE287AC4ED4E9A7AEEC7AA84ED587AB3
:10419000C4ED4FAAD0F7A0F9F0EE408AB0EE4B0A7A
:1041A000D0F7C4FAB0EE409AB0EE6B0AD0F7BEFA80
:1041B000F0EE40BAB0EE4E0AD0F7B8FA2BEE80DA45
:1041C000F0EE40DAB0EE4B0AD0F786F9B0EE40CA16
:1041D00020EE4DBAB0EE4E0AD0F77EF92DEE49DA58
:1041E00028EEAD4A68EE802AA8EECCDA504B2CEED1
:1041F000042A29EE044AA8EE89BA04F1C000ABEE05
:10420000CC4A69EE227AA9EE2B2A2DEE2C3A67EEE3
:10421000AC7A2CEE227A2BEE2CBA27EE2C7A23EEF7
:10422000275A67EE845A6BEEC03AABEE075AE7EEB8
:10423000025A28EEED0A23EE046A67EEA71A23EE6F
:10424000031A63EEAC3A20EE2C0AABEE026AE7EEFC
:10425000071AABEE0B1A64EE044AE2EE805AA3EEA4
:10426000805AE2EE024AA2EEA36AE0EE001AA3EE42
:10427000A31A65EE25BAE2EEA24A6BEE866A61EEFB
:10428000210AB0EE669AA0EEA49A61EE258A26EE87
:1042900021DA36EE899A68EEA56A65EE05CAEDEE7A
:1042A000066A7BEECDBAECEEA46A79EE666A25EE7C
:1042B000E59AA1EEA49A64EEC51A89EE26CAE6EE46
:1042C000251A81EEA69ACBEEA61A66EE46BAE1EE64
:1042D00024BAF0EE684AD5EE064ACBEEA65AC4EEF2
:1042E000A68A30EEEC6A27EE091AC6EE260A67EEB9
:1042F000896A21E0ACD80020B0D80020B8D80020CE
:10430000B4D80020A0D80020BC200020C02000206D
:10431000C4200020AC200020C8200020B0200020B5
:10432000C3F51C4135FA8E3CC3F51CC1B4200020F6
:10433000B820002000606A4727EEA56A67EEA87AD9
:10434000E3EE0C6A27EE255AE3EE217A27EE287A6F
:10435000ABEE0C1AABEE217A60EE094AE4EE216A6C
:1043600060EE255AE4EE207A20EE280AA2EE211A09
:10437000E3EE8C4AA2EE207AA3EEA10A69EEA66AC9
:1043800069EEA77AE2EEA14AEAEE016AA2EEA00A7D
:10439000EAEE077AEAEEA46AEAEE807AA3EE096A08
:1043A000C4ED626AD3ED006A94ED670AF1EE677AB4
:1043B000ABEE095A87EEA67AA4EE286AA2EE285A36
:1043C000E3EE895A29EE866AE2EEA85AAAEE056A59
:1043D00084ED647AAAEEA56A84ED636AFFF7AAFC0D
:1043E000D4ED657A94ED497A84ED660A30EE670A79
:1043F000D4ED626A94ED636AE7EE007A94ED647A34
:10440000C4ED657A77EE877A94ED5C7AF5EEC07A42
:1044100037EE267AD4ED5D6AF1EE10FA76EE866A12
:104420003BD41FED3C6AF4EE467AF1EE10FAC8BFB9
:10443000F0EE467A1C4BC4ED677AD3ED007A27EE96
:10444000888AF1EE487AB4EEE77AF1EE10FA27D4D2
:10445000B4EE487AF1EE10FAC8BFB0EE487AF4EE46
:10446000E76AF1EE10FA84ED5F7A08D4F4EEC86AD8
:10447000F1EE10FAD4BFF0EE667AF0EE487AC4EDB1
:10448000607A86ED017AD4F88031B360D4F89C313B
:10449000F3600CB0BDEC0E8B70BDDFED047AC9E7A4
:1044A000B0EE677ADBE700BF682200200000000062
:1044B00010B52DED028BB0EE408AC0ED190AB0EEBA
:1044C000600A044604F02EFFB0EE480ABDEC028BF1
:1044D00020460021BDE8104004F068BE13B5414CF1
:1044E0009FED413AD4ED602A94ED592AD4ED581A43
:1044F00094ED571AD4ED560A94ED6A0A8DED013AFF
:1045000004F5A2700121F3EE043A04F02DFE9DEDB6
:10451000013AD4ED7B2A94ED742AD4ED731A94ED0C
:10452000721AD4ED710A94ED850A04F5D870012150
:10453000F3EE043A04F018FE9DED013AD4ED962A0C
:1045400094ED8F2AD4ED8E1A94ED8D1AD4ED8C0A49
:1045500094EDA00A04F507700121F3EE043A04F08B
:1045600003FE9DED013AD4ED0F2A94ED082AD4ED17
:10457000071A94ED061AD4ED050A94ED190A20469F
:104580000121F3EE043A04F0EFFD9DED013AD4ED84
:104590002A2A94ED232AD4ED221A94ED211AD4ED7F
:1045A000200A94ED340A04F16C000121F3EE043A80
:1045B00004F0DAFD9DED013AD4ED452A94ED3E2A52
:1045C000D4ED3D1A94ED3C1AD4ED3B0A94ED4F0A1C
:1045D0000121F3EE043A04F1D80002B0BDE8104026
:1045E00004F0C2BD742200200000C8422DE9F84F3B
:1045F000DFF85C91DFF85CA1DFED4C6A99ED007AA1
:10460000DAED007A4A4CDFF850B127EE267A67EEF1
:10461000A67A1F46474BC4F8103184ED0E7AC4EDDC
:10462000297AD7ED037A9FED447A67EE877A9FED7A
:10463000437A2DED028BC7EE878A0D4690460646DB
:10464000B0EE680ACFF748FFB0EE408AB0EE680AD5
:10465000D0F76CF8D7ED0E7AD7ED0D6A384B27EE10
:10466000807A67EE887AA6EE887A2046E6EEC07AEF
:1046700083ED007ACBED007AB0EE470AD8ED000A60
:10468000FFF716FFB1EE400A85ED020A04F16C0057
:10469000D8ED010A9BED000AFFF70AFF9AED001A18
:1046A000B1EE400AF1EE410A85ED010A02F01EFB6F
:1046B00099ED001A85ED010AF1EE410A95ED020A25
:1046C00002F014FB85ED020AD8ED020A97ED0F0AFD
:1046D00004F1D800FFF7ECFEB4F888329FED197AA8
:1046E0009FED191ADFED190A07EE903AF8EEE77A16
:1046F000E0EE077AC6ED007AB4F88A3207EE103A97
:10470000F8EEC76AF4EEE67AF1EE10FA44BFB8EEBE
:10471000477A86ED007A96ED000A02F0E7FABDECE2
:10472000028B86ED000ABDE8F88F00BFCDCC8C3F30
:104730007422002068110342DB0F4940000034431B
:10474000C4D8002000007A4400FF7F47000000002A
:104750006C22002070220020C8D800202DE9F043F0
:104760002DED068B1D46514B9FED518AD3ED007AFE
:10477000504E514BDFF85C9167EE887A85B0C6EDFC
:104780005F7AD3ED007A4D4B67EE887A93ED000A9D
:10479000C6ED7A7AF6EE000A144607468846CFF749
:1047A00021FF20EE080A9FED467A86ED950AD5EDA9
:1047B000037A67EE877A9FED437AC7EE878AB0EE79
:1047C000680ACFF789FEB0EE408AB0EE680ACFF7EC
:1047D000ADFFD5ED0A7A95ED097A3B4B94ED139A2E
:1047E00094ED14AAD4ED0F9AD4ED10AA8DED019A90
:1047F000F0EE408A27EE800A67EE887AA7EE080A74
:10480000E7EE687A83ED000A636D039394F87930DC
:10481000C9ED007A012B8DED02AA30D169EE880A2C
:1048200006F5A270EAEEA80AFFF742FE8DED010A36
:1048300094F87A30012B2DD169EEE80A234899EDDE
:10484000000AEAEE880AFFF733FE8DED020A94F8BB
:104850007B30012B08D1D4ED110A1D4895ED0B0AD0
:10486000FFF726FE8DED030A2B4601AA4146384686
:10487000FFF7BCFE05B0BDEC068BBDE8F08394F8F5
:104880007830002BD4D168EE8A7AE8EE097ACDED43
:10489000017ACDE794F87830002BD8D129EE689AC8
:1048A000A8EE0A9A8DED029AD1E700BF00250020FC
:1048B000CDCC8C3F74220020042500200825002048
:1048C000DB0F494000003443CCD8002024240020D2
:1048D00090240020D0D8002010B52DED028B174C6D
:1048E00082B0F0EE608A04F5A270B0EE418A04F066
:1048F00012FDB0EE680A04F5D87004F00CFDB0EEBD
:10490000480A04F5077004F006FD9FED0D0A2046E5
:104910008DED010A04F0FFFC9DED010A04F16C002D
:1049200004F0F9FC9DED010A04F1D80002B0BDECE1
:10493000028BBDE8104004F0EEBC00BF74220020E2
:104940000000000013B51D4C9FED1D0A04F5A27078
:104950000121F3EE040A8DED010A04F0E6FC9DED61
:10496000010A04F5D8700121F3EE040A04F0DDFC1D
:104970009DED010A04F507700121F3EE040A04F02D
:10498000D4FC9DED010A20460121F3EE040A04F057
:10499000CCFC9DED010A04F16C000121F3EE040A48
:1049A00004F0C3FC9DED010A0121F3EE040A04F1B9
:1049B000D80002B0BDE8104004F0B7BC742200205B
:1049C0000000C8428AB000230493059306930AAB03
:1049D00003EB80004FF07E5340F8183C9DED040A35
:1049E000DDED050A9DED061A0AB0704784B070B57A
:1049F0008AB00FAC84E80E0001AA234606460021C7
:104A0000144653F8040B1060013198685060032974
:104A10005869906002F10C02F3D10FCC35460FC5F6
:104A20000FCC0FC523682B6030460AB0BDE870403C
:104A300004B0704784B070B58AB00FACDFED1A5A7D
:104A400084E80E0006462346002201A893ED006A82
:104A5000D3ED016A93ED027A841818A90320B1EC12
:104A6000015AF0EE657AE5EE067A013891ED025AC8
:104A7000E6EE857A91ED055AE7EE057AE4EC017AE7
:104A8000EDD10C32242A03F10C03DED101AC0FCCA2
:104A900035460FC50FCC0FC523682B6030460AB0D2
:104AA000BDE8704004B070470000000030EE007AAE
:104AB00070EEA06AF7EE007AB0EE675AE7EE407A41
:104AC00084B071EE014AA6EEE05A64EEA15A26EED9
:104AD000A16A67EE211AB0EE674AA4EEC15AA4EEAD
:104AE000C14AB0EE653AF0EE463AF0EE614A97EE12
:104AF000203AE7EE013AE7EE205AD6EE814A97EEE9
:104B0000016AE6EE811AE6EEE07A80ED005A80ED69
:104B1000013AC0ED023AC0ED035A80ED044AC0EDFF
:104B2000054A80ED066AC0ED071AC0ED087A04B0A8
:104B3000704700B52DED0A8B20EEA0AAB0EE409A8A
:104B400020EE810AF0EE4A7AA1EE890A8DB0E9EEF4
:104B5000097AF7EE00BAB0EE608AB0EE00CAF0EE65
:104B60006B0AF0EE418AE7EECC0A30EE000AF0EE76
:104B7000619ACFF7A7FE68EEC97AB0EE40BAE8EEC8
:104B8000297A28EE098A37EEA70AA9EEA88ACFF774
:104B900065FEA8EEA8AAF0EE6B0AEAEE4C0AF0EE6B
:104BA00040AA38EE080ACFF78DFEF0EE6A0AB0EEA2
:104BB000401AB0EE4B0A0DB0BDEC0A8B5DF804FB59
:104BC000002343648364C364C0F88C30C0F8903021
:104BD000C0F894307047000010B505490446F8222B
:104BE000D2F7B8FF2046BDE81040FFF7E9BF00BF8D
:104BF000981F0020000000002DE9F04F2DED0E8BD6
:104C0000EFB01F46DDE98683DB0704460E461546F6
:104C100000F1B98492F87E30022B40F0B98492ED15
:104C2000087A98ED038ADFEDDD7AA7EE278A9FEDFB
:104C3000DC1A28EE018A95F87930012B08D095F816
:104C40007A30012B04D095F87B30012B40F0EB84B7
:104C5000DFEDD47AD5ED198A95ED0F6A95ED104AFE
:104C600095ED115AD5ED136A95ED147AD5ED155AD7
:104C700095ED179A95ED182AD8ED0D2A98ED0E3A74
:104C8000D8ED0F4A78EEA78AD8ED097A76EE677AE2
:104C900098ED0A6A34EE464A98ED0B6A35EE465AAC
:104CA00094ED086AF1EE463AF4EEE73AF1EE10FAC6
:104CB00000F39884B4EE676AF1EE10FA48BFF0EEA4
:104CC000467AF4EEC43AF1EE10FA00F38F84B4EEB3
:104CD000446AF1EE10FA48BFB0EE464AF4EEC53A27
:104CE000F1EE10FA08DCB4EEC56AF1EE10FA54BF2A
:104CF000F0EE453AF0EE463A94ED0C6A76EEE26A52
:104D000075EEE45AF1EE464AF4EEE64AF1EE10FA98
:104D100037EE437A00F36E84B4EE666AF1EE10FA71
:104D200048BFF0EE466AF4EEC74AF1EE10FA00F31F
:104D30006584B4EE476AF1EE10FA48BFB0EE467AE9
:104D4000F4EEE54AF1EE10FA08DCB4EEE56AF1EEB5
:104D500010FA54BFF0EE654AF0EE464A9FED8F3AE6
:104D600094ED115AD4ED125A94ED136AC4ED176AFA
:104D7000A7EE835A65A8E4EE035AA3EE836A94ED86
:104D80000D3A84ED115A25EE035A94ED0E3AC4ED16
:104D9000125A65EE835A94ED093A84ED187AA3EE1F
:104DA000269AD4ED0A6AC4ED147AA6EE872A94ED09
:104DB0000B7AD4ED0F2A84ED136AE7EE248A94ED82
:104DC000057A84ED154AA7EE275AD4ED067AC4ED8C
:104DD000163AE7EE845A26EE226AD4ED077AC4ED3D
:104DE000194AA7EEA36AD8ED050A98ED061A98EDC0
:104DF000040AD8ED071ACDED5D0A39EE059A32EEB8
:104E0000252A78EE862A8DED5C0A8DED5E1ACDEDB1
:104E10005F1AFFF74BFE0220FFF7D4FD9DED667A87
:104E2000DDED657ADDED686ACDED540A20EE877A16
:104E30008DED530AA7EE807ADDED677A8DED551A78
:104E4000A1EE277ADDED697A60EEA77AE0EE267AA8
:104E5000DDED6A6AE1EE267ADDED6C6A60EEA60AA7
:104E6000DDED6B6AE6EE800A62EE277ADDED6D6AB3
:104E7000E9EE077AE1EE260A94ED007AE2EEA07AF6
:104E800067EE877A9FED487AC6ED007AF4EEC77A2E
:104E9000F1EE10FAC4ED017A02D52046FFF790FE3C
:104EA0000020FFF78FFD01208DED150ACDED160ACC
:104EB0008DED171AFFF786FDD6ED007A8DED180AF5
:104EC0000220CDED190A8DED1A1AF0EE40BAB0EEBF
:104ED00060BAF0EE419AFFF775FDF5EEC07AF1EE9B
:104EE00010FA8DED1B0ACDED1C0A8DED1D1AB7EEE3
:104EF00000CA00F38783B0EE409AB0EE60AAF0EEED
:104F0000418AB0EE480ACFF7E7FAF0EE40AAB0EED9
:104F1000480ACFF70BFC9FED257A84ED2E9A68EEB8
:104F2000C06A6AEE6A7AEAEE076A27EE497AE0EE2C
:104F3000097AAAEEA87A84ED31AA27EE076AC4EDB1
:104F4000348AA6EEA66AA7EEA76AF1EEC65AF5EE77
:104F5000C05AF1EE10FAC1BFCCEE259A66EEA9BA9E
:104F600027EE29BA67EEA99A2BEEE87A69EECA6AAB
:104F700069EE4B7AE8EE8B6AA9EE897AEAEE2B7A33
:104F8000C4ED2C6AC4ED2DBA84ED2F7A84ED30BACD
:104F9000C4ED327AC4ED339A0AE000BF6F12033BCE
:104FA00035FA8E3CC3F51C410AD7233C00000000B3
:104FB000D8ED058A98ED068A98ED049AD8ED071A7F
:104FC0008DED1E9AB0EE490AF0EE680AB0EE481A6E
:104FD000CDED1F8A8DED208ACDED211ACDED101A71
:104FE000FFF7A7FDDDED101A84ED260AC4ED270AB0
:104FF000B0EE490AF0EE680A84ED281A26A8B0EE51
:10500000481AFFF753FD94ED2CBA94ED308AD4ED95
:1050100034BAD4ED31CAD4ED339A94ED2ECAD4ED1E
:10502000328A94ED2DAA94ED2F9AF7EE00AA3BEE6A
:105030002ADA7AEECBAA78EE0D7A3DEE48DA77EEF0
:10504000AB7A17EE900AD8F757FA9FEDD50B41ECE3
:10505000110BCFF7B5F851EC100BD8F79DFD07EE0B
:10506000900AB1EEE7EA7DEE6B7A17EE900AD8F778
:1050700043FA9FEDCB0B41EC110BCFF7A1F851ECAC
:10508000100BD8F789FD07EE900AF1EEE7EA78EE0B
:105090002A7A7AEEC8AA77EEEB7A17EE900AD8F75A
:1050A0002BFA9FEDBF0B41EC110BCFF789F851ECB8
:1050B000100BD8F771FD07EE900AF1EEE7DA7AEE01
:1050C000AB7AF6EE00AA17EE900AD8F715FA9FED24
:1050D000B40B41EC110BCFF773F851EC100BD8F770
:1050E0005BFD07EE900AB1EEE7DA6EEEAA7A17EEF4
:1050F000900AD8F701FA79EEEC7A804617EE900A1A
:105100008946D8F7F9F96DEEAA7A29F0004201F044
:10511000004317EE900A42EA030BD8F7EDF97CEE54
:10512000687AC246804617EE900A8946D8F7E4F9B5
:105130006DEE2A7A29F0004C01F000414CEA01039F
:10514000424617EE900ACDE91223D8F7D5F979EE49
:105150004A7ACDE9100117EE900AD8F7CDF9DDE9CA
:10516000108301F0004123F0004343EA0109504657
:105170005946D8F711FDDDE912230DEE900A1946C4
:1051800022901046D8F708FD49460DEE100A2390EC
:105190004046D8F701FD6EEE2A1A01EE100AB0EE75
:1051A0006D0AF0EE4D0A2490CDED251AFFF7C1FCF3
:1051B00004F1BC0C84ED290AC4ED2A0A84ED2B1AF3
:1051C000BCE80F00E846A8E80F009CE8030088E868
:1051D00003000DF1BC0A04F1B00B50469BE80E0031
:1051E000FFF704FC0DF1980CBCE80F000DF1180955
:1051F000A9E80F00BCE80F00A9E80F00DCF80030B8
:10520000C9F800300DF1C80CBCE80F00EE46AEE85E
:105210000F009CE8030088E8030038A89AE80E0015
:10522000FFF708FC0DF1A40CBCE80F00EE46AEE859
:105230000F009CE8030088E803000DF5827A26AB96
:105240000ECB5046FFF7D2FBDC46BCE80F000DF159
:10525000180EAEE80F00BCE80F00AEE80F00DCF857
:105260000030C9F800300DF5887CBCE80F00EE4630
:10527000AEE80F009CE8030088E803004AA89AE81B
:105280000E00FFF7D7FB0DF1E00CBCE80F000DF5A9
:10529000A67EAEE80F00BCE80F00AEE80F00DCF819
:1052A0000030CEF800300DF5947CBCE80F000DF511
:1052B000B87EAEE80F00BCE80F00AEE80F00DCF8E7
:1052C0000030CEF8003065AB53A95CAA00209846A8
:1052D00092ED007AD1ED007A77EEC77A92ED017AFD
:1052E000C3ED007AD1ED017A77EEC77A92ED027ABA
:1052F000C3ED017AD1ED027A013077EEC77A032847
:10530000C3ED027A01F10C0102F10C0203F10C036E
:10531000DED197ED034AD7ED047A97ED053A9FED7C
:10532000265ADDED6C1A9DED672ADDED682ADFED6A
:105330001F5A24EE054A67EE853A23EE053A84EDBE
:10534000354AC4ED363A84ED373A96ED001AB5EE9B
:10535000401AF1EE10FA61EEAA1A22EE2A2A62EE43
:10536000AA2A00F0E281D5ED1C4A95ED1B6AD5ED25
:105370001D6A24EEAC7AA6EE0C7AA6EEAB7AACEE01
:10538000476AECEEC74AEBEEC76A94ED007AC7EEC7
:10539000017A27EE866A67EEA44A67EEA66A0DE0F8
:1053A00000000000000000006F12033B000000003E
:1053B00000007A4400FF7F4735FA8E3C0DF1A40CC3
:1053C000BCE80F0095ED081A6D460FC59CE8030078
:1053D00085E803005CAF26AB0ECB3846FFF706FB33
:1053E000BBE80F000DF1180CACE80F00BBE80F0094
:1053F000ACE80F00DBF80030CCF800300DF5BE7CD7
:10540000BCE80F00EE46AEE80F006CEEA57A24EE85
:10541000888A64EE894A9CE80300ECEE257A85E8E8
:105420000300E6EE0B4A97E80E00A6EE0A8A404615
:10543000E8EEA64A21EE051A7BEEA77AA9EEA68A27
:1054400021EE271AFFF7F6FA9DED667ADDED657A13
:10545000DDED696AD4ED035A94ED230AD4ED240AF4
:1054600094ED046A24EE877AB1EE488AA8EE277A92
:105470000123DDED677A64EEA66AA1EE277ADDED01
:10548000687A84ED387AE8EE276ADDED6A7AE1EE33
:10549000276ADDED6C7AC4ED396A64EEA74ADDED6A
:1054A0006B7AE8EE274ADDED6D7A63EEA55AE1EE00
:1054B000274A5FED437A94ED251AC4ED3A4AA1EEEE
:1054C000A70AE2EE270AA2EEA71A23EE066AD4ED97
:1054D000027A84ED230A25EEC38A64EE277AA3EECE
:1054E000868A26EE446A34EE477AA3EE276A73EE84
:1054F000E66AB0EE465A94ED1D6AC4ED240A26EE23
:10550000477A94ED1A6A84ED251AA1EEC67A67EE01
:10551000E37A94ED1E6AE4EE257A66EE666AD4EDCF
:105520001F5A94ED1B6A94ED214A73EE644AE2EE31
:10553000466A65EEE44A94ED1C6AE2EEC64A94EDD2
:10554000206AF0EE485AE0EE465AB0EE456A94ED15
:10555000225AA0EEC46AE1EE457A37EE257A76EE5D
:10556000866A77EEA44A84ED3B7AC4ED3C6AC4EDCA
:105570003D4A3374D4F8EC307360D4F8F030B36043
:10558000D4F8F430F3606FB0BDEC0E8BBDE8F08F53
:10559000012B03D192ED048AFFF749BB92F87F30CB
:1055A000012B1BD192ED0B1AD2ED0A0AD2ED0C1A87
:1055B00092ED090ACDED660A8DED650A8DED671A4B
:1055C000CDED681AFFF7B5FA84ED290AC4ED2A0A71
:1055D00084ED2B1AB0EE418AFFF72DBB1FED8D8AAB
:1055E000FFF729BBF0EE637AFFF76BBBB0EE634ABF
:1055F000FFF774BBF0EE646AFFF795BBB0EE647A18
:10560000FFF79EBB62EE027AE9EE097AE2EEA27A39
:10561000B1EEE77ACCEE078A29EE289A22EE28AA84
:1056200062EEA88A6DE4BBB995ED0D7A5FEDA07AC4
:10563000B4EEE77AF1EE10FA0ED50123337420466A
:10564000002333607360B360F3606FB0BDEC0E8B0A
:10565000BDE8F04FFFF7B4BAF5F780FCD5ED0D6A61
:105660001FEDAC7A5FEDAC9AC6EE877AB6EE00BA63
:1056700027EE800A28EE0B8A86ED000A95ED029A45
:1056800029EE299A29EE0B9AB0EE490ACEF724FFAB
:10569000F0EE408AB0EE490ACFF748F8D5ED037A2C
:1056A00069EEE79AB0EE409A69EE8B9AB0EE690A1D
:1056B000CEF712FFF0EE40AAB0EE690ACFF736F847
:1056C000B0EE40AAB0EE480ACEF706FFF0EE409AE0
:1056D000B0EE480ACFF72AF869EE2A0A28EE8A7A4D
:1056E00029EE0A9A67EE407A68EEAA8A29EE691ACC
:1056F000F0EE401AE9EEA07A04F1B000A1EEA81A8B
:1057000061EEA00A61EE891AE9EE870AE9EEA81AAD
:10571000B0EE670ACDED657ACDED660A8DED671ABC
:10572000CDED681AFFF7C2F942E4F0EE656AF0EEDB
:10573000654AB0EE656A41E60148FFF74DBA00BF21
:10574000981F00200120704713B5049CCDE9003458
:1057500013460A4601460248FFF74EFA02B010BD52
:10576000981F0020F6F762BCF6F768BC2DE9F041FF
:105770003F4E404FDFF800818CB004460D4668462E
:1057800000F076FB002843D1AB0730D13A4E3B4BBB
:105790009FED3B3A93ED021AD3ED010A93ED000A17
:1057A000D6ED022A96ED012AD6ED001AF6F74CFC4A
:1057B00004F10C0204F10801201DF6F7A5FD04F127
:1057C0001C0304F1180204F1140104F11000F6F7AF
:1057D00085FDD6ED010A96ED021A96ED000AF6F760
:1057E00007FEDFED270A84ED130A00F0ADFB0A2265
:1057F000B5FBF2F302FB13533BB99FED220A1C4A9F
:105800001C492B46204600F041FB0CB0BDE8F0815E
:105810009DF80030043B072BB1D801A252F823F0C9
:10582000655803087F5703087F5703087F5703080D
:105830007F570308415803084D5803085958030877
:1058400001AA07CA0D4B83E8070098E701AB93E86C
:10585000070088E8070092E701AB93E8070087E8B4
:1058600007008CE701AB93E8070086E8070086E7AE
:10587000F8D80020E0D80020D4D80020ECD80020B0
:105880006F12833B0AD7233C1FB51448F8F778FE04
:1058900003220021012004F031FC114B186020B9D3
:1058A00010491148C92200F0EFFC1049012004F012
:1058B00021FD0F4B0F4918600F4B0293603301938A
:1058C000022300934FF4E17200230C4805F042FAE2
:1058D0000B4B01221A7005B05DF804FB30D9002093
:1058E00008DA0020AC0005080A0105087CD9002070
:1058F00078D900201B01050860D70010C95903089A
:105900009E270020014B1878704700BF9E2700207B
:1059100070B50D4D04464FF0FF31286804F07EFE4F
:105920000A4950222046D2F715F900231A46194693
:10593000286804F01BFC06480023BDE8704000689E
:105940001A46194604F012BC78D9002014DA002057
:1059500008DA002008B5D9F74BFA30B1104B1149DD
:10596000114800225A6401F01BF99FED100A1048FB
:10597000F2F760FA9FED0F0A0F48F2F75BFA0F4853
:1059800000F00CFB00210E4800F08EFB05F0B0FB90
:10599000BDE80840024602490A48F8F717BE00BFB2
:1059A00030D9002022010508ED530208C3F51C413F
:1059B00010D9002035FA8E3CD8D90020F8D9002023
:1059C0000CDA0020C8DE00102DE9F04F8FB0F8F798
:1059D000EDF905F08DFB65230122CDE9003201468A
:1059E000064663237048714C714F4FF47A7201F090
:1059F000ADF9704BDFF80C9218684FF0FF3104F0EE
:105A00000DFE05F075FB99F80030054623B1FFF750
:105A1000A1FF002389F80030F7F7CAFDAE428046A7
:105A200020D86548F2F731FA6448F2F72EFA644B51
:105A3000644A65492046CDE90058F8F7D1FF634A2A
:105A4000594893682946013305F10A06936001F02D
:105A50008BF938B9544801F0A4F95D4902465D4814
:105A600001F09EF85849DFF850A1DFF850B12A46FE
:105A70002046F9F713FB02A800F0FAF978BB20469C
:105A8000F9F7EAFB18B1544A936801339360204652
:105A9000F2F796F968B9012389F800304F4B1A687C
:105AA000AA4206D205F5FA654D494A481D6001F043
:105AB00077F84C4D4FF0FF31286804F0AFFD4A49AC
:105AC0003A462046F9F780FD00231A461946286811
:105AD00004F04CFB454A93680133936089E79DF8D5
:105AE00008300A2BC7D8DFE803F006161B202B303E
:105AF000353B404753003E4B1B782BB13D4A03A931
:105B00002046FAF711FCB6E73A4B2A4603A920468D
:105B1000FAF78CFBAFE703A92046FAF727FAAAE7C2
:105B200003A92046FAF792F9A5E7334B1B7803A99E
:105B3000204613B1F9F7B6FE9DE7F9F74BFE9AE759
:105B400003A92046FAF72CFE95E703A92046F9F7AA
:105B500021FE90E7294A03A92046FAF7C9F88AE707
:105B600003A92046FAF772FE85E7254B2A4603A9CA
:105B70002046FAF767FA7EE70DF10C0841465846D1
:105B8000F2F767F998E807001C4B83E8070072E713
:105B90000DF10C0841465046F2F75BF998E8070012
:105BA00087E8070067E700BF74AC0020C8DE00107C
:105BB00004D9002008DA002010D90020D8D900200C
:105BC000ECD9002024D9002030D90020282500203D
:105BD00055010508ED5302080C25002064DA002069
:105BE0008B01050878D9002014DA00204425002014
:105BF00005DA0020F8D9002006DA0020CCD90020F0
:105C00000CDA002004DA0020014B1878704700BF3E
:105C10009E270020034B1A6842605A6882609B6886
:105C2000C3607047C8DE0010084A30B5034602F171
:105C30002005144603CCAC4218605960224603F19B
:105C40000803F6D12068186030BD00BFFCDE0010EC
:105C5000014B1878704700BF68DA0020034B1A78B0
:105C6000034B142101FB02339B68184768DA0020BC
:105C70003C02050810B4054B1A78054B142404FBAC
:105C800002335DF8044BDB68184700BF68DA002078
:105C90003C020508034B1A78034B142101FB023325
:105CA0001869704768DA00203C020508022870B5C0
:105CB0001CD8012838BF012014230D4D434304464E
:105CC000EB5803B198470B4E33783470142202FB23
:105CD00003556B6803B19847FFF7DCFF337806493B
:105CE0000246BDE87040054800F05ABF70BD00BFD5
:105CF0003C02050868DA0020B6010508ED530208E9
:105D000013B500230093084B044603F150023021E1
:105D1000142004F0A5F9054B1860204602B0BDE838
:105D20001040FFF7C3BF00BF8CE0001084DA0020F2
:105D300013B53A4B0446186800286DD0384B5B68A1
:105D4000C3F3080323B3002301AA2146019304F0FF
:105D5000F9FA019B012B09D14FF0E0234FF080525B
:105D6000C3F8042DBFF34F8FBFF36F8F01280CBF13
:105D70002C4A2D4A93680133936023780B2B4BD820
:105D8000DFE803F00B1B20222A2C2E303544464836
:105D90001A46214604F0EAF9E8E7244B94F8242057
:105DA0001A7094F825205A702148A26AC3F802207C
:105DB00002B0BDE81040F1F709BD1E4B227D1E4820
:105DC0001A70F5E71D48F3E71D4B227C1A706269D3
:105DD0001C48C3F80120EBE71B48E9E71B48E7E74D
:105DE0001B48E5E71B4BA2681B481A60E0E71B4B0A
:105DF000227E1A70627E5A70A27E9A70E269C3F89F
:105E00000320226A1648C3F80720D1E71548CFE7D8
:105E10001548CDE71548CBE702B010BD84DA002065
:105E200000ED00E0602500207C2500207ADA0020CB
:105E3000447F05086EDA00201C7F0508087F0508EE
:105E400069DA0020CC7E0508587F0508907E050899
:105E5000E07E050880DA00206C7F05086FDA0020FC
:105E6000307F0508F47E0508A47E0508B87E050885
:105E700008B5054B01460022186804F02FFB431EAD
:105E80005842584108BD00BF84DA002070B515465D
:105E90002DED028B04460E46B0EE408A05F028F93F
:105EA0002B68264AC01A3228254B30D893ED027A47
:105EB000D5ED016AF7EE007A77EEC77A012167EE39
:105EC000A67AD3ED006A1170E7EE267A93ED047A94
:105ED000D3ED016A27EE267AE8EE077AC3ED007A61
:105EE00000226262A262174AD3ED007A92ED007A34
:105EF000C2ED007A37EEC77AC4ED0B7AC7EE086AB6
:105F0000C3ED076ABDEC028BC4ED0F6A70BD127859
:105F1000002AE5D1D3ED006AD6ED027AF5EE406AAB
:105F2000F1EE10FAD2D093ED036AB7EE007A37EEB5
:105F3000467A67EE277AE6EE267AC7E78CDA002003
:105F40009825002088DA002010B50E4C2DED028B2C
:105F5000B0EE608AD4ED050A00F0E0FED4ED017ADF
:105F6000DFED096A28EE000ABDEC028BE0EE267A2E
:105F7000B0EE677AD4ED067A67EE877AC4ED017ADF
:105F800010BD00BF98250020C3F51C41024B1A78B4
:105F90000AB901221A707047A0270020002303606D
:105FA000012303720023436070470000D1ED057A9E
:105FB00091ED017AD1ED066A37EE677AD1ED027A7A
:105FC00077EEE67AD1ED076A67EEA77A38B5E7EEA5
:105FD000077A0446154691ED037A37EE667A2DED81
:105FE000028BE7EE077A91ED097A27EE077AB0EE99
:105FF000408AB4EEE77AF1EE10FA4CD54368D1ED61
:106000000A8AD31A00EE103AF3EE0E0AB8EE400AEE
:10601000CEF706FB38EEA87AB0EEC88ABCEEC00A0E
:10602000B4EEC78AF1EE10FAD4ED007AB8EE400A69
:1060300016D5DFED1A0A30EE270ACEF7F1FA207AEC
:1060400084ED000A98B1DFED167AB4EEE70AF1EEBE
:1060500010FA01DD002323726560BDEC028B38BDB0
:10606000DFED100A37EEC00ACEF7BCFAE7E7F0EE34
:10607000047A68EEA78AF3EE0E7AB4EEE88AF1EEBF
:1060800010FAB4EEE70A4CBF01200020F1EE10FA3E
:10609000E2D50123DFE70020DFE700BF00009643E1
:1060A00000008743000000006FF00F0301604360B1
:1060B0007047000060EE200ADFED137A4368F0EECF
:1060C000E00AF4EEE70AF1EE10FA13D50433282BB8
:1060D000C8BF2823436003688B4212D9F4EEE70A55
:1060E000F1EE10FA4CBF012200224368194401600E
:1060F00010467047083B13F1100FB8BF6FF00F0345
:10610000E8E70122F1E700BFCDCC4C3D012303605D
:1061100000487047B825002008B5E1F743F8BDE80E
:106120000840DEF795BA10B50278302A0B460AD13E
:1061300042783B2A07D10222815C31B13B2904D04D
:106140000132072AF8D1012010BD941E811C22467D
:106150001846D1F7FFFC034600201855F4E700006D
:10616000F0B58BB004460DF107000D4600F04AF87B
:106170000DF102010DF10700FFF7D5FF0026AE4239
:1061800001DB012009E020460DF10201D1F7ECFF0F
:1061900027462C3418B9034B1F600BB0F0BD0136F5
:1061A000EDE700BF90DA002013B5002301A80193AA
:1061B000FFF7ACFF0199FFF7D3FF044620B9FFF7C3
:1061C000ABFF204602B010BD0124FAE7014B18686E
:1061D0000530704790DA0020024B1B6893F82300CB
:1061E000704700BF90DA0020024B1B6893F8240030
:1061F000704700BF90DA0020014B1B68986A704717
:1062000090DA002008B50B4903460B480A785AB9C2
:1062100020318142FAD1094920221846D2F71EFACC
:10622000002280F8202008BD0448FF2A08BF01464C
:10623000F2E700BF0078FF1F007AFF1F7802050811
:1062400008B56FF00B00E5F705FABDE80840034913
:1062500003486FF00B0200F0A3BC00BF7F020508EB
:10626000ED53020810B5054B054A064C1A60C3E908
:10627000020101221A71227010BD00BF00C6012068
:106280001F008A2F94DA0020084608B511464FF007
:106290005F0383F31188BFF36F8FBFF34F8FFFF757
:1062A000E1FF0B4602460D490D4800F079FCDFF78F
:1062B000D5FFDFF7D5FB0B4BD3F8F020D2070BD47B
:1062C000BFF34F8FD968084A01F4E0610A43DA60EE
:1062D000BFF34F8F00BFFDE708BD00BFC102050837
:1062E000ED53020800ED00E00400FA0570B50A4C19
:1062F0000A4D0B4E2560C4E90423049BA361059B52
:10630000E361069B23620225079B2571C4E9020114
:106310003570636270BD00BF00C601201F008A2F68
:1063200094DA0020044B054A05491A6003221A71C9
:106330000A709860704700BF00C601201F008A2FB6
:1063400094DA00207FB51D4B1B78032B33D8DFE890
:1063500003F0020913291A491A4807B05DF804EB43
:1063600000F01EBC184A19491648D2E9022307B0AA
:106370005DF804EB00F014BC134A1549536A059309
:10638000136A0493D3690393936902935369019346
:1063900013690093D2E902230A4800F001FC07B018
:1063A0005DF804FB084B0B499A68064807B05DF896
:1063B00004EB00F0F5BB0849CEE700BF94DA0020FB
:1063C000DB020508ED53020800C60120FD020508A6
:1063D0001A0305086C0305088403050838B50A4D3F
:1063E0000A4B2A689A420DD12B795BB1084A0949B8
:1063F00009481370002400F0D3FB2C60FFF7A2FFC4
:10640000204638BD0120FCE700C601201F008A2F6E
:1064100094DA0020AA030508ED53020890ED000B62
:106420007047000000000000F8B5069C089DDDE9FB
:106430000A76651B9C46079C099B64EB03043D4060
:10644000344055EA040315D0801A61EB0C01384042
:106450003140D7F773F806460F4628462146D7F74E
:106460006DF802460B4630463946D7F7C7F941EC7E
:10647000100BF8BD9FED020BFBE700BFAFF30080F0
:10648000000000000000F0BF2DE9F84FD0E90089BE
:1064900055EC104B834642464B4610EE100A2946F7
:1064A000D6F7CAFE2AA3D3E90023DBF808A00646E4
:1064B0000F46D7F709FB58B327A3D3E9002330468B
:1064C0003946D7F7E3FA18B325A3D3E900234046AA
:1064D0004946D7F769F824A3D3E9002306460F46B7
:1064E00020462946D7F760F80B4602463946304623
:1064F000D6F7A4FEBAF1030FCBE900019CBF0AF165
:106500000103CBF808304FF0010A5046BDE8F88F80
:10651000BAF1000F14D116A3D3E90023204629466F
:10652000D7F7D2FA0028F0D013A3D3E900232046EE
:106530002946D7F7ABFA0028E7D0CBE90045E4E7D6
:106540000AF1FF30CBF808004FF0000ADDE700BF8A
:106550002B69A4292B1B60BE2B69A4292B1B603E31
:106560009A9999999999B93FCDCCCCCCCCCCEC3FA8
:1065700039EE940ED6FFEF3FE388B5F81400F03FF4
:1065800010B400F114010246002312F8014B234419
:106590008A42DBB2F9D103755DF8044B1522002164
:1065A000DDF7FABF70B5454E347886B054BB444829
:1065B000DDF794FFDDF7ACFF00287AD0414D1522BE
:1065C00021462846DDF7D0FF002872D02A683E4BCE
:1065D0009A426ED12B79012B30D12A7D234615F8B2
:1065E000011B01340B44142CDBB2F8D19A42374C16
:1065F0000BD137493748012200F0D2FA012323702A
:1066000001233370002006B070BD3349314800F0DB
:10661000C7FA00232370314B2A4A03F1140153F8BF
:10662000040B42F8040B8B42F9D11B782B481370F2
:10663000FFF7A6FFA8BB4FF0FF30E4E735D8E97BB2
:1066400023462A4612F8010B013403440F2CDBB217
:10665000F8D1994229D1214B0DF1030103F1140026
:106660000A4653F8044B41F8044B8342F9D11B7896
:106670000B701B4BD5F805100291596803911989CD
:10668000ADF81010053B0DF1170152F8040B43F85B
:10669000040B8A42F9D112780A481A70FFF770FF8A
:1066A00038B10A4B01221A70AAE7084B00221A706F
:1066B000B1E7064B1B78002BA2D1ACE7A127002045
:1066C000440F002096DA00203078424395DA00200B
:1066D000E3030508ED53020803040508E425002040
:1066E0009BDA0020DDF72CBF034B1B7813B1034B63
:1066F000587970475020704795DA002096DA0020CC
:10670000034B1B7813B1034B9879704702207047F5
:1067100095DA002096DA0020054B1B781BB1054B5B
:106720001869D97B70474FF0E730E721704700BF09
:1067300095DA002096DA0020054B1B782BB1054B2B
:10674000D3F8073000EE103A70470023FAE700BF95
:1067500095DA002096DA0020054B1B782BB1054B0B
:10676000D3F80B3000EE103A70470023FAE700BF71
:1067700095DA002096DA0020F0B50D4C23789BB90D
:106780000C4E0D4DFF221346082103F001075B0854
:1067900007B17340013911F0FF01F6D145F82230FD
:1067A000013AF0D2012323704FF0FF330360F0BDB4
:1067B000ABDA00202083B8EDC8EE001030B50468D5
:1067C000074D0A44914201D1046030BD11F8013BEC
:1067D0006340DBB255F8233083EA1424F2E700BFAC
:1067E000C8EE00100068C04370471FB5044603A8F8
:1067F0000191FFF7C1FF019A2146FFF7DFFF0398E0
:10680000C04304B010BD70472DE9F84F0F24002598
:106810009DF82C80064693461F46AA46A146A00036
:10682000A0F12002C0F1200129FA01F109FA02F2D7
:106830000A4309FA00F13A4001EA0B01C0F1200EC7
:1068400002FA0EFEA0F1200CC14022FA0CFC41EA33
:106850000E0141EA0C01C24051EA020308D13DB9E0
:106860000A9BA3420BDC013CD9D25046BDE8F88F0D
:10687000044B585CB04701250AF1010AF3E7404692
:10688000B047F9E7200405082DE9F84F1E4652EA03
:1068900006038146174636D13020C8474FF001081D
:1068A0004046BDE8F88F08FB04F3A5FB08541C44E0
:1068B00023462A4638463146D7F7CCFA0A2871F1E2
:1068C0000003F0D24FF000082A46234638463146EE
:1068D000D7F7C0FA0A220023D7F7BCFA0C4B985C12
:1068E000C8470023284621460A22D7F7B3FAAB4609
:1068F000A246BBF10A0F7AF1000308F10108054630
:106900000C46E1D2CCE7012500244FF00A08CFE77E
:10691000200405082DE9F843144654EA0302089FB1
:10692000064604D13020B0470120BDE8F883002B93
:1069300017DBA1461D464FF0000801230A22092C4F
:1069400019DC9F4206DDFF1A3C46002C17DC002FA5
:10695000A8BFB8444A462B463046FFF795FF40444F
:10696000E3E7D4F100094FF02D0063EB43054FF04E
:106970000108B047E1E7013394FBF2F4DFE7302090
:10698000B047013CE1E700002DE9F0472DED028B17
:10699000DFF8088282B0064614460025087828B938
:1069A000284602B0BDEC028BBDE8F087252801F136
:1069B000010703D14878252803D18F1CB047013542
:1069C000A7E0202296463A78302A3B4607F1010795
:1069D000F8D04FF0000C0A27194611F8012B12F8D5
:1069E000080040071FD44FF006091A7818F8021063
:1069F00089071ED0582A03F1010731D0633AD1B27A
:106A0000152900F28680152A00F28380DFE802F063
:106A1000C21E816C81811E81812E81818181818153
:106A2000B6812481812807FB0C2CACF1300C0B467D
:106A3000D2E72E2AFDD15A7818F80200591C4007D7
:106A400046BFA2F1300902330B46CEE754F8042BBF
:106A500000230093D31724E054F8042B002326E0EE
:106A600054F8042BCDE900CE002329E059786C2995
:106A70002AD1DF1C9B78073424F00704752BF4E837
:106A8000020112D007D8642B07D0692B05D0582BF0
:106A900012D000200EE0782BFAE700230093024684
:106AA0000B463046FFF736FF04E002460B46304601
:106AB000FFF7EAFE05442CE0CDE900CE02460B4686
:106AC0003046FFF7A1FEF5E7752954F8042B03F1D2
:106AD0000207C3D006D86429BAD06929B8D058298A
:106AE000C0D0D6E77829FBE7073424F00704F4E8A0
:106AF0000201D7F751F808EE100AB4EE488AF1EE19
:106B000010FA08D76E20B0476120B0476E20B0471A
:106B10000335394642E7B5EEC08AF1EE10FA04D5E6
:106B20002D20B047B1EE488A0135FDEEC88A00231A
:106B300018EE902A00933046D317FFF7EBFE05447A
:106B40002E20B047F8EEE88A0A2338EE688A01352D
:106B50000122194691450EDC07EE903AF8EEE77AED
:106B600067EE887A17EE900AD7F7A0F9CDF8009073
:106B700002460B4695E74B430132EBE754F8049B82
:106B8000A5EB090A0AEB090519F8010B0028C0D08A
:106B9000B047F7E754F8040BC0B20FE719930408A5
:106BA0000EB403B503AA52F8041B0192FFF7ECFEE2
:106BB00002B05DF804EB03B070470000C0EE207A2D
:106BC00010B504469FED170A80EE270ACDF7E8FDC1
:106BD00000236361A361F7EE006ADFED135AB0EEA4
:106BE000667AA0EE257A60EE007A37EE277A87EE95
:106BF000876A36EE065A84ED026A84ED046A37EE3F
:106C0000E66AE0EE656A36EE066A77EEA67A84ED0D
:106C1000035AC7EE876A86EE075AC4ED016A84ED0F
:106C2000005A10BDDB0F4940F304B53F30B1F5EE1B
:106C3000C00AF1EE10FA01D9FFF7C0BF704700009B
:106C400090ED057AD0ED006A90ED016AF0EE407AA1
:106C5000E7EE667AD0ED066A80ED067AE6EEC67A51
:106C60009FED0C6AF0EEE75AF4EEC65AF1EE10FA18
:106C700088BFF0EE407A90ED030A90ED026AC0ED15
:106C8000057A27EE000AA6EE270A90ED046AA6EE22
:106C9000860A7047FFFF7F7F82B08DED010A019B5E
:106CA000C3F3C752FF2A4FEAD37105D1C3F31603CA
:106CB00023B14FF4FC4007E08E2A07D9002914BF06
:106CC0004FF47C404FF4F84002B070476F2A0BD964
:106CD000C3F34930C3F30033184440EAC130703A7B
:106CE00040EA822080B2EFE70020EDE708B5F0EE41
:106CF000607A2DED028BF0EE400AB0EE670AB0EE3E
:106D0000418ACDF76FFCF0EE400AB0EE480ABDECC8
:106D1000028BBDE80840CDF783BC0000F0EEC07ADE
:106D2000F4EEE07AF1EE10FA0BD4B5EEC00AF1EE13
:106D300010FA02DD30EE600A704704D530EE200A0A
:106D400070479FED010A70470000000010B54360D6
:106D5000029B836000249DF80C30046011440261A2
:106D6000C1604461037610BD0268C36801328B4282
:106D7000026011D243689A4211D383689A428CBF51
:106D80000023012342610022026002691144027E55
:106D9000C16012B1013A0276012318467047002300
:106DA000F0E7406970472DE9F0410446E7F7B0FA93
:106DB00005460E4614EB050846F10007E7F7A8FA6A
:106DC000404571EB0703F5D3BDE8F08183680269A4
:106DD000CB1A9A4210B514D2D0E90042A21A07EE9B
:106DE000902AB8EE677A07EE903A9FED076AF8EEC0
:106DF000677AC0E90141C7EE866AC7EE267AC0ED20
:106E0000037A90ED030A10BD00007A440B46014658
:106E100003F10800FFF7DABF0023C0E90233036182
:106E200000234361024B816140600360704700BFF3
:106E30000D6E0308F8B50121064600F0E7FA054695
:106E40006B1C00D1F8BD2946304600F0F9FA411C10
:106E5000074605D129463046BDE8F84000F002BAA1
:106E60000146304600F0D2FA421C034604D13946AE
:106E7000304600F0AFFA0346DC1B23462A4639466B
:106E800030462C4400F000FA7A1B2146304600F0D0
:106E9000D6F92546D4E700002DE9F7430D46012138
:106EA0001F460446904600F095FA431C064605D15D
:106EB00018491948FFF774FE002016E02846D1F75C
:106EC0001FFB07F1050906EB0903184423689842E4
:106ED0000ED243462A4631460097204600F083F9F9
:106EE0008119204600F0BEF9012003B0BDE8F0830F
:106EF0002046FFF79FFF0121204600F06BFA06466F
:106F00002846D1F7FDFA2368304448449842E0D33C
:106F10000249CEE734040508ED5302084D04050884
:106F20002DE9F0410D4686B017460A4601211E465E
:106F3000044600F0CDF9431C014608D133463A46D9
:106F40002946204606B0BDE8F041FFF7A5BF0390F3
:106F5000204600F09DFA8DF81500C0F307208DF84B
:106F600016002846D1F7CCFAF31CBDF8158003991A
:106F7000184480B2404504D04246204600F05FF9F4
:106F8000DCE700963B462A46204600F02CF901201B
:106F900006B0BDE8F08100002DE9F04F2DED028B29
:106FA00087B002AF3E1D08EE101A284B009690469F
:106FB0000A460121054600F0C5F9DFF89090044625
:106FC00079684B1C01D1012039E0284600F060FAB5
:106FD000C0F307227870BA70B7F801B0C0F3074366
:106FE000FB70DBB2ABEB0303A3F1030BBBF1080FA8
:106FF00028BF4FF0080BCDF800B0BB787A78F9784D
:1070000042EA032242EA014207F10803796828466E
:10701000EA4600F059FA80B15A4607F1080148469D
:10702000C04750B179680096214418EE102A4B46AB
:10703000284600F087F90446C2E70020D5461437F9
:10704000BD46BDEC028BBDE8F08F00BFACDA00207E
:107050002DE9F041174686B00A46012198460646BA
:1070600000F036F9431C014623D00390304600F06F
:107070000FFAC0F307238DF815008DF81630BDF810
:1070800015509DF815200399C0F30744DBB22D1B62
:1070900042EA0322033D454594BF0095CDF80080A8
:1070A0003B4642EA0442304600F00EFA06B0BDE824
:1070B000F0810020FAE71FB50A460121044600F0DE
:1070C00007F9431C014612D00190204600F0E0F978
:1070D000C0F307238DF80D008DF80E30BDF80D209C
:1070E0000199204600F0ABF8012004B010BD00204B
:1070F000FBE737B5012583688DF8075004462A461B
:107100000DF10701002098472946204600F0AAF813
:1071100003B030BD13B5012243680DF107010446E9
:10712000002098479DF80710012907D1204600F05C
:1071300051F9013018BF012002B010BD0020FBE75B
:107140002DE9F04F0C4687B00121064600F042F9C8
:10715000002501902B46AB462F46A846AA46A946D5
:1071600001210198814214D23046CDE9021300F08A
:107170008FF9C0F3072C8DF815008DF816C0BDF8F7
:1071800015C04FF6FF729445DDE90213C0F30740C6
:107190001AD13268C4F81880C4E90273C4E9002A1D
:1071A000C4E904B53368DB1BE361642303FB08F81F
:1071B0003368DF1BB8FBF7F727623368A3EB0903DB
:1071C000636207B0BDE8F08FE14410B9E044614468
:1071D000C7E70344ACEB0000033867440AF1010A37
:1071E00003358344F3E72DE9F341044610460D4689
:1071F00016469846D1F784F9089FC0B2FB1C8DF85B
:1072000007001844ADF80500A3680DF1050103223D
:10721000284698479DF80720A3683146E81C984700
:107220009DF80700A36803303A4641462844984732
:10723000E3689847BDF8050002B0BDE8F08137B5B6
:107240000446002395B2ADF805208DF807300322DF
:10725000A36808460DF105019847E368984728465A
:1072600003B030BD13B504464FF6FF73ADF80630DA
:107270000222A36808460DF106019847E368984783
:10728000022002B010BD00002DE9F047DFF83C906D
:1072900005460E4617461C461CB9EB68BDE8F0478C
:1072A0001847202CA04628BF4FF020086B684246A4
:1072B0004946304698473846AB6842464946984763
:1072C00046444744A4EB0804E6E700BFECDA00209C
:1072D0002DE9F047064610460C469046D1F710F9C6
:1072E000DFF85CA0C7B24FF6FF793368033BA342D7
:1072F0000FD9736812490322204698479AF8013043
:107300009AF8005005EB0325ADB24D459AF80230CE
:1073100004D14FF0FF342046BDE8F0879F4201D0F2
:107320002C44E2E73A4651467368E01C98473A46D7
:1073300051464046D0F7DCFB0028F1D1EBE700BF17
:107340000BDC00202DE9F74F064610460D4690460F
:107350009946D1F7D5F8DFF878A0C7B23368033B78
:10736000AB4211D973681A490322284698479AF804
:1073700001009AF800409AF802B004EB0024A4B28D
:107380004FF6FF739C4206D10C9B4FF0FF30186004
:1073900003B0BDE8F08F5F4517D85A465146736871
:1073A000E81C98473A4651464046D0F7A1FB60B9E1
:1073B000019007495A464846D0F7CCFB019B09F893
:1073C0000B300C9B20461D60E2E72544C6E700BF5A
:1073D0000CDB002073B505460C464FF6FF762B6894
:1073E000023BA3420BD96B6803220DF10501204635
:1073F0009847BDF80530B34203D0032B04D84FF0B3
:10740000FF34204602B070BD1C44E8E737B505469E
:107410000C462B68023BA34204D84FF0FF342046B1
:1074200003B030BD6B6803220DF10501204698477B
:107430009DF80730002BF2D0BDF805301C44E8E77A
:1074400073B50C464368054603220DF1050120463D
:107450009847BDF805304FF6FF76B34212D14FF092
:10746000FF34204602B070BD6B6803220DF10501A8
:1074700020469847BDF80530B342F0D09DF807206C
:10748000002AEED11C442B68033BA342ECD8E6E76C
:1074900007B5034603225B6808460DF102019847D1
:1074A000BDF80230ADF805309DF80530002063F3DB
:1074B00007009DF8063063F30F209DF8043063F356
:1074C000174003B05DF804FBF7B594B2C2F307456B
:1074D000033C089A4668641B944228BF14460F4632
:1074E000033522461946E819B047204603B0F0BDDF
:1074F0002DE9F0472DED028B9A460B6813600FF2D1
:107500008809D9E900894B68536082B007460D4667
:10751000144605266A4621463846D047D5ED007AFE
:107520009DED007A95ED018A77EEC77A9DED017A9F
:1075300038EE478A94ED007A37EE277AF0EEE77A54
:1075400084ED007A94ED017A37EE087A17EE900A0E
:1075500084ED017AD5F7D0FF42464B46D6F796FA2E
:1075600050B1F0EEC87A17EE900AD5F7C5FF424643
:107570004B46D6F78BFA08B9013ECBD102B0BDEC31
:10758000028BBDE8F08700BFFCA9F1D24D62403FFD
:10759000CA798B7943EA022307EE903AF2EE677AD2
:1075A00017EE903A0360CA7A8B7A43EA022307EE19
:1075B000903AF2EE677A17EE903A43604A7C0B7C81
:1075C00043EA022307EE903AF2EE677A17EE903A1A
:1075D00083600A7FCB7E43EA022307EE903AF2EE05
:1075E000677A17EE903AC3600A7ECB7D43EA0223A6
:1075F00007EE903AF2EE677A17EE903A036191F84F
:10760000262091F8253043EA022307EE903AF2EE65
:10761000677A17EE903A436191F8222091F8213071
:1076200043EA022307EE903AF2EE677A17EE903AB9
:1076300083614A7A0B7A43EA022307EE903AF2EE2C
:10764000677A17EE903AC3614A7B0B7B43EA0223C9
:1076500007EE903AF2EE677A17EE903A0362CA7C30
:107660008B7C43EA022307EE903AF2EE677A17EE3C
:10767000903A43628A7F4B7F43EA022307EE903AB7
:10768000F2EE677A17EE903A83628A7E4B7E43EA87
:10769000022307EE903AF2EE677A17EE903AC36251
:1076A00091F8282091F8273043EA022307EE903A18
:1076B000F2EE677A17EE903A036391F8233091F86F
:1076C000242043EA022307EE903AF2EE677A17EE9F
:1076D000903A4363D1F802308363012380F83C3051
:1076E00070470000014BFFF703BF00BFF1770308AD
:1076F000014BFFF7FDBE00BF2D79030803680B6047
:1077000043684B607047000010B52DED068BB0EE5E
:10771000608AF0EE408AF0EE400AB0EE480A28EEA9
:10772000088AB0EE41AA0446CDF7CCF8A8EEA88AA4
:10773000B0EE409AF0EE680AB0EE4A0ACDF7C2F811
:10774000B5EEC08AF1EE10FAF0EE409A3FDBF1EEB2
:10775000C88A636800EE103ACDF722F820EE0A0AD4
:10776000BFEE007AC0EE287AF4EEC77AF1EE10FA96
:1077700035D4B7EE007AF4EE477AF1EE10FAC8BFCE
:10778000F0EE477AB0EE670ACDF768F8E36807EEE7
:10779000903A2369B0EE408A00EE103A39EE000AC2
:1077A000F1EE678A01F042FEA36807EE903A236883
:1077B00007EE103A38EE078A69EEA77AA8EE808ABB
:1077C000A7EEA98A39EE480ABDEC068B10BD054923
:1077D0000548DFED068A5C22FEF756FDB9E7F0EEBC
:1077E000477ACFE7CFFB04081EFC04080000000026
:1077F00070B52DED028B91ED000A82B014460E4655
:107800000546CCF7CDFFF0EE408A96ED010ACCF7A5
:10781000C7FFDFED111AB0EE408A2846B0EE401ADD
:10782000F0EE680AB7EE000ACDED011AFFF76CFF23
:10783000DDED011A84ED000A05F11C00B1EE681AB5
:10784000F0EE480AB7EE000AFFF75EFF84ED010A8A
:1078500002B0BDEC028B70BD0000000010B52DED34
:10786000068BB0EE608AF0EE408AF0EE400AB0EE91
:10787000480A28EE088AF0EE419AA8EEA88A044643
:10788000B0EE61AACDF71EF8B5EEC08AF1EE10FA9F
:10789000B0EE409A38DBF1EEC88A636800EE103A29
:1078A0003AEE400ACCF77CFF20EE290ABFEE007AC0
:1078B000C0EE287AF4EEC77AF1EE10FA2CD4B7EEC7
:1078C000007AF4EE477AF1EE10FAC8BFF0EE477A8C
:1078D000B0EE670ACCF7C2FFE36807EE903A23697F
:1078E00030EE098A00EE103A39EE000AF1EE678AAE
:1078F00001F054FD236807EE903AE8EE807A38EE06
:10790000670ABDEC068B10BD05490648DFED068A07
:107910005C22FEF7B9FCC0E7F0EE477AD8E700BF7B
:10792000CFFB04081EFC04080000000030B52DED5C
:10793000048B91ED018A91ED009A39EE080AF6EE7A
:10794000007A83B020EE270A14460546CCF728FFBC
:107950008DED000A38EE490ACCF7E8FEF0EE408AD9
:10796000B0EE480ACCF7B8FDB0EE408AB0EE490A56
:10797000CCF7B2FD38EE008A9FED120ADDED000A69
:10798000DFED111A28EE008A284688EE881AB7EE35
:10799000000A8DED011AFFF761FFDFED0C1A84ED8F
:1079A000000A9DED011ADDED000A05F11C00B7EE9D
:1079B000000AFFF753FF84ED010A03B0BDEC048B0E
:1079C00030BD00BF3ACD133F920A06BF920A063F70
:1079D000D1ED017A90ED010A90ED007A20EE270AB0
:1079E000D1ED007AA7EE270A90ED027AD1ED027A66
:1079F000A7EE270A7047000008B50146FFF7E8FF29
:107A0000B5EEC00AF1EE10FA04DBF1EEC07AB0EE8A
:107A1000670A08BD034904485C22FEF735FCDFED28
:107A2000037AF4E7CFFB04081EFC04080000000002
:107A30001FB50023CDE901330A46039301A90323AF
:107A400001F07AFC05B05DF804FB000070B52DED87
:107A5000048B8AB0F0EE609A0E460446B0EE408A7F
:107A600001F0E4FCB0EE409AB0EE480A01F096FC5A
:107A7000F0EE408AB0EE690A01F0D8FCB0EE408A20
:107A8000B0EE690A01F08AFCDFED1A7AB0EE677A8F
:107A9000A8EE807A07AD28460C348DED077A28EEE3
:107AA000277A67EEC97AA9EE007AE8EE887A8DED3A
:107AB000087ACDED097AFFF79FFFF7EE007A87EE9F
:107AC000800A29462846032201F052FC4FF0031396
:107AD000019305AAA3F5003303A901A8CDE9033555
:107AE000CDE905360294F8F78DFA0AB0BDEC048BA7
:107AF00070BD00BF0000000070B52DED028B0C467C
:107B000092B0D2ED010A92ED000A534906461D4695
:107B1000FFF79CFF51493046FFF78AFFD5ED010A78
:107B200095ED000A4E492046FFF790FF20464D494B
:107B3000FFF77EFF00244B4948480894032306AA18
:107B4000CDE9064401F01EFC434901AB084603227F
:107B500001F0FEFB4249404802AB032201F0F8FB72
:107B60003F4903AB0846032201F0F2FB3A4804AB5D
:107B7000032206A901F0ECFB394805AB032206A954
:107B800001F0E6FBDDED027ADDED016A9DED037AA1
:107B900027EEE78AA6EE878ADFED336AB0EEC86A81
:107BA000B4EEE66AF1EE10FA54D49DED040A2A48C8
:107BB0000B9420EE470A9DED057AA7EE870A032273
:107BC00009A9CDE9094480EE080A01F0D1FB09AA10
:107BD00003231046214901F0AFFB21480E94DDED4F
:107BE000027A9DED040A9DED017A20EE670ADDED33
:107BF000057AA7EE270A03220CA9CDE90C4480EEF2
:107C0000080A01F0B5FB0CAA10461649032301F03F
:107C100093FB03230FAA0CA909A8CDE90F441194E3
:107C200001F08AFBB6EE000A189903220FA801F0B2
:107C30009FFB03230FAA0CA909A801F0A3FB0FA81F
:107C4000FFF7DAFE199B012083ED000A12B0BDECAC
:107C5000028B70BD2046F9E724DD00200CDD0020FA
:107C600030DD002018DD0020ACC527377FB50D467C
:107C7000044619462846FFF7ABFEB5EE400AF1EE82
:107C800010FA089EB0EE406A38D0D4ED006AD2ED0A
:107C9000007A92ED017A76EEE77A1846CDED017A18
:107CA000D4ED017A77EEC77A92ED027ACDED027AC1
:107CB000D4ED027A77EEC77A01A9CDED037AFFF70A
:107CC00087FEB1EE400A80EE067A0120D5ED007AFB
:107CD000E7EE876AC6ED006AD5ED016AD4ED017A58
:107CE000E6EE877AC6ED017AD5ED026AD4ED027A26
:107CF000E6EE877AC6ED027A04B070BD0020FBE79D
:107D000030B51C46154B89B0CDE901320022CDE9D2
:107D100005220792124A05AB0546CDE90323084622
:107D200003AA01A9F8F76EF9D5ED007A9DED057A61
:107D300077EE877A9DED067AC4ED007AD5ED017A6B
:107D400077EE877A9DED077AC4ED017AD5ED027A58
:107D500077EE877AC4ED027A09B030BD03000100E6
:107D600001000300F0B52DED028B054685B00846F5
:107D70000C4617461E46FFF73FFE2846B0EE408AE7
:107D8000FFF73AFEDFED2D7AB4EEE70AF1EE10FAD6
:107D9000F0EE406A50D429462046FFF719FE28EE3F
:107DA000268AB7EE007AC0EE087AF4EEC77AF1EED2
:107DB00010FA3EDCBFEE007AF4EE477AF1EE10FAEC
:107DC00048BFF0EE477AB0EE670ACCF713FDD4ED6A
:107DD000024AD5ED015A94ED015A95ED027AD5ED9E
:107DE000007A25EEE46A3846A5EE076A01A9F0EEAE
:107DF000406A8DED016A94ED006A26EE477AA4EEA2
:107E0000A77A67EEC57A8DED027AE5EE867ACDED3A
:107E1000037AFFF7DDFDB5EEC00AF1EE10FAC8BF38
:107E2000F1EE666AC6ED006A012005B0BDEC028B7A
:107E3000F0BDF0EE477AC6E70020F6E717B7D13875
:107E400038B58369112B044601F0010107D139B11E
:107E5000012303750020C4E90300A08338BD61B984
:107E60000133A361237D002B34D0E368102B1AD19A
:107E700029B9002020756077F0E70023F1E7237F20
:107E80000025042BE5600BD1204650F81E1BFEF7A1
:107E9000ACFCA36825751B1A584258416077DDE792
:107EA00065772846DAE7A288013341EA420189B2C0
:107EB000102BA180E3600DD1237F032B0AD8DFE8CC
:107EC00003F0020B181D49BA89B22B292160D0DCBE
:107ED000012323770020CEE7236904EB430249BA4C
:107EE000D18322680133B2EB430F2361F2DC02231A
:107EF000EFE749BA89B2A1600323EAE7A36849BA68
:107F000043EA0141A1600423E3E72DE9F0413D2369
:107F1000534303F530760644184491F8803290F8C4
:107F2000FC7250246243022B0ABF02F5A0748C1825
:107F300064180D4604F1500804F1080287B195F861
:107F40008032022B2146304607D1FFF7D1FB143493
:107F50004445F1D13846BDE8F081FFF7C3FBF6E7B1
:107F600011462046FFF7CAFBF1E790F88032012B5B
:107F700001D100F0F3BA7047502303FB0103002244
:107F80001A61C3F850215A62C3F864219A63C3F896
:107F90007821DA64C3F88C21FFF7E7BF2DE9F843B5
:107FA000835C04468846164673B10025471EA946E1
:107FB00017F8013F1BB929464046FFF7DDFF0135A1
:107FC000042D87F80090F3D10123A355BDE8F88371
:107FD000F8B500260746044635462561C4F85051D9
:107FE0006562C4F86451A563C4F87851E564C4F8C7
:107FF0008C51314638460136FFF7B7FF042E04F1A5
:108000005004EAD1F8BD38B50D460446FFF7ADFF80
:10801000502101FB054100230B61C1F850314B6237
:10802000C1F864318B63C1F87831CB64C1F88C310D
:1080300038BD10B500F0B8FA044600F0D5FCA042F7
:1080400038BF2046C0B210BD2DE9F04F057A4E680A
:108050000F8987B00446934608780193002D40F0BD
:10806000E48004EB8001D1F8102102EBC00301325F
:1080700004EBC303072AC3E90467C1F8102106DC37
:108080005846FFF7A5FF284607B0BDE8F08F04F576
:1080900088739F49039304F11006AA4673686FF42E
:1080A0007A729A1840F6C80082424ED9B3F5007F22
:1080B0006FDB0020E3688342DCBF0AF1010AE06065
:1080C000BAF1000F00F0AB80924B4FF000081F6830
:1080D0001A46C4460CF1010CE24576D1B7FBF1F02B
:1080E00001FB1070B8F1000F08D08B4B9F429EBF70
:1080F00007F18070B0FBF1F301FB13006FF0004259
:108100000023CDE901234FF001094FF0004ECC458B
:1081100067D1019BAEEB030EBEF5C87F7FDC029BEF
:1081200093FBFCFC674427F07F4701232372C4F8CC
:108130003871C4F820711022002104F58870CFF73F
:108140001FFE237A002B9ED19AE74FF0000E4FF0CE
:10815000000C3746604606F13808FB686FF47A7900
:1081600003EB090240F6C8094A4527D8BEF1000FC3
:1081700012D006AB03EB8003BA6843F8082C012841
:1081800000F09A814FF0000E01200837B845E4D185
:108190008FE74FF0010EDAE70128F6D1049ABB68A9
:1081A0009B1A23F07F43A3F5EA530D3B41F286323D
:1081B00093423FF67EAF0CF1010CE6E7B3F5007F8A
:1081C000BFF677AF4FF0010EDFE752F8043FFB1A1E
:1081D000002BB8BF5B42B3F5000FA8BF4FF00108FA
:1081E00078E74C4B53F82930B8F1000F04D04A4AD5
:1081F000934298BF03F18073B3FBF1F201FB12339A
:10820000019A1B1A9A42A8BF1A460192029A9E45E9
:108210001A44B8BF9E46029209F1010977E7039B11
:108220004036B3427FF43AAF85E7D4F820213B4D86
:10823000B21A22F07F42A2F543511539A94202D960
:10824000B7F5007F11D204EBC003012293F870113F
:1082500039B9C3F86C6183F8702184F88C2100254A
:1082600052E0022183F87011F7E72D490B3A8A4258
:10827000F5D8D4F838212649B21A22F07F42B2FB51
:10828000F1F001FB102227498A4284BFA2F5433254
:10829000A2F5A07202F28F1243F262218A4227D81D
:1082A00094F88CC1BCF1000F40D10025D4F83831CE
:1082B000174AF31A23F07F43B3FBF2F102FB1133A9
:1082C000A3F59C53184A093B934200F22381E368CB
:1082D000012B00F30881002384F8703184F8783191
:1082E00084F8803184F8883184F88C3123720BE073
:1082F000002584F8705184F8785184F8805184F80E
:10830000885184F88C51257201238BF88032BAE6AB
:10831000400D03003CDD0020FEFF7F00C27A02001A
:10832000EAFFFF00A0860100177301000025DFF8B7
:108330002882DFED856A9FED856A9FED855A20468C
:108340002946F5EE005A4FF0140E4FF0500990F800
:108350007021012A45D1D0F86C21D4F83431D21AD9
:1083600022F07F4AC2453CD8D4F8642194F8685181
:1083700005EB420504EB850595ED557AB4EEE67AFA
:10838000F1EE10FA91D4B4EEC67AF1EE10FA8CDC6C
:1083900007EE90AAF8EEE77A019BE7EE657A1A609D
:1083A000109B94F868211A6077EEA77AD4F86421BC
:1083B00094F868A167EE857A01EB8105C7EE874ADC
:1083C0000EFB0255554409FB02F20BEB85050EFB33
:1083D0000122C5ED004A0BEB02052A6901322A6130
:1083E00065460131042900F10800B0D1002384F86A
:1083F000703184F8783184F8803184F8883184F8D9
:108400008C31002D3FF451AFD4F83C114FF0FA08F5
:10841000A1F25F5104F5C87091FBF8F1C1F340017E
:10842000FFF70EFDD4F840118146A1F25F5104F52B
:10843000EE7091FBF8F1C1F34001FFF701FD119BD4
:10844000002818BF814683F800902FE7D4F8442114
:10845000C4F84461B21A22F07F4207EE902AF8EE87
:10846000E77AC4ED557AFA22A7F25F5797FBF2F745
:108470007A07C4F820613FF547AF07F00107C4F859
:10848000643184F86871C4F834613DE7D4F84C3144
:10849000C4F84C61F31A23F07F4307EE903AF8EEEC
:1084A000E77AC4ED577AA6F51C53103B23F07F43BF
:1084B000C4F838310123D6E7DDE904239B1A23F001
:1084C0007F436FF46C77A3F542333B4440F21E3791
:1084D000BB423FF6EEAD1F4BBCF1000F43F82A2024
:1084E000C8BF0220E6E5A7F25F53FA2293FBF2F33E
:1084F000DB07C4F84071C9D5D4F85031C4F85061D5
:10850000F31A23F07F4307EE903AF8EEE77AC4EDD2
:10851000587AC8E7A7F25F53FA2293FBF2F313F0FD
:108520000103C4E94E6791D0D4F84831C4F84861DA
:10853000F31A23F07F4307EE903AF8EEE77A002330
:10854000C4ED567A8FE700BF00DFC04800C1C548C0
:10855000DB0F49403CDD00203F0D0300F0B5104B20
:10856000104D1B682C88CA00934024EA0304502352
:1085700003FB01002C8002F108060021012703699A
:1085800033B107FA03F3013B934023439CB201212B
:108590000232B24200F11400F1D101B12C80F0BDE1
:1085A000FC2500204CDD002008B50B4B1888D5F7C2
:1085B00069FCD4F78FFF094B0022D4F7F5FF04A321
:1085C000D3E90023D4F7F0FFD5F7C6FAC0B208BD4F
:1085D0000000000000E06F404CDD00200000A03FE4
:1085E00010B570EE207AB6EE007A67EE877A2DED40
:1085F000048BC0ED007AB0EE408A30EEC00AF0EE97
:10860000608A0446CCF792F8B0EE409AB0EE480A81
:10861000CBF762FFB0EE408AB0EE680ACBF75CFFA2
:10862000DFED070A38EE008AB0EE490A68EE200A4C
:10863000CCF748F9BDEC048B84ED010A10BD00BFF6
:108640003ACD133F2DE9F04F2DED028B85B0174643
:1086500004460D460293E5F75BFEDFF808938A4671
:10866000804607F5227600214FF0180BD6E900204E
:10867000B8EB020259F8043BB3FBFBFC6AEB0000C9
:1086800000239445834106F1080604D2384601913F
:10869000FFF772FC019901310429E7D16B68D4F826
:1086A000CC2003F51C5310339B1A23F07F4344F670
:1086B0002062934240F2D880D4F8C82018230020CA
:1086C000511E03FB024306464FF0010E002935DA26
:1086D000032A43DC4FF0000B0023C4F8C830D4F861
:1086E000C8206B68C4F8CC30072A00F3C08018217A
:1086F00004F1080301FB02336A1855F8041B43F820
:10870000041B9542F9D1D4F8C8300133C4F8C830FD
:10871000BBF1000B4FF000039FED908ADFED908AD4
:1087200018BF4FF0010B18464FF001085B45C0F22F
:10873000A08005B0BDEC028BBDE8F08F93F806C0B9
:10874000BCF1000F04D0187966460139183BBDE72B
:10875000002EFAD0187183F806E0F6E712F0030C49
:10876000B8D14FEAA20B264604F108034FF0180ACD
:10877000002108460AFB00F24FF0010E9A5C70449B
:108780000EFA02F211430428C9B2F3D10F29A1D184
:108790004FF0FF3203F1600186F8E42001911A46A0
:1087A000917D002944D1019918329142F8D196F86F
:1087B000E420FF2A8ED04FF0FF3E002203F110018B
:1087C0000AFB02F0085818B1BEF1FF3F82D196466D
:1087D0000132042AF4D1BEF1FF3F3FF47BAF062201
:1087E0000AFB0E384FF0000902FB0CF0CE45197859
:1087F0002BD101441A6904EB810109F10109B9F196
:10880000040FC1F8D02003F11803EFD1D8F80430D9
:10881000D8F810200CF1010C9B1A23F07F43E3459C
:10882000C6F8E03006F118063FF456AF019B9FE70B
:1088300096F8E410FF2904BF117D86F8E41096F83D
:10884000E400117D8842AED044E7014404EB81028C
:108850000392D8F80410D8F81020521A59680A4424
:1088600022F07F420399C8E74FF0000B37E700235F
:108870004CE794F8E450032D4FF001033FF656AF58
:10888000182606FB054191F81431AB4204F1D003E0
:1088900055D1D4F8E020D1F810110A32521A22F042
:1088A0007F42142A4BD82F4A52F82520019207EE16
:1088B000902A05EB85013020B8EE676A16FB0500AB
:1088C00007EB011104F1E00E02269C460433DCF8AC
:1088D0000020520007EE902AF8EE677A5CF800203C
:1088E000C1F8506167EE887A520087EE867A9E451D
:1088F00001F1140107EE902AF8EE677A37EE487A14
:1089000067EE887A37EE687AC7EE866A81ED4C7A30
:1089100076EEC87A77EEA87AC1ED4B7AD5D1E5F735
:10892000F7FC07EBC503C3E9A201029B1D60109B86
:108930000120C3F8008087F880620123F6E6182240
:1089400002FB054505F5807504F1E80253F8041BA8
:1089500045F8041B9342F9D1EFE700BFDB0F494014
:10896000920A863F640405082DE9F7430646887D90
:10897000DDE90A890D4630B391F814C0BCF1030F4C
:108980002ED80869F8B1496806EB8C070C1A24F058
:108990007F44D7F8600104F5AD2101F5F871091A9B
:1089A000104821F07F41814218D94C2000FB0C6017
:1089B000697D00F5C870CDE90023FFF741FADDE9D4
:1089C0000023C7F8604189F8000029463046CDF8F9
:1089D000288003B0BDE8F043FFF734BE0020F0E785
:1089E0000020F0E7E0D30A000020704770B52DEDBD
:1089F000028BB0EE408AF0EE608A82B004461D46DB
:108A00001646019100F043FA019904F5525000F026
:108A1000DAF904F54051002304F55554C1F86065B6
:108A200084ED0A8B81F8705581F8913502B0BDEC68
:108A3000028B70BD10B5044600F02EFA04F54053C9
:108A400028B1D3F8C0240132C3F8C02410BDD3F834
:108A5000DC240132C3F8DC24F8E700000000000049
:108A60002DE9F04F2DED028B9FB099462A9B0C9378
:108A700004469DF8B030089308460D460B922B9F94
:108A80009DF8B4B000F07EFA80460E46284600F00D
:108A90007DFA58EA060307D10023069306981FB013
:108AA000BDEC028BBDE8F08F50EA0103F4D04FF02B
:108AB000FF320023CDE904230B9BCDE9020142469E
:108AC0003946CDE900390C983346FDF7ADFC284610
:108AD0008DED060B00F065FA9DED060BFDF7D4FC5D
:108AE00006900028D8D0284604F5405600F047FAF2
:108AF00096F8283583420FD1284600F083FA51ECCE
:108B0000100BD5F749F804F55257C7F8AC00D6F862
:108B100038350133C6F83835D6F8F8340133C6F89D
:108B2000F834284600F06EFA002251EC100B0023B6
:108B3000D4F7CAFF0028B1D096F87035012B27D0A2
:108B4000022BABD104F55656013604F55552334687
:108B50000027313213A92846139700F0B0FA6FF4BA
:108B600056531B1BD5F804A00D934FF0FF380D9BF7
:108B700013993344994200F3E080B8F1FF3F8DD060
:108B800011AB52465FFA88F1204600F085F943E0C8
:108B900096F89135013386F8913543F281580023D8
:108BA00004F555521393313204EB080313A92846F8
:108BB00000F085FAD5F804A096F8917504F54059AF
:108BC000139A99F8913513449F42BFF667AF97FB0C
:108BD000F2F602FB167654FA86F6089B16F8081091
:108BE0001BB18B4501D10137EAE711AB5246204654
:108BF0000D9100F051F90028F5D043F2715311A8FE
:108C0000F65C00F0C7F986420D99ECD1284600F0D9
:108C10006CFA50EA0103E6D004F5405611A8D6F8E4
:108C200014350133C6F8143504F5555393ED0A7B1A
:108C3000B0EE478AF0EE678A00F0A1F9804601465F
:108C4000284600F052FA07468B462846414600F077
:108C5000FEF98246284600F0D5F911A88DED080BE3
:108C600000F090F924228046002113A8CFF788F85D
:108C70000C9B0021B3EB0800D4F760FC0B9B8046F3
:108C8000B3EB0A00C01989464BF10001D4F75EFC32
:108C9000DDE90823D4F788FC02460B4640464946E6
:108CA000D4F7CAFAD5F716F9D4F750FC3DA3D3E9A7
:108CB0000023D4F779FC53EC182BD4F79FFDD4F79D
:108CC0006BFF374B1C9008EE100A13A911A81D93D7
:108CD00000F06AF900283FF4E1AE17A9284600F039
:108CE00063F900283FF4DAAED6F8A4340133C6F8AD
:108CF000A43411A800F043F90746284600F03FF9D4
:108D000096F828359F4244D196F82925824240D1D1
:108D100004F5525383ED348AB84205D104F5525418
:108D2000B1EE488A84ED348A8DF86D00D6F860354E
:108D30008DF86C7013A89847B0E6089B16F8019B55
:108D400013B1CB453FF413AF4946284600F0CDF9A7
:108D500050EA01033FF40BAF11AB5246494620469F
:108D600000F09AF800283FF402AF11A800F016F9BD
:108D7000B8427FF6FCAE16F8111C0F9011A80E91A8
:108D800000F008F90E990F9B814204BFC8461F46A8
:108D9000EDE69842C8D196F82935BB42BDE700BF41
:108DA0009A99193E0000004A78DEB14130B500249E
:108DB00085B0CDE90244DDE90845CDE90045FFF77E
:108DC0004FFE05B030BD38B5E02204460D46002107
:108DD000CEF7D6FF05F5FA75012384F8DD3084F867
:108DE000A9302046C4F8D4504FF4FA71FEF714F8B5
:108DF00004F11C004FF4FA71FEF70EF804F1B00014
:108E00004FF4FA71FEF708F804F138004FF4FA71E4
:108E1000FEF702F804F154004FF4FA71FDF7FCFF7D
:108E200004F170004FF4FA71FDF7F6FF04F18C00C5
:108E30004FF4FA71BDE83840FDF7EEBFD0F8D430FA
:108E40008B4223D290F8DC3090F8A8209A4209D0C7
:108E500080F8A83000220023C0F8AC30A0F8CC2065
:108E6000C0F8D03090F8DD3090F8A9209A4207D0B1
:108E700080F8A9300023A0F8CC300023C0F8D0300F
:108E8000C0F8D81001F5FA71C0F8D41070474FF44B
:108E900052520021CEF774BF2DE9F84300269946BF
:108EA0005A6005468846074633464FF0FF34387807
:108EB00030B3397A414503D1C9F80070BDE8F88371
:108EC0007968914201D233460A460136102E07F5E1
:108ED0005277ECD1621C18BFE4B24FF452720CBF4F
:108EE00002FB03F454432E1900213046CEF748FF0D
:108EF000012386F8088000202B55C9F80060DDE7C3
:108F0000B4F1FF3F08BF3446DFE730B55A6000F5E3
:108F1000525402782AB1057A8D4202D11860104667
:108F200030BD00F55270A042F3D100221A60F6E77E
:108F300030B5002300F552549A4208DD057815B18A
:108F4000057ACD54013300F552708442F4D1D8B281
:108F500030BD70B5A3F5FA6300F552550024A24266
:108F60000BDD06782EB146689E4282BF067A0E550A
:108F7000013400F552708542F1D1E0B270BD036852
:108F8000187A70470368D3E9060170470368D3E98C
:108F900004017047036893F820007047036858681D
:108FA000704700682830704710B5036842689C6BB2
:108FB000A2F5FA62944208DD0C60DA6B4A601A6C22
:108FC0008A605B6CCB60012010BD0020FCE7D0E91B
:108FD00000329A6383ED0F0AC3ED100A83ED111A74
:108FE000704730B51D46D0E900311446C3E9064547
:108FF000DDE90345C3E904459DF8142083F82020EA
:10900000596030BD00682830FDF708BAF0B5046833
:10901000002504F5E4774FF0180C0CFB05F617F863
:1090200006E08E450ED1A1194068D1F8D84184429E
:109030000BD9D1E97445C2E9004591F8C9211A70EC
:109040000120F0BD0135102DE7D10020F9E71FB553
:109050000DF1070302AAFFF7D9FF20B1DDE90201F4
:1090600005B05DF804FB00200021F9E7F0B5D0E978
:109070000046002025464FF0FF3C074695F8C8E122
:109080008E450DD0D5F8D8E1E64538BF074600F14A
:10909000010038BFF446102805F11805EED1384616
:1090A000182505FB0040C0E974231E369DF81430D6
:1090B00080F8C81180F8C931C0F8D861F0BDF0B5AA
:1090C000D0E90006002400F5C075D0F8D871B74289
:1090D00006D990F8C8711F5590F8C9711755013419
:1090E0001830A842F1D10C60F0BDF0B50368002241
:1090F00003F14805182606FB02F42F5D8F4207D1C5
:1091000023444268996D914205D9D3E91401F0BD19
:109110000132102AEFD100200021F8E7F0B5D0E9A4
:109120000046002025464FF0FF3C074695F848E0F2
:109130008E450DD0D5F858E0E64538BF074600F11A
:10914000010038BFF446102805F11805EED1384665
:10915000182505FB0040C0E9142306F5FA6680F8DF
:1091600048108665F0BDFEE700230F4A4360836028
:10917000C360036180ED000AC0ED050A80ED061AA8
:10918000C0ED071A80ED082A42638363C0ED0F2A01
:1091900080F85C1031B1F0EE630AB0EE430A403063
:1091A000FDF744BD704700BF00409C4510B52DED54
:1091B000048BD0ED007A77EEC07A0446F0EE408A58
:1091C000C0ED017A61B19FED4E7AF4EEC77AF1EE0F
:1091D00010FA7EDD9FED4B7A77EEC77AC4ED017A07
:1091E00094ED018AD4ED057A94ED027A9FED469ACA
:1091F00067EE887A38EEC77A37EE898AC4ED097A45
:10920000F1EE477A51B1DFED416AB4EEE67AF1EE64
:1092100010FA6BD59FED3B7A77EEC77A94ED0F7A13
:1092200094F85C3087EE870A1BB104F14000FDF72B
:1092300007FD84ED040AD4ED047A94ED030A94ED5D
:109240000D1AF4EE677AF1EE10FA68BF84ED049A15
:1092500094ED047AD4ED077A67EE877A94ED017A7B
:10926000C4ED0B7A37EE888AD4ED0F7AA7EE270A81
:10927000B5EE401AF1EE10FA84ED030A05D0F1EED6
:10928000410AFDF733FD84ED030A94ED030AD4EDA2
:10929000067A94ED0E1A67EE807A94ED000AC4ED1A
:1092A0000A7A37EE887AD4ED087AB5EE401A67EE7E
:1092B000807AF1EE10FA37EE870AC4ED0C7A03D00B
:1092C000F1EE410AFDF712FDC4ED028ABDEC048BFC
:1092D00010BD9FED0E7AF4EEC77AF1EE10FA7FF52D
:1092E0007FAF9FED087A77EE877A77E7DFED046A44
:1092F000B4EEE67AF1EE10FA90DDDFED027A8BE75C
:10930000000034430000B44300000000000034C3F8
:1093100080ED0D0A70470023436080ED020AC360B0
:109320000361704780ED000A704780F85C1011B14E
:109330004030FDF77BBC704703B97047F0EC017A11
:10934000B1EC017A77EE877A013BE2EC017AF3E740
:10935000DFED067A12B9C3ED007A7047F0EC016ACE
:10936000B1EC017A013AE6EE877AF3E700000000FB
:1093700002B97047F0EC017A67EE807A013AE1ECCD
:10938000017AF5E703B97047F0EC017AB1EC017AA4
:1093900077EEC77A013BE2EC017AF3E79FED207AA2
:1093A000204AF5EE007AE0EE077A9FED1F7ABDEED7
:1093B000E70AF5EEC07AF1EE10FA42BF10EE103A6D
:1093C00003F1FF3300EE103AB8EEC00A37EEC00AE0
:1093D00020EE070AFCEEC07A17EE903A9BB2B3F586
:1093E000007F28BF002307EE903A02EB830103F1D0
:1093F000010328BF30EE470AF8EE677A9BB202EB12
:10940000830330EE670A93ED007AF7EE007A77EE89
:10941000C07A20EE070A91ED007AA7EE870A70471E
:1094200083F9223EB004050800000044DFED1F7AF6
:109430009FED1F7A1F4A20EE270AFDEEC07AB5EE97
:10944000C00A17EE903AF1EE10FA48BF03F1FF336D
:1094500007EE903AF8EEE77A30EE670A20EE070A58
:10946000FCEEC07A17EE903A9BB2B3F5007F28BFAE
:10947000002307EE903A02EB830103F1010328BFBA
:1094800030EE470AF8EE677A9BB202EB830330EEC8
:10949000670A93ED007AF7EE007A77EEC07A20EE55
:1094A000070A91ED007AA7EE870A704783F9223EFA
:1094B00000000044B00405082DE9F04F8BB043686C
:1094C000B0F800A003934B680193019B4588DDF839
:1094D000048002900AF10107BF001E1D54463B1F85
:1094E0004FF000094FF07E5B74BBAA00131D079379
:1094F000EB0004330893039BDDF804C00399DFED10
:109500006D7A0094134404936FF003036B43069346
:109510002846009B009E9B000993039B03EB860358
:1095200030BB012C00F0C380F5EE407AF1EE10FA6A
:1095300040F0BD80029B5B6805FB0AF5A54240F048
:10954000AC806FF00400B2E04A4600214046013C86
:109550000093CEF715FC46F804BC3046A20000216B
:10956000CEF70EFC009B09F1040998443E44BBE78A
:10957000D1ED007AF5EE407AF1EE10FA55D1DDF832
:109580001080012649E0069FC646904408EB070973
:10959000D9ED007AF5EE407AF1EE10FA3CD00446AF
:1095A0008846DEF80090D8F800B04EF804BB013CC5
:1095B00048F8049BF5D106FB02C62C46E6460CBBD8
:1095C0000124D1ED007A06468E46DEED006A86EE75
:1095D000A77A013EAEEC017AF7D12E46E6463EBBB5
:1095E0008700DDF804E00597564529D1009B089EC9
:1095F00001330093079B1944049B3344013894447E
:10960000049386E7D6F80080DEF8009046F8049BC5
:10961000013C4EF8048BD2E70136009F06EB070EA3
:10962000F245B0D8012CCBD08BE7012CC9D1C7E7CC
:10963000DEED006A86EEA77A013EAEEC017ACEE757
:10964000009FBE4206D1059F3B44099F96443B4480
:109650000136C9E7D3ED007A994680468B4699EDED
:10966000007AFBEC016AA6EEE77AB8F10108A9ECF2
:10967000017AF4D1059FF1463B44A846E346B8F190
:10968000000FE2D099ED007AFBEC016AA6EEE77AD2
:1096900008F1FF38A9EC017AF1E7F3EC017AF5EE75
:1096A000407AF1EE10FA01D1013447E700200BB007
:1096B000BDE8F08F000000002DE9F047B0F802E0AF
:1096C000456803884888D1F8049052684FEA8E0AAA
:1096D00080004C68164609F104070244DFED0E7A5B
:1096E000F446A846BCF1000F0CD1E6EC017A964294
:1096F0003C4607F10407F1D1013B5544E9D1184636
:10970000BDE8F08794ED007AF8EC016A0444E6EED7
:10971000877A0CF1FF3CE5E700000000038842680F
:1097200040884968584300B97047F2EC017A67EE07
:10973000807A0138E1EC017AF5E7F0B502884B68F0
:10974000458844684FEA820CAF0003EB8202194659
:109750002846264620B9043393423C44F7D1F0BD55
:1097600056F804EBC1F800E001386144F2E700006C
:1097700082B09FED0A7A01910B464BB9DDED017A7B
:10978000F8EE677AC7EE276AC2ED006A02B070474A
:10979000F0EC017A013B37EE277AEEE7000000009B
:1097A00013B5144601AA00F011F89DED017AB5EE4B
:1097B000C07AF1EE10FAACBFF1EEC77ADFED027AB3
:1097C000C4ED007A02B010BD00000000012910B500
:1097D000DFED127A02D8C2ED007A10BD04460B46C6
:1097E000B4EC017A013B77EE877AF9D107EE101AD3
:1097F000B8EE477ADFED096A87EE876A0139F0EC47
:10980000017A77EEC67AE7EEA76AF7D1F7EE007A2B
:1098100037EE677AC6EE877ADDE700BF000000000A
:109820002DE9F0410D46044628B91C491C4840F278
:109830001F22FCF729FD15F07F4F05D01749194865
:109840004FF40872FCF720FD01F04AFC2168206902
:10985000294304F10C0621600025B042216807D19C
:1098600021EA0501216001F0E5FC2068BDE8F081F6
:10987000D0E9002822F07F4312F0806F03EA01074D
:1098800002D11FB94046E8E7BB42FBD1D20141F00B
:10989000007148BF1D4301F019FFF3E7B40C050840
:1098A000370D0508E70D0508FFF7BABF13460A464E
:1098B0000146014802F08ABDA998030800F1080397
:1098C0004FF0FF32C0E902234360036100230360CD
:1098D000704700230361704743684B609A688A6051
:1098E000516099600861036801330360704730B5C7
:1098F0000C68631C0AD103695A684A6091608B60E6
:109900005960086103680133036030BD00F108024B
:10991000134652681568A542FAD9EDE7D0E901125D
:1099200003698A60416851605A68824204BF826854
:109930005A60002202611A68013A1A60186870477A
:1099400008480068006880F308884FF0000080F342
:10995000148862B661B6BFF34F8FBFF36F8F00DF1D
:1099600000BF000008ED00E0DFF80C00016841F4E2
:10997000700101607047000088ED00E007B500232A
:1099800001930B4B1B68013304D00A490A48E522B6
:10999000FCF77AFC4FF05F0383F31188BFF36F8FFE
:1099A000BFF34F8F019B002BFCD003B05DF804FB8D
:1099B0000C2600201C0E05087A0E05084FF0807357
:1099C00040F8043C074B40F80C3C21F001016FF0DB
:1099D000020340F8081C40F8202C40F8243C44388E
:1099E000704700BF7D9903080000000000000000E0
:1099F000074B19680868B0E8F04F80F30988BFF397
:109A00006F8F4FF0000080F311887047AFF3008034
:109A1000F45201204FF05F0383F31188BFF36F8F7F
:109A2000BFF34F8F094A13680133012B13600BD129
:109A30004FF0E023D3F8043DDBB22BB104490548D5
:109A40004FF4D272FCF720BC704700BF0C260020F8
:109A50001C0E0508940E050810B5084C23682BB998
:109A60000749084840F2AB12FCF70EFC2368013BA3
:109A700023600BB983F3118810BD00BF0C260020B2
:109A80001C0E0508C90E05080000000000000000BB
:109A9000EFF30980BFF36F8F154B1A681EF0100F9C
:109AA00008BF20ED108A20E9F04F10602DE9090071
:109AB0004FF05F0080F31188BFF34F8FBFF36F8FBC
:109AC00001F0B2FC4FF0000080F3118809BC196866
:109AD0000868B0E8F04F1EF0100F08BFB0EC108A15
:109AE00080F30988BFF36F8F704700BFAFF300802A
:109AF000F452012008B54FF05F0383F31188BFF3E0
:109B00006F8FBFF34F8F01F0F9FA28B14FF0E023C8
:109B10004FF08052C3F8042D002383F3118808BD51
:109B20004FF0E02300221A619A61024A5A6107222B
:109B30001A6170473F90020037B54FF0E023D3F829
:109B4000002D344B9A4205D1334934484FF4967274
:109B5000FCF79AFB4FF0E023D3F8002D304B9A42EC
:109B600005D12D492F4840F22D12FCF78DFB2E4BCD
:109B70001A78D2B20192FF221A701B782B4ADBB2FC
:109B80008DF803309DF8033003F05F031370284A0B
:109B90000723136000219DF80300000603F1FF3442
:109BA0002ED401B1136013681B0203F4E063136049
:109BB000019B1D4A4FF0E024DBB21370D4F8203D26
:109BC00043F47F03C4F8203DD4F8203D43F07F43A5
:109BD000C4F8203DFFF7A4FF164B00251D60FFF7DA
:109BE000C3FED4F8343F43F04043C4F8343FFFF79A
:109BF000A7FE01F019FCFFF7C1FE284603B030BDF7
:109C00009DF803305B00DBB28DF803300121234661
:109C1000C1E700BF71C20F411C0E0508DB0E05082D
:109C200070C20F41FE0E050800E400E04EDD00208A
:109C300050DD00200C26002008B5EFF305830F2B24
:109C40000BD90F4A9B5C0F4A12789A4205D90E49EC
:109C50000E484FF43F72FCF717FB4FF0E0230C4A1D
:109C6000D3F80C3D126803F4E063934207D9BDE8D2
:109C70000840054907484FF44372FCF705BB08BD8F
:109C8000F0E300E04EDD00201C0E0508210F050862
:109C900050DD00204B0F050810B50F4B1A461B680E
:109CA0008342FBD354681119884201BF41681046B2
:109CB0000919516041684418A34208D1074C24682F
:109CC000A34204D05B680B44436013681B680360C5
:109CD000904218BF106010BD9C52012054DD00203E
:109CE0002DE9F843044601F0FBF94549454D0B6861
:109CF000FBB9454A454E50071FBF0732444B22F07F
:109D000007029B1A08BF47F230531344083B23F065
:109D10000703002070603260C3E90000981AC2E9AE
:109D200000300B603B4B18603B4B18604FF000431A
:109D30002B602B681C4207D001F07CFAE0F7DCFDB9
:109D400000273846BDE8F883002CF5D004F108065A
:109D500062071CBF26F007060836002EECD0DFF89D
:109D6000B880D8F80030B342E6D3284B1C6862684C
:109D7000B24202D22268002A3ED10A68A242DBD057
:109D800022681F681A6063689B1B102B07F1080785
:109D900011D904EB060919F0070F04D01F49204818
:109DA000C522FCF771FA63689B1BC9F8043048466A
:109DB0006660FFF771FF17496268D8F800300868DD
:109DC0009B1A834238BF0B60C8F800302B681343DE
:109DD000144A63600023236013680133136001F0A9
:109DE00029FA002FAAD07B07ABD00C490E484FF4BC
:109DF0008372FCF749FAA4E723461446B7E700BF8D
:109E000054DD00208852012058DD00209C520120A2
:109E100088520120905201208C5201208D0F05089C
:109E2000E80F0508945201202910050838B50446AA
:109E3000002834D01A4D50F8042C2B681A4205D152
:109E4000184919484FF48D72FCF71EFA54F8083C73
:109E50002BB11449154840F21B12FCF715FA54F8BF
:109E6000043C2A6813421AD054F8081CB9B923EAF2
:109E7000020344F8043C01F033F90D4A54F8043C61
:109E80001168A4F108000B441360FFF705FF094AAD
:109E9000136801331360BDE8384001F0CBB938BD19
:109EA000885201208D0F05086F100508A0100508C5
:109EB0008C52012098520120014B1868704700BF56
:109EC0008C52012010B50446FFF7A4FDA46BFFF7E8
:109ED000C3FDB4FA84F0400910BDF8B51546026C14
:109EE000866B044652B9076847BB806801F0B2FD33
:109EF000A76005460136A6632846F8BD65B94068E7
:109F0000CDF728FE6368226C1344A2686360934215
:109F1000F0D323686360EDE7C068CDF71BFE226CC9
:109F2000E36851429B1A2268E36093423EBFA368F4
:109F30005B18E360022D01D116B1013E0025D9E77F
:109F40003546D7E7034610B41A6C08466AB1DC6898
:109F5000996814448C4228BF1968DC6028BFD96016
:109F6000D9685DF8044BCDF7F5BD5DF8044B70473B
:109F700070B50446FFF74EFD94F8455004F12406F1
:109F80006DB2002D14DCFF2384F84530FFF764FD2B
:109F9000FFF740FD94F8445004F110066DB2002D17
:109FA00012DCFF2384F84430BDE87040FFF754BD55
:109FB000636A002BE7D0304601F042FB08B101F0A4
:109FC00015FC013D6DB2DCE72369002BE9D030467A
:109FD00001F036FB08B101F009FC013D6DB2DEE78E
:109FE00038B50D46044628B91B491C4840F20D12ED
:109FF000FCF74AF9FFF70EFDD4E90F3122686260E1
:10A000004B43D0185B1A1344A060E3600020FF2389
:10A01000A06384F8443084F84530A5B9236973B14E
:10A0200004F1100001F00CFB48B14FF0E0234FF0B9
:10A030008052C3F8042DBFF34F8FBFF36F8FFFF72C
:10A040000BFD012038BD04F11000FFF737FC04F1CF
:10A050002400FFF733FCF2E7C010050809110508DA
:10A06000F7B50D4616461C46074628B91D491E4839
:10A070004FF4A472FCF708F92CB91A491B484FF4A5
:10A08000A672FCF701F936B32DB9164918484FF4FA
:10A09000A872FCF7F9F850230193019B502B05D0CF
:10A0A0001049144840F25912FCF7EEF8019B7CB1BC
:10A0B0000121002D08BF2646C4E90F7584F846101B
:10A0C00026602046FFF78CFF9DF8203084F84C3046
:10A0D000204603B0F0BD002DDDD00249064840F215
:10A0E0005112D6E7C01005081111050833110508F3
:10A0F00049110508B911050881110508F8B50D4683
:10A100001746064628B9164916484FF4C372FCF79D
:10A11000BBF805FB06F44DB1B4FBF5F3B34205D033
:10A120000F4911484FF4C772FCF7AEF804F1500024
:10A13000FFF7D6FD044670B1002380F8463065B1C4
:10A1400000F15003C4E90F65236001212046FFF7A9
:10A1500047FF84F84C702046F8BD0346F2E700BF85
:10A16000C010050811110508D41105082DE9F043A8
:10A1700085B00F4601921E46044628B958495948F1
:10A1800040F20932FCF780F83FB9236C2BB15449F7
:10A19000554840F20A32FCF777F8022E08D1E36BFB
:10A1A000012B05D04E49514840F20B32FCF76CF8B8
:10A1B00001F0F4FB38B9019B2BB149494C4840F2FE
:10A1C0000E32FCF761F84FF00008C146FFF722FCA1
:10A1D000A26BE36B9A4201D3022E21D1A36C4FF004
:10A1E000604243F48073D360394632462046FFF71D
:10A1F00074FE636A1BB104F1240001F021FA48B136
:10A200004FF0E0234FF08052C3F8042DBFF34F8F7F
:10A21000BFF36F8FFFF720FC012005B0BDE8F0838E
:10A22000019D4DB9FFF718FCA36C4FF0604243F459
:10A230000073D3600020F0E7B8F1000F02D102A84C
:10A2400001F08CFAFFF708FC00F04AFFFFF7E2FB91
:10A2500094F84430FF2B08BF84F8449094F84530BC
:10A26000FF2B08BF84F84590FFF7F6FB01A902A871
:10A2700001F080FA70BBFFF7CDFBA26BE36B9A4253
:10A2800015D1FFF7E9FBA36C4FF0604243F4806304
:10A29000D360019904F1100001F094F92046FFF712
:10A2A00067FE00F0C7FF50B14FF001088EE7FFF7DF
:10A2B000D3FB2046FFF75CFE00F0BCFFF4E74FF055
:10A2C000E0234FF08052C3F8042DBFF34F8FBFF34C
:10A2D0006F8FE9E72046FFF74BFE00F0ABFFA3E7E7
:10A2E000C010050809110508231205087312050896
:10A2F000910D050813B500220B4600901146012070
:10A30000FFF7AEFE044638B1002383600360C360EC
:10A310001A461946FFF72AFF204602B010BD10B5B5
:10A32000024600210120FFF7E9FE044638B1002370
:10A3300083600360C3601A461946FFF717FF204683
:10A3400010BD00002DE9F843894690461F4604469B
:10A3500028B92E492E4840F2DD32FBF795FFB9F1BE
:10A36000000F07D1236C2BB128492A4840F2DE3276
:10A37000FBF78AFF022F08D1E36B012B05D023499D
:10A38000254840F2DF32FBF77FFFFFF755FCEFF384
:10A3900011864FF05F0383F31188BFF36F8FBFF314
:10A3A0004F8FA26BE36B9A4201D3022F2BD194F80B
:10A3B0004550A36B6DB23A4649462046FFF78DFDE6
:10A3C0006B1C13D1636A0BB901200BE004F124006C
:10A3D00001F036F90028F7D0B8F1000FF4D00120D1
:10A3E000C8F8000086F31188BDE8F8837F2D05D1F9
:10A3F00006490A484FF48D62FBF746FF01356DB2FE
:10A4000084F84550E0E70020ECE700BFC0100508E5
:10A41000091105082312050873120508BA12050868
:10A42000F8B50E46044628B9274928484FF49162EA
:10A43000FBF72AFF236C2BB12349254840F28C42BD
:10A44000FBF722FF23683BB9A3682BB11E492148C3
:10A4500040F29142FBF718FFFFF7EEFBEFF3118795
:10A460004FF05F0383F31188BFF36F8FBFF34F8FFC
:10A47000A36BE26B9A4224D994F845200133FF2A5A
:10A4800055B2A36310D1636A0BB9012009E004F14E
:10A49000240001F0D5F80028F7D0002EF5D00120D7
:10A4A000306087F31188F8BD7F2D05D106490A4831
:10A4B0004FF4A262FBF7E8FE01356DB284F8455017
:10A4C000E3E70020EDE700BFC0100508091105080B
:10A4D000D3120508EC120508BA1205082DE9FF4150
:10A4E0000E460192044628B94849494840F22C5288
:10A4F000FBF7CAFE3EB9236C2BB1444945484FF4E3
:10A50000A662FBF7C1FE01F049FA38B9019B2BB1F5
:10A510003E49414840F23552FBF7B6FE0027B846A7
:10A52000FFF778FAA56BE5B131462046013DFFF70C
:10A5300009FDA563236973B104F1100001F080F8EF
:10A5400048B14FF0E0234FF08052C3F8042DBFF321
:10A550004F8FBFF36F8FFFF77FFA012004B0BDE884
:10A56000F081019D1DB9FFF777FA0020F6E717B9D2
:10A5700002A801F0F3F8FFF76FFA00F0B1FDFFF762
:10A5800049FA94F84430FF2B08BF84F8448094F8CB
:10A590004530FF2B08BF84F84580FFF75DFA01A91D
:10A5A00002A801F0E7F830BB2046FFF78BFCE0B1D2
:10A5B000A36C4FF0604243F44073D360019904F1FF
:10A5C000240000F0FFFF2046FFF7D2FC00F032FE2F
:10A5D00048B94FF0E0234FF08052C3F8042DBFF389
:10A5E0004F8FBFF36F8F01279AE72046FFF7C0FC1C
:10A5F00000F020FEF7E72046FFF7BAFC00F01AFE55
:10A600002046FFF75FFC0028EDD0AEE7C01005083C
:10A61000531305085F130508910D0508F0B585B0C3
:10A620000446019128B95849584840F2BE52FBF7F8
:10A630002BFE236C2BB15449554840F2C252FBF714
:10A6400023FE01F0ABF938B9019B2BB14E495148BB
:10A6500040F2C752FBF718FE00252F462E46FFF7A3
:10A66000D9F9A36BEBB1013BA363236813B901F0E4
:10A670009BFAA060236973B104F1100000F0E0FFC1
:10A6800048B14FF0E0234FF08052C3F8042DBFF3E0
:10A690004F8FBFF36F8FFFF7DFF90125284605B015
:10A6A000F0BD019B53B92DB137493B4840F20D62D3
:10A6B000FBF7EAFDFFF7D0F90025EFE717B902A88D
:10A6C00001F04CF8FFF7C8F900F00AFDFFF7A2F916
:10A6D00094F84430FF2B08BF84F8446094F8453068
:10A6E000FF2B08BF84F84560FFF7B6F901A902A85F
:10A6F00001F040F880BB2046FFF7E4FB30B3A36CC9
:10A700004FF0604243F44073D36023683BB9FFF7D6
:10A7100081F9A06801F052F90546FFF79DF901990A
:10A7200004F1240000F04EFF2046FFF721FC00F06A
:10A7300081FD48B94FF0E0234FF08052C3F8042D5B
:10A74000BFF34F8FBFF36F8F012788E72046FFF7D6
:10A750000FFC00F06FFDF7E72046FFF709FC00F063
:10A7600069FD2046FFF7AEFB0028EDD0002D95D007
:10A77000FFF750F9616A19B1236B1968C1F106013D
:10A78000A06801F0B7F995E7C01005085313050854
:10A79000D3120508910D0508B21305082DE9FF41F4
:10A7A0000E460192044628B94549464840F2976250
:10A7B000FBF76AFD3EB9236C2BB14149424840F298
:10A7C0009B62FBF761FD01F0E9F838B9019B2BB101
:10A7D0003B493E484FF4D462FBF756FD0027B8468C
:10A7E000FFF718F9A36BE3B131462046E568FFF7A0
:10A7F000A9FB636AE56073B104F1240000F020FF57
:10A8000048B14FF0E0234FF08052C3F8042DBFF35E
:10A810004F8FBFF36F8FFFF71FF9012004B0BDE822
:10A82000F081019D1DB9FFF717F90020F6E717B970
:10A8300002A800F093FFFFF70FF900F051FCFFF7BB
:10A84000E9F894F84430FF2B08BF84F8448094F86A
:10A850004530FF2B08BF84F84580FFF7FDF801A9BC
:10A8600002A800F087FF00BB2046FFF72BFBB0B12A
:10A87000019904F1240000F0A5FE2046FFF778FBC3
:10A8800000F0D8FC48B94FF0E0234FF08052C3F8F5
:10A89000042DBFF34F8FBFF36F8F0127A0E7204632
:10A8A000FFF766FB00F0C6FCF7E72046FFF760FB0A
:10A8B00000F0C0FC2046FFF705FB0028EDD0B4E710
:10A8C000C0100508531305085F130508910D05080E
:10A8D0002DE9F84389469046054628B92649274878
:10A8E00040F22C72FBF7D0FCB9F1000F07D12B6CB2
:10A8F0002BB12149224840F22D72FBF7C5FCFFF72E
:10A900009BF9EFF311874FF05F0383F31188BFF3D7
:10A910006F8FBFF34F8FAC6B5CB395F844604946C3
:10A9200076B22846FFF70EFB013C731CAC6313D1D3
:10A930002B690BB901200BE005F1100000F080FE3F
:10A940000028F7D0B8F1000FF4D00120C8F80000BB
:10A9500087F31188BDE8F8837F2E05D106490948A1
:10A960004FF4EE62FBF790FC013676B285F8446056
:10A97000E0E72046ECE700BFC01005080911050814
:10A98000D21305081D14050813B5044628B9074954
:10A99000074840F2BE72FBF777FCFFF73BF8A06B6D
:10A9A0000190FFF759F8019802B010BDC0100508DA
:10A9B0000A11050810B5044628B90649064840F6AC
:10A9C0006E12FBF761FCE06BA36BC31A584258414F
:10A9D00010BD00BFC01005080911050810B5074AD1
:10A9E000002352F833402CB942F8331002EBC30372
:10A9F000586010BD01330A2BF3D1FAE7A4520120AD
:10AA000070B504460D461646FFF704F894F8443036
:10AA1000FF2B04BF002384F8443094F84530FF2B0B
:10AA200004BF002384F84530FFF716F8A36B2BB959
:10AA30003246294604F1240000F0E0FD2046BDE83E
:10AA40007040FFF795BA00002DE9F0410446FEF78B
:10AA5000E1FF304B304E1A68304F01321A603568D2
:10AA6000002D4BD134601B68012B1FD1B8464046E6
:10AA70000135FEF723FF062D08F11408F7D1DFF8A2
:10AA8000C480274D4046FEF719FF2846FEF716FF03
:10AA90002448FEF713FF2448FEF710FF2348FEF773
:10AAA0000DFF234BC3F80080224B1D60224A23492F
:10AAB0001368086801331360E26A2364012393403A
:10AAC000034314200B6000FB0270211DFEF704FFFE
:10AAD000FEF7C2FF1A4B1B6873B13368DA6AE36A88
:10AAE0009A4209D24FF0E0234FF08052C3F8042D70
:10AAF000BFF34F8FBFF36F8FBDE8F081104B1B6822
:10AB0000002BD3D13368DA6AE36A9A4298BF346083
:10AB1000CCE700BF80530120F452012000530120F4
:10AB2000A8530120CC530120F8530120E453012005
:10AB3000F8520120FC5201208C5301209053012037
:10AB4000E053012094530120F8B51A4B1A4E1D68AA
:10AB50000446306804300F46FEF7E0FE40B9326824
:10AB60001649D06A0B680122824023EA02030B6077
:10AB7000631C07D137B131681148BDE8F840043192
:10AB8000FEF7AABE33682C195C6007D30D4B18681A
:10AB90003168BDE8F8400431FEF7A9BE0A4B1868D9
:10ABA00031680431FEF7A3FE084B1A68A24288BF41
:10ABB0001C60F8BD0C540120F45201209053012078
:10ABC000E4530120FC520120F8520120C05301201F
:10ABD000064A13681968064B19B94FF0FF321A601C
:10ABE00070471268D2681268F9E700BFF852012076
:10ABF000C053012010B5044628B90A490A4840F25A
:10AC00001672FBF741FB6269084B9A4207D1A06AB2
:10AC1000074B984203D0B0FA80F0400910BD0020E5
:10AC2000FCE700BF361405087F140508E453012033
:10AC3000CC53012010B590F85D3004463BB9006B51
:10AC4000FFF7F4F82046BDE81040FFF7EFB8012BFE
:10AC5000F9D0022B07D0BDE810400349034840F665
:10AC60007A72FBF711BB10BD361405088514050870
:10AC700080B50D4C0D4F0E4D236813B9F3F700FA54
:10AC8000F9E7FEF7C7FEFB68DE68301DFEF746FEFB
:10AC90002B68013B2B602368013B2360FEF7DCFE41
:10ACA0003046FFF7C7FFE7E784530120F853012040
:10ACB000805301202DE9F047DDE909844FEA82093C
:10ACC0004A4606460D46206BA5211F46CDF758F88B
:10ACD000226BA9F10409914429F00709B5B36B1E51
:10ACE00004F13402093513F8010F02F8010B08B121
:10ACF000AB42F8D1002384F83D30089D052D28BFD4
:10AD000005254FF0000AE562A564201DC4F84CA09B
:10AD1000FEF7DFFDC5F1060504F11800FEF7D9FDC9
:10AD2000C4E914AA2461A5616462C4F858A084F837
:10AD30005CA03A4631464846FEF740FE2060B8F136
:10AD4000000F01D0C8F80040BDE8F08784F8345007
:10AD5000D3E700002DE9F04387B0DDE90F94054605
:10AD60000E4617469846B9F1000F05D11B491C48FD
:10AD700040F24322FBF788FA2CB9184919484FF4DE
:10AD80001172FBF781FA60230593059B602B05D0B8
:10AD9000124915484FF41372FBF776FA059BCCB1B4
:10ADA000B9F1000F16D0022384F85D3004ABC4F86B
:10ADB000309001930E9B00932846029443463A46F6
:10ADC0003146FFF777FF2046FFF73EFE049807B0B5
:10ADD000BDE8F08300230493F8E700BF36140508AC
:10ADE000CB140508E2140508F71405082DE9F04313
:10ADF000074685B09000884616469946FEF770FFD4
:10AE00000546E8B16020FEF76BFF0446A8B10023B9
:10AE100080F85D300D9B056301930C9B02900093BD
:10AE200032464B4641463846FFF744FF2046FFF77F
:10AE30000BFE012005B0BDE8F0832846FEF7F6FFC3
:10AE40004FF0FF30F6E70000F8B50446284DFEF756
:10AE5000E1FD04B92C68261D3046FEF75FFD60B9A0
:10AE6000E76A244B142078431B5833B92249012246
:10AE70000B68BA4023EA02030B60A36A1BB104F11A
:10AE80001800FEF74BFD1D4A1368013313602B6851
:10AE9000A34223D11A483146FEF71EFD194A136812
:10AEA00001331360FEF7D8FD174B1B68ABB12B685D
:10AEB000A34212D1154B1B682BB11549154840F21E
:10AEC000CD42FBF7E1F94FF0E0234FF08052C3F899
:10AED000042DBFF34F8FBFF36F8FF8BD0E4A136879
:10AEE0002046013B1360FFF7A5FEFFF771FED9E78F
:10AEF000F452012000530120905301208C53012073
:10AF0000F853012084530120E0530120885301208D
:10AF1000361405081015050880530120F8B50446BD
:10AF200028B91849184840F26452FBF7ADF9174B9D
:10AF30001B68A34220D0FEF76DFD154B65691F68A5
:10AF4000144B1E68FEF788FDBD4217D0B54215D0E0
:10AF5000114B9D4208D1A36A83B994F85C30012B50
:10AF60000CBF02200320F8BD0C4B9D4208D0002DE1
:10AF70000CBF04200120F6E70020F4E70220F2E7EE
:10AF80000420F0E7361405082A150508F4520120BC
:10AF9000F8520120FC520120E4530120F853012013
:10AFA00073B5044628B91D491D484FF4E862FBF704
:10AFB0006BF91C4D2B68A3422DD064B3FEF72AFD1C
:10AFC0002046FFF717FE08B3211D08460191FEF742
:10AFD000A5FC1548E26A06680199012393403343B2
:10AFE0000360124B142000FB0230FEF775FC2B6847
:10AFF000E26ADB6A9A4209D34FF0E0234FF08052B5
:10B00000C3F8042DBFF34F8FBFF36F8F02B0BDE8BD
:10B010007040FEF721BD02B070BD00BF36140508B8
:10B0200030150508F45201209053012000530120EF
:10B0300010B588B0002407AA06A905A8CDE90544E3
:10B04000F2F79EFA059B0293069B079A1B491C4840
:10B05000CDE900432346FFF77DFE1A4B186058B335
:10B0600000F07EFF01281CD14FF05F0383F31188AD
:10B07000BFF36F8FBFF34F8F134B4FF0FF321A6048
:10B08000124B1860124B1C60E3F7E0F8114B1B6881
:10B090005A6B4FF060435A6008B0BDE81040FEF7AD
:10B0A0004BBD013008D10C490C4840F62A0208B0CB
:10B0B000BDE81040FBF7E8B808B010BD3E15050824
:10B0C00071AC0308BC530120C0530120E0530120A0
:10B0D0000C540120F45201203614050843150508CC
:10B0E000024A136801331360704700BF8853012080
:10B0F000014B1868704700BF0C5401202DE9F74F31
:10B100003F4B4FF06042196891603E4A1268002A36
:10B1100070D11D6801351D60A5B93B4C23681B68C3
:10B120002BB13A493A4840F6AC22FBF7ADF8394B1F
:10B130002268196821601A60374A13680133136066
:10B14000FFF746FD354E364F3368DFF8E0809D420D
:10B150004FF0000411D2D8F80030DB6A14225343B8
:10B16000FB58022B2F4B1B6828BF0124002B18BF54
:10B170000124204603B0BDE8F08FDFF88CA0DFF893
:10B18000B090DAF800301B681BB94FF0FF33336022
:10B19000E1E7DAF80030DB68D3F80CB0DBF8042024
:10B1A000954201D23260D6E70BF1040108460191C5
:10B1B000FEF7B4FBDBF82820019922B10BF118004F
:10B1C000FEF7ACFB0199DBF82C00D9F80030012226
:10B1D00082401A43C9F80020142202FB0070FEF7D7
:10B1E0007BFBD8F80010DBF82C20CB6A9A4228BFF2
:10B1F0000124C6E70C4A1368013313600024B8E742
:10B200000C54012088530120F852012036140508FF
:10B2100074150508FC520120C4530120C0530120BD
:10B220000053012010540120C8530120F452012082
:10B23000905301202DE9F341304C23682BB930495C
:10B24000304840F69902FBF71FF8FEF7E3FB23684E
:10B25000013B2360246834B10024FEF7FDFB204647
:10B2600002B0BDE8F081284B1B68002BF4D0274DBD
:10B27000274EDFF8AC801FE0EB68DC6804F11800B3
:10B28000FEF74CFB211D08460191FEF747FBE26AE1
:10B2900030680199012707FA02F30343142000FBE9
:10B2A00002803360FEF718FB1A4BE26A1B68DB6A08
:10B2B0009A4201D3184B1F602B68002BDCD10CB1D4
:10B2C000FFF786FC154D2C6844B1134E0127FFF79C
:10B2D00015FF00B13760013CF9D12C600E4B1B68A3
:10B2E000002BB9D04FF0E0234FF08052C3F8042D6B
:10B2F000BFF34F8FBFF36F8F0124AEE78853012058
:10B30000361405089F15050880530120CC530120F1
:10B3100090530120F452012010540120C853012001
:10B320000053012038B50C46054628B91C491D4874
:10B3300040F2E242FAF7A8FF2CB919491A4840F244
:10B34000E342FAF7A1FF194B1B682BB114491848C7
:10B3500040F2E442FAF798FFFFF7C2FE154B2A6865
:10B36000186814192CBF0121002182422C600ED9CB
:10B3700071B9FFF75FFF48B94FF0E0234FF08052FB
:10B38000C3F8042DBFF34F8FBFF36F8F38BD09B9DA
:10B39000A042EED20021201AFFF7D6FBE9E700BF5A
:10B3A00036140508B4150508C7150508885301208B
:10B3B000101505080C54012010B5044650B94FF083
:10B3C000E0234FF08052C3F8042DBFF34F8FBFF33B
:10B3D0006F8F10BD094B1B682BB1094909484FF409
:10B3E000A762FAF751FF00212046FFF779FEFFF729
:10B3F000ABFBFFF71FFF0028E1D0EAE788530120ED
:10B40000361405081015050838B50D46044608B968
:10B41000044B1C68FEF7FEFA2565BDE83840FEF7D0
:10B420001BBB00BFF452012070B5274B1A68274B95
:10B4300012B101221A6070BD1A60E2F769FF244A56
:10B440002449106013680C68234EA34205D915687F
:10B450003068436D1B1B2B44436513680B603268D7
:10B46000336812681B6B9A4204D8306831683431F3
:10B47000DFF764FA194B1C68B4FA84F4E4B2C4F13F
:10B480001F041423164D6343EB582BB91549164876
:10B4900040F6E732FAF7F8FE142000FB04F3EA184E
:10B4A00008335168496851602B44994204BF4B6886
:10B4B000536000FB04546368DB68336033685A6B85
:10B4C0004FF060435A60B6E78853012010540120C2
:10B4D0007C53012078530120F45201209053012025
:10B4E0000053012036140508DF150508F8B5044699
:10B4F0002B4DFEF78FFA04B92C68261D3046FEF757
:10B500000DFA60B9E76A274B142078431B5833B90A
:10B51000254901220B68BA4023EA02030B60A36AA3
:10B520001BB104F11800FEF7F9F931461F48204E0F
:10B53000FEF7D2F994F85C30012B04BF002384F8A5
:10B540005C30FEF789FA33682BB1FEF763FAFFF738
:10B550003FFBFEF781FA2B68A34214D133689BB1FD
:10B56000144B1B682BB11449144840F2EC62FAF7F3
:10B570008BFE4FF0E0234FF08052C3F8042DBFF351
:10B580004F8FBFF36F8FF8BD084A11680C4A1268DD
:10B59000914201D12B60F6E7BDE8F840FFF744BFC8
:10B5A000F45201200053012090530120E453012064
:10B5B000E0530120885301203614050810150508B2
:10B5C0008053012038B50D46044628B9084909487A
:10B5D00040F60142FAF758FE074B19682046183129
:10B5E000FEF785F928460121BDE83840FFF7ACBADF
:10B5F0003614050826160508F452012070B50E46CB
:10B600001446054628B90B490B484FF44362FAF734
:10B610003BFE0A4B196828461831FEF75DF9002CED
:10B6200021460CBF30464FF0FF30BDE87040FFF7B9
:10B630008BBA00BF3614050826160508F4520120FF
:10B6400037B5C368DC682CB9184919484FF446620D
:10B65000FAF71AFE04F1180108460191FEF75EF9A7
:10B66000144B01991B68F3B9211D08460191FEF79F
:10B6700055F91148E26A05680199012393402B436B
:10B6800003600E4B142000FB0230FEF725F90C4B33
:10B69000E26A1B68DB6A9A4285BF0A4B01200020E0
:10B6A000186003B030BD0848EFE700BF3614050846
:10B6B00032160508885301209053012000530120C1
:10B6C000F452012010540120CC53012073B51B4BC0
:10B6D0001B6804460D462BB919491A4840F6984292
:10B6E000FAF7D2FD45F000452560E5682DB914490B
:10B6F00015484FF44A62FAF7C7FD2046FEF70EF9E7
:10B70000291D08460191FEF709F91048EA6A066802
:10B710000199012404FA02F3334303600C4B142013
:10B7200000FB0230FEF7D8F80A4BEA6A1B68DB6AB6
:10B730009A4284BF084B1C6002B070BD8853012040
:10B7400036140508411605083216050890530120E5
:10B7500000530120F452012010540120034B1B68B8
:10B760000360034B1B684360704700BFC453012054
:10B770000C54012070B50D46044628B916491748E7
:10B7800040F6DB42FAF780FD2DB91349144840F624
:10B79000DC42FAF779FDFEF73DF9124B19682B6888
:10B7A0005A1C17D01048266800686268864208D084
:10B7B0008A4206D800232B600124FEF74DF920466B
:10B7C00070BD881A8342F5D95B1A13442B6020465A
:10B7D000FFF7C4FF0024F0E73614050861160508DA
:10B7E0006B1605080C540120C4530120014B0122A3
:10B7F0001A6070471054012070B50C461646054675
:10B8000008B91B4A1568256005F134026260EA6ACE
:10B8100022612A6BE2612A6CA260AA6C62616A6D85
:10B82000A261052B1AD0124A1268AA420AD100233B
:10B830002373D6B1296B0023CA5CA52A13D09B08B9
:10B84000238470BD032B2373F3D1FFF749FCAB6A4C
:10B850000BB102232373FFF7EDFCEAE72846FFF75D
:10B860005DFB2073E5E70133E6E72684E9E700BFE7
:10B87000F45201202DE9F84F0D6806460C46174694
:10B8800025B34B685B684B6001F10808434504BF72
:10B89000CB684B604B68D3F80CA000254FF0240B0D
:10B8A00063685B686360984504BFD8F804306360E0
:10B8B0006368D3F80C900BFB05613B4601224846B8
:10B8C000FFF79AFFCA4505F10105E9D12846BDE811
:10B8D000F88F00002DE9F0479046FFF701FC214B5F
:10B8E0001B688B4206463BD8DFF88C900625002467
:10B8F0004FF0140A2427013D07FB046001220AFBD4
:10B900000591FFF7B7FF0444002DF4D1164B022236
:10B91000196807FB0460FFF7ADFF144B0444196876
:10B92000022207FB0460FFF7A5FF0444104904222C
:10B9300007FB0460FFF79EFF251807FB05600D4914
:10B940000322FFF797FF0544B8F1000F03D0E2F799
:10B95000DFFCC8F80000FFF76DFC2846BDE8F08763
:10B960000025F8E780530120F8520120FC52012005
:10B97000F8530120E45301200053012008B9064B7D
:10B980001868026B0020135CA52B02D0C0F38F0057
:10B9900070470130F7E700BFF4520120054B1B68E8
:10B9A00033B1054B1B68002B0CBF022000207047F1
:10B9B00001207047E053012088530120F7B5044669
:10B9C000002831D0204DC36A2A68D26A934233D20C
:10B9D00082691E4E002AA1BF2A68D26AC2F10602FD
:10B9E0008261142202FB036342699A421ED1011D47
:10B9F00008460191FDF792FF154B019930B9E76AAE
:10BA00001A680120B84022EA00021A602A681D68FC
:10BA1000D26AE262012404FA02F02843186014207A
:10BA200000FB0260FDF758FF204603E02B68DB6A4D
:10BA3000C362012003B0F0BD2B68806CDC6AA042B9
:10BA40002CBF00200120F5E7F45201200053012013
:10BA50009053012037B5044610B9002003B030BD23
:10BA60001E4B1B68834205D01D491E4841F22D0222
:10BA7000FAF70AFCE36C2BB919491B4841F22E0274
:10BA8000FAF702FCE36CE16AA26C013B9142E364C9
:10BA9000E3D0002BE1D1211D08460191FDF73EFFC7
:10BAA000124A019930B9E56A13680120A84023EAD7
:10BAB00000031360A36C1568E362C3F10600A06184
:10BAC000012404FA03F028431060094A142000FB03
:10BAD0000320FDF701FF2046C0E700BFF45201201C
:10BAE00036140508791605088F16050890530120AD
:10BAF0000053012037B50D460446002846D0C36CDC
:10BB00002BB92349234841F27D02FAF7BDFBA16C12
:10BB1000E36A8D4238BF0D46AB4237D0E36C012B50
:10BB200034D11D4B1B68A34205D119491B4841F272
:10BB30009802FAF7A9FBA269E36AE562002AA4BFAA
:10BB4000C5F10605A561164D142202FB0353626977
:10BB50009A421BD1211D08460191FDF7DFFEE46AE0
:10BB6000104A019928B913680120A04023EA000374
:10BB7000136010680123A3400343142000FB04500A
:10BB8000136003B0BDE83040FDF7A6BE03B030BD82
:10BB9000361405088F160508F4520120A41605086E
:10BBA0000053012090530120044B1A681AB1196800
:10BBB000CA6C0132CA641868704700BFF452012091
:10BBC0002DE9F04188461746044628B11E491F4812
:10BBD00041F24222FAF758FB1D4DFDF71BFF04F11D
:10BBE00016062B6853F8263093B92B68234401219D
:10BBF00083F85C1067B13846FEF7A6FF4FF0E023EC
:10BC00004FF08052C3F8042DBFF34F8FBFF36F8FF7
:10BC1000FDF722FFFDF7FEFE2B6853F8267037B1C3
:10BC20002B68B8F1000F0CD0002243F826202868BA
:10BC30000444002384F85C30FDF70EFF3846BDE86D
:10BC4000F0817A1EF1E700BF36140508BA16050820
:10BC5000F45201202DE9F3470C46DDE90A869146AE
:10BC60009A46054628B94449444841F26132FAF7F8
:10BC70000BFB2CB14049424841F26232FAF704FB17
:10BC8000FDF7DAFFEFF311874FF05F0383F31188BD
:10BC9000BFF36F8FBFF34F8FB8F1000F05D004F1E2
:10BCA000160355F82330C8F800302B19022293F8F8
:10BCB0005C8083F85C205FFA88F8BAF1040F1FD823
:10BCC000DFE80AF00903121A170005EB8404A36DDC
:10BCD00043EA0903A365B8F1010F1CD0012087F3E3
:10BCE000118802B0BDE8F08705EB8404A36D013331
:10BCF000F0E7B8F1020F3CD0163445F82490EAE79B
:10BD0000204B1B68002BE6D01B491F4841F2A9328B
:10BD1000FAF7BAFADFE7AB6A2BB117491B4841F2D1
:10BD2000B432FAF7B1FA1A4B1B68F3B9291D084669
:10BD30000191FDF7F3FD1748EA6A046801990123B0
:10BD4000934023430360144B142000FB0230FDF7A3
:10BD5000C3FD124BEA6A1B68DB6A9A42BED9012313
:10BD600006B133600E4A1360B8E70E4805F11801BA
:10BD7000EDE70020B3E700BF3614050828170508D3
:10BD8000F01605080C54012036170508551705084C
:10BD9000885301209053012000530120F4520120C8
:10BDA00010540120CC530120F7B50D461646044629
:10BDB00028B92C492C4841F2E832FAF765FA2DB13E
:10BDC00028492A4841F2E932FAF75EFAFDF734FFD2
:10BDD000EFF311874FF05F0383F31188BFF36F8F89
:10BDE000BFF34F8F6319022104EB850593F85C20A4
:10BDF00083F85C10AB6D012A03F10103AB6528D118
:10BE0000A36A2BB117491A4841F20F42FAF73CFADC
:10BE1000184B1B680BBB211D08460191FDF77EFDE9
:10BE20001548E26A05680199012393402B4303609A
:10BE3000124B142000FB0230FDF74EFD104BE26A5E
:10BE40001B68DB6A9A4204D9012306B133600D4AAC
:10BE5000136087F3118803B0F0BD0B4804F118019B
:10BE6000EAE700BF3614050828170508F01605088C
:10BE700055170508885301209053012000530120D5
:10BE8000F452012010540120CC53012073B50E460A
:10BE90001546044608B9084B1C6804EB8604FDF7F8
:10BEA000B9FDA06DA36D019023EA0503A365FDF71D
:10BEB000D3FD019802B070BDF4520120F7B5114CCA
:10BEC000FDF7A8FD2568BDB90F4F104E3846FDF7A8
:10BED000F5FC3046FDF7F2FC0D4B0E4A1F600E4B91
:10BEE00010211E6014200D4B0095FEF7B9F820605C
:10BEF00010B10B49FEF772FD03B0BDE8F040FDF74D
:10BF0000ABBD00BFD85501205C5501207055012004
:10BF1000145401201C54012018540120885501207C
:10BF200093170508914208B5416000610AD8D21AFA
:10BF300083699A420DD2084B011D1868FDF7D7FCA2
:10BF4000002008BD9A4201D2994202D2034B011D42
:10BF5000F3E70120F5E700BF185401201454012035
:10BF600030B589B0FFF7AAFF124B1B68CBB1002593
:10BF700007AA06A905A8CDE90555F1F70BFB059B16
:10BF800002930124069B0193079A0B490B480094E6
:10BF90002B46FEF7DFFE0A4B186010B1204609B0B1
:10BFA00030BD0848084940F20D12FAF76DF900203B
:10BFB000F5E700BFD855012098170508C5C103084B
:10BFC000DC550120EA170508A01705082DE9F04106
:10BFD00080462C200D4616461F46FDF781FE04467E
:10BFE000D8B1002380F828302DB90D490D4840F212
:10BFF0005F12FAF749F9FFF761FF069BC4F800806A
:10C00000C4E906572362201DFDF763FC2EB194F8A6
:10C01000283043F0040384F828302046BDE8F0813E
:10C02000A0170508F21705082DE9F34198462C23BF
:10C030000193019B099C2C2B06460D46174605D003
:10C04000174918484FF49F72FAF71EF9019B4CB933
:10C05000134915484FF4A272FAF716F9204602B0B8
:10C06000BDE8F081022384F828302DB90C490F482F
:10C0700040F25F12FAF708F9FFF720FF089B2660ED
:10C08000C4E906582362201DFDF723FC002FE5D0EC
:10C0900094F8283043F0040384F82830DEE700BF2A
:10C0A000A01705080E18050829180508F217050835
:10C0B0002DE9FF410C4690461E46054628B9114918
:10C0C00011484FF4C172FAF7DFF8104F386880B1A9
:10C0D000052CCDE9004802950EDCFFF75FFC00233C
:10C0E000022808BF0A9A386818BF1A466946FEF740
:10C0F0003DF804B0BDE8F081002332466946FEF702
:10C1000021F9F6E7A017050837180508D8550120CA
:10C110002DE9F04FDFF8A08085B00646FEF7E8FF76
:10C12000D8F80030834205463FD9214FDFF88C9084
:10C13000DFF88CA03B681A685AB91E4A116839604A
:10C140001360012328463360C8F8005005B0BDE8ED
:10C15000F08FDB68DC68D3F800B0211D084603913E
:10C16000FDF7DCFB236A2046984794F828300399B2
:10C1700013F0040FDED0A3695B449B4505D23868F9
:10C1800063602461FDF7B3FBD4E7002300935A46B4
:10C1900019462046FFF78CFF0028CBD140F2A93288
:10C1A00049465046FAF770F8C4E70023CAE700BFD3
:10C1B000145401201854012084550120A0170508AB
:10C1C0003E1805082DE9F0476F4F704E88B03B6868
:10C1D0001D68002D58D0DB681D680024FEF780FF25
:10C1E00004A8FFF795FF049BDFF8B0818246002B7F
:10C1F0006DD1002C4FD1A84253D3FFF71BF83B68F9
:10C20000DB68D3F80C9009F10400FDF787FB99F87F
:10C21000283058073AD5D9F818102B4652462944E9
:10C220004846FFF77FFE68B1009423462A46214620
:10C230004846FFF73DFF28B955484FF4057231468F
:10C24000FAF722F8D9F8203048469847D8F8000085
:10C25000002204A9FEF742F90028B8D0049B0698F2
:10C26000002B37DB069C6369002B3AD103A8FFF74C
:10C270004FFF049B0546092BE8D8DFE803F036366C
:10C28000365E657C36365E650124A7E723F0010340
:10C2900089F82830D6E73F4B1B681C68B4FA84F451
:10C2A0006409D8F800002246A5EB0A01FEF7A8FBB6
:10C2B000FEF7C0FF0028C9D14FF0E0234FF08052B5
:10C2C000C3F8042DBFF34F8FBFF36F8FBEE7FEF7A8
:10C2D000B1FFBBE7059B07999847049B002BB5DB93
:10C2E000C0E7201DFDF71AFBC0E794F82830A169CC
:10C2F00043F0010384F82830059B02461944204688
:10C30000FFF710FE0028A1D0236A2046984794F832
:10C31000283059079AD5A269059900230A44009349
:10C3200019462046FFF7C4FE00288FD1184840F276
:10C3300036323146F9F7A8FF88E794F8283023F021
:10C34000010384F8283081E794F8283043F0010392
:10C3500084F82830059BA3612BB90F4840F24F3277
:10C360003146F9F791FFA1692B462A462944204618
:10C37000FFF7D8FD6AE794F828309A07DFD4204603
:10C38000FDF754FD62E700BF14540120A017050813
:10C390003E1805081854012046180508D8550120F4
:10C3A00013B5044628B90749074840F20A42F9F78D
:10C3B0006BFFFDF72FFBE0690190FDF74DFB019846
:10C3C00002B010BDA0170508371805081FB51446A0
:10C3D0001A466FF00103CDE900300548CDE902149B
:10C3E000002369460068FDF7ADFF04B010BD00BF33
:10C3F000D85501208268436800681344181A8242A5
:10C4000098BF801A704700002DE9F843044688461B
:10C4100016462AB91B491C4840F27D42F9F734FF01
:10C420006568A3685F1BB74228BF3746EA19934285
:10C4300005D21449154840F28742F9F725FFA06953
:10C440003A4641462844CBF785FBBE4210D9A36843
:10C45000A6EB0709994505D90A490D4840F28F42D4
:10C46000F9F712FFA0694A4608EB0701CBF772FB08
:10C47000A3683544AB4298BFED1A65603046BDE80D
:10C48000F88300BF6B180508041905081A19050878
:10C490005219050810B5044628B9084908484FF450
:10C4A000F072F9F7F1FEA268206861681044013863
:10C4B000401A824298BF801A10BD00BF6B18050851
:10C4C000871905082DE9FF41044615461F460E460B
:10C4D00029B92949294840F29E22F9F7D5FE2CB9FD
:10C4E0002549274840F29F22F9F7CEFE237F2046B8
:10C4F000DA074CBF05F10408A846FFF7CBFF039508
:10C5000020B90025284604B0BDE8F081237FDB0771
:10C510002AD4854294BF03950390039A314620465E
:10C52000FFF772FF05460028ECD02046FFF762FFB8
:10C53000E3689842E6D3EFF311884FF05F0383F38B
:10C540001188BFF36F8FBFF34F8F23694BB1002664
:10C55000206901970096334632463146FFF77AFB51
:10C56000266188F31188CDE78045CAD8042203A943
:10C570002046FFF749FFD0E76B1805089619050814
:10C5800087190508704730B5D508012402F0070265
:10C5900004FA02F2415752B21BB11143C9B24155DC
:10C5A00030BD21EA0201F9E710B50023DC0041FAB1
:10C5B00004F4C45401339A42F8D110BD1FB50423CA
:10C5C0000093002203AB102101F00BFA9DF80F300D
:10C5D0009DF80E201B0143EA121300EE103AB8EE4C
:10C5E000C00A05B05DF804FB08B5DFED167A2DED45
:10C5F000028BDFED158A9FED158A012860EEA00AF7
:10C6000018BFF0EE678ADFED127A80EE200A08BFCD
:10C61000B0EE678AC8F7C0F9B2EE047A90EE078AE6
:10C620009FED0C7AB4EEC78AF1EE10FA82BF9FED4F
:10C630000A7A38EE077AA7EE288AB0EE480ABDECEF
:10C64000028B08BD6D56953F6D561540E17AF34259
:10C650003D8AE3420000B0C20000B04210B50E4A6D
:10C6600001600E490023C0E90A120446436080F8C5
:10C67000273080F83030037380F85C3005224FF4A7
:10C6800080413830FFF790FF054BC4E91033C4E90F
:10C690001233C4E9143310BD04050001080102057A
:10C6A00085C50308F0B585B0002504260446022799
:10C6B00003AB2A46009636210395ADF80A5001F0E7
:10C6C00090F90DF10A032046009706222D2101F072
:10C6D00088F901238DF80C3003238DF80D30802369
:10C6E0008DF80B302A4603AB2046009636218DF894
:10C6F0000A5001F0B0F90DF10A0306222046009716
:10C700002D2101F0A8F923682046DB680521984710
:10C71000009603AB2A46362120468DF80C508DF842
:10C720000D7001F098F905B0F0BD0022114601F03E
:10C7300088B9000010B500222621044601F081F9D5
:10C7400020F47F5040F4AA5300222046262101F015
:10C75000B4F900223621204601F073F9002240F49A
:10C7600004033621204601F0A8F920464FF48873CF
:10C770002822362101F0A1F92046074B2822362134
:10C7800001F09BF920464FF48873BDE81040282241
:10C79000362101F092B900BF10010F007FB50026CD
:10C7A00004230D460093324603AB3621044603961C
:10C7B00001F017F9F5B9236829469B682046984788
:10C7C0009DF80D308DF80C5023F001038DF80D30DD
:10C7D00001230093204603AB0022362101F03BF9F0
:10C7E00004230093002203AB3621204601F033F9E5
:10C7F00004B070BD012D0DD1236831469B682046E1
:10C8000098479DF80C3023F0030343F001038DF8A3
:10C810000C30DDE7022DDBD1236801219B68204627
:10C8200098479DF80C3023F0030343F00203EEE732
:10C8300030B585B0042503AB0095002236210446AF
:10C8400001F0CFF89DF80F30009523F010038DF81C
:10C850000F30204603AB0022362101F0FCF89DF892
:10C860000F30009543F010038DF80F30002203AB1A
:10C870003621204601F0EFF805B030BD07B50421A0
:10C88000009100F11103002201F0ABF803B05DF854
:10C8900004FB07B50421009100F11103002201F00F
:10C8A000DAF803B05DF804FB07B505230093002216
:10C8B00000F11D030F2101F094F803B05DF804FBB3
:10C8C00007B504230093002200F10D03032101F0BA
:10C8D00088F803B05DF804FB07B504230093002239
:10C8E00000F10D03032101F0B6F803B05DF804FB7D
:10C8F00007B504230093002200F115030E2101F077
:10C9000070F803B05DF804FB07B504230093002220
:10C9100000F115030E2101F09EF803B05DF804FB51
:10C9200007B504230093002200F119031F2101F031
:10C9300058F803B05DF804FB07B504230093002208
:10C9400000F119031F2101F086F803B05DF804FB24
:10C9500007B505230093002200F12203082101F00E
:10C9600040F803B05DF804FB07B5052300930022EF
:10C9700000F12203082101F06EF803B05DF804FB1A
:10C980001FB50223ADF80E10009300220DF10E0327
:10C990000C21044601F05FF8BDF80E30003B18BFD3
:10C9A00001231C22042104F11100FFF7ECFD04B067
:10C9B00010BD0B46002204211130FFF7E4BD0B46E9
:10C9C000032204211130FFF7DEBD0B4606220421AD
:10C9D0001130FFF7D8BD81F001030C220421113082
:10C9E000FFF7D1BD0B46092204211130FFF7CBBD63
:10C9F0000B461D2204211130FFF7C5BD0B4607224F
:10CA000004211530FFF7BFBD10B50B460D220421E0
:10CA10001530FFF7B8FDBDE810400E220421FFF7E6
:10CA2000B2BD10B50B46153012220521FFF7ABFD44
:10CA30000F220521FFF7A7FD0C220521FFF7A3FD1B
:10CA400010220521FFF79FFD1A220421FFF79BFD0D
:10CA5000BDE810401D220421FFF795BD10B50B461F
:10CA6000112204211530FFF78EFDBDE8104015227C
:10CA70000421FFF788BD0B460A2204211530FFF779
:10CA800082BD0B46032204211530FFF77CBD002335
:10CA9000C0F81530704707B54021002203460172E7
:10CAA00004210091A0F80920C272027308330D21FD
:10CAB00000F0D1FF03B05DF804FB7FB5042603ABA3
:10CAC000009600223621044600F08BFF012300254A
:10CAD0008DF80C30204603AB00960022362100F082
:10CAE000BAFF2A4603AB2046009636218DF80F5038
:10CAF00000F0B1FF23682046DB680A219847F02345
:10CB00008DF80F302A4603AB3621204600968DF86B
:10CB10000C5000F0A0FF2046FFF7BDFF04B070BD31
:10CB200037B504460021FFF739FE23682046DB684D
:10CB30000521984723681B692046002B43D098475E
:10CB40002046FFF7F2FD224B98423FD14FF0FF33D2
:10CB5000C4F80D300423002200250093032104F1C2
:10CB60000D03204600F077FF29462046C4F81150F7
:10CB7000FFF731FF01212046FFF734FF2046FFF782
:10CB800088FE2046FFF783FFFFF7BEFE0121204607
:10CB9000FFF704FE23680521DB68204698472046FE
:10CBA000FFF780FD23680521DB68204698470221B6
:10CBB0002046FFF7F3FD23682046DB6805219847F0
:10CBC000284603B030BDFFF778FFB9E70120F8E74A
:10CBD0003001CADE13B50446002294F82F30083025
:10CBE00083F001030421FFF7CEFC637A43F00103D5
:10CBF000637204230093002203460D21204600F0B7
:10CC00002AFF02B010BD13B50446FFF7ADFE94F83D
:10CC10002F3004F1080083F0010300220421FFF704
:10CC2000B2FC237A43F00203237204230093002210
:10CC300003460D21204600F00EFF94F830304BB132
:10CC40000023A36020460123237302B0BDE81040F7
:10CC5000FFF7C0BF94F8313003B10123237302B052
:10CC600010BD10B50446FFF716FF2046FFF728FE5B
:10CC70002046FFF703FE2046FFF752FE2046FFF74F
:10CC800067FE2046BDE81040FFF732BE80F8311045
:10CC90000B46072204210830FFF775BC80F82E10E0
:10CCA00081F00103122204211130FFF76CBC10B592
:10CCB00086B002A981E80C00037B022B04461CD13C
:10CCC000037A43F00403037202980B79CDF8130042
:10CCD0008DF817309DF8143023F001038DF81430CF
:10CCE0000523002200930A210DF1130320468DF83D
:10CCF000132000F0B0FE06B010BD012BFBD1437A2B
:10CD000043F002034372DFE730B590F8233090F927
:10CD1000132001F0030523F07C0343EA451380F858
:10CD2000233085B090F91B30044655B942F04002DB
:10CD3000C27443F03203012DE3760CBF102340236D
:10CD400008E022F04002022DC274F2D123F0320337
:10CD5000C37608238DF80F300123009300220DF1D4
:10CD60000F032121204600F076FE84F82A5005B0FA
:10CD700030BD90F8243001F0030123F003030B438E
:10CD800080F82430C37E80F8291023F00C0343EA96
:10CD90008103C376704790F8243001F00F0223F02E
:10CDA0003C0301F00B0143EA8203012980F824309F
:10CDB00005D1082380F8283080F82B2070470929F6
:10CDC00001D11023F6E7022A0CBF20234023F1E70C
:10CDD000C27C002914BF0323002322F0030280F841
:10CDE00027301343C374704701F00F0141EA011368
:10CDF000437680F82D107047C37E01F01F0103F0C9
:10CE00003F0343EA8113C376CB0043EA91030377E0
:10CE100080F82C10704737B5144690F82F2005463F
:10CE20000B4602B10234B4F5806F14D27F2C02D9C4
:10CE300095F827207AB1009400220921284600F0B5
:10CE40000AFE95F8232085F8224022F01F0242EACC
:10CE5000142485F8234003B030BD1FB5037B022B9B
:10CE600004460AD1438CC3F3090094F82F3013B160
:10CE7000022888BF023804B010BD012B09D1042359
:10CE80000093002203AB102100F0ABFDBDF80C3085
:10CE9000E9E70020E9E707B50B4622B1009211212E
:10CEA000002200F09EFD03B05DF804FB07B50522EB
:10CEB0000B4600921721002200F093FD03B05DF8AD
:10CEC00004FB90F82F20837F12B1C3F380107047CA
:10CED000C3F340107047C17F837F90F8202048073C
:10CEE0000AD4D81109D1D80606D4C90704D45307E7
:10CEF00002D4C2F3401070470120704790F8200020
:10CF000010F0020F18BF012000F001007047000070
:10CF10001FB50B4B1B88ADF80B3004238DF80C307C
:10CF20000523002200930F210DF10B03ADF80D2016
:10CF30008DF80F2000F08FFD05B05DF804FB00BFF9
:10CF4000CC8E0408024B00220F2100F0B6BD00BFBA
:10CF500000FF272410B50446FFF79DFD0023A360C2
:10CF60002046FFF7EFFF0123237310BDF8230022B3
:10CF70000F2100F0A2BD10B50446FFF78CFD002381
:10CF8000A3602046FFF7F2FF0223237310BD0000C9
:10CF900010B506222DED028B1221044600F045FD4E
:10CFA00008EE100A2046FFF709FBB8EE488AF0EEBB
:10CFB000400A9FED060A94F8290028EE000ABDEC0D
:10CFC000028BBDE81040FFF70FBB00BF0000004818
:10CFD00070B506460D46FFF7DBFFDFED3A7A30EE1F
:10CFE000270AF6EE007A20EE670ADFED377AB0EE18
:10CFF000C07AB4EE677AF1EE10FA43D8FDEEC07A4B
:10D0000017EE904A002C3EDD631C102B01DD11232E
:10D010001C4696F82D1096F82920042901D00729DE
:10D0200037D1012A31D12949CA5C062B0B5DD8BF03
:10D030005242062CD8BF5B4252005B0007EE904A7A
:10D04000F8EEE77AD21A30EE670A07EE902AB8EEC9
:10D05000E77A07EE903AF8EEE77AD5E90021E0EEBC
:10D06000077A9FED1B7A67EE877A9FED1A7A67EE53
:10D07000877AFDEEE77A17EE903AD21A61EBE37306
:10D08000C5E9002370BD0023C2E7022A17D1124967
:10D09000CAE7012A09D11149CA5C092B0B5DD8BF27
:10D0A0005242092CCADC5B42C8E7022A07D10C496C
:10D0B000CA5C072BD8BF52420B5D072CF2E7002356
:10D0C0001A46BBE700007442FFFF7F7F101A050875
:10D0D000B32355436F12833A221A0508EC19050849
:10D0E000FE19050837B500230022C1E900230523F6
:10D0F0000C4600930B461521054600F072FC2146B4
:10D10000284603B0BDE83040FFF762BF38B50C4693
:10D1100005460978FFF7F8FD61782846FFF729FEF4
:10D12000A178FFF738FE55236B76052385F82D305F
:10D130006378012B08BF0421BDE8384018BF0A21DD
:10D14000FFF75ABE70B5057B0446ADBB01262946E4
:10D15000FFF73EFEFFF7A2FD2946204684F82F6028
:10D16000FFF727FC29462046FFF729FC29462046E1
:10D17000FFF72BFC31462046FFF740FC31462046A6
:10D18000FFF742FC31462046FFF768FC294620465F
:10D19000FFF747FC29462046FFF76DFC294620464D
:10D1A000FFF76FFC31462046FFF722FC204603497B
:10D1B000BDE87040FFF7AABF70BD00BF341A050874
:10D1C000F0B590F82920012A8FB0044640F075810F
:10D1D000022248F670010DF10E00FFF7E5F9CF4984
:10D1E000042208A8FFF7E0F90222352104A8FFF77E
:10D1F000DBF994F82A30002B40F0658116210DF1FF
:10D200001200FFF7D1F994F82920012A40F0648137
:10D210000222872105A8FFF7C7F994F82B3094F86C
:10D220002A200A2B00F25F814FF48961D940C90797
:10D2300040F157812AB9022264210DF11600FFF74F
:10D24000B3F994F82830082B40F05F8194F8293026
:10D25000012B40F05481B249042209A8FFF7A4F938
:10D2600094F82B30012B4FF002020CBF1021282123
:10D2700006A8FFF799F994F82D30042B4FF001021E
:10D2800000F07B81072B00F07881D8210DF10B0095
:10D29000FFF78AF994F82D20012A40F070810422CA
:10D2A00045F640410BA8FFF77FF994F82D20012A9D
:10D2B00040F07E81C92103A8FFF776F994F82D503C
:10D2C000012D40F08F81974904220CA8FFF76CF9DB
:10D2D0002A461E210DF10D00FFF766F901220D21EE
:10D2E0000DF10A00FFF760F994F82920012A40F0B7
:10D2F0009C81022241F207610DF11A00FFF754F9F7
:10D3000094F82C305A1E012A00F2988194F82A30A1
:10D310000222002B40F08F8140F6333107A8FFF73F
:10D3200043F994F85C30002B00F01382A16D0422C5
:10D330000AA8FFF739F91E238DF81E3002230025B5
:10D34000009304220DF11E032D2120468DF81F505D
:10D3500000F081FB032306222D21204600F0A1FBD3
:10D36000012306222D21204600F09BFB042300937D
:10D370000A220DAB2D21204600F033FB2D212B4638
:10D380000622204600F08DFB9DF83410002940F065
:10D3900089820122702102250DF11E00FFF704F998
:10D3A00004260DF10E03204600950422232100F0EF
:10D3B00052FB08AB204600960C22232100F04BFBC9
:10D3C00004AB204600951222232100F044FB0DF10E
:10D3D00012032A4620460095272100F03CFB05ABAE
:10D3E000324620460095272100F035FB0DF116034B
:10D3F000204600950622272100F02DFB09AB204690
:10D4000000960822272100F026FB012706AB2046C4
:10D4100000952622272100F01EFB0DF10A0320466D
:10D42000009740F606022E2100F015FB0DF11A03BD
:10D430002046009541F606022E2100F00CFB07ABBA
:10D440002046009542F604022E2100F004FB0AABB0
:10D450002046009600221E2100F0FDFA0DF10B037C
:10D46000204600970B22282100F0F5FA0BAB20464E
:10D4700000960C22282100F0EEFA03AB204600971C
:10D480000B222A2100F0E7FA0DF10D032046009748
:10D490000B222B2100F0DFFA0CAB2046009607226E
:10D4A0002B2100F0D8FA00970DF11E030E222B213C
:10D4B000204600F0D0FA0FB0F0BD022A7FF48FAE04
:10D4C00048F69B0187E6012B01D1062197E6022B46
:10D4D0007FF499AE012192E6022A7FF49EAE8D215F
:10D4E00098E6012B06D0013A012A3FF6AAAE0222A5
:10D4F0002021A2E6022A7FF4A4AE10219DE6022B91
:10D500007FF4AEAE08490422A7E6102B16D194F89A
:10D510002930012B0CD1054904229EE607A90225DA
:10D520002D001A31070400096B003B3152001A33F9
:10D53000022B7FF495AE9D4904228EE6202B0CD160
:10D5400094F82930012B02D19949042285E6022B57
:10D550007FF486AE974904227FE6402B7FF480AEAD
:10D5600094F82930012B02D19349042275E6022B4D
:10D570007FF476AE914904226FE6BC2186E6022A4A
:10D5800002D18F4904228DE6032A02D18D4904225B
:10D5900088E6042A01D18C4984E6052A02D18B4908
:10D5A00004227FE6072A7FF480AE8949042279E6C7
:10D5B000022A02D10122C2217DE6032A02D10122E0
:10D5C000C52178E6042A02D10122952173E6052AB5
:10D5D00002D10122C0216EE6072A7FF46FAE01223C
:10D5E000932168E6022D01D0042D07D17949042248
:10D5F0000CA8FEF7D9FF012226216BE6032D07D1E7
:10D60000754904220CA8FEF7CFFF0122562161E6DE
:10D6100005F0FD05052D7FF461AE704904220CA8CC
:10D62000FEF7C2FF0122A62154E6022A7FF468AE6B
:10D6300040F2076160E645F698116FE6032B01D0D2
:10D64000082B09D194F82A30022213B940F63D2163
:10D6500064E645F2EA1161E6042B09D194F82A3018
:10D66000022213B940F6510158E644F28E2155E6E4
:10D67000052B09D194F82A30022213B940F6A301F0
:10D680004CE644F21E5149E6062B09D194F82A30A3
:10D69000022213B940F2C25140E642F614613DE65F
:10D6A000072B09D194F82A30022213B94FF4805184
:10D6B00034E64FF4004131E6092B09D194F82A30C1
:10D6C000022213B940F21E5128E642F6F40125E683
:10D6D0000A2B01D0112B09D194F82A30022213B958
:10D6E00040F266611AE643F2323117E60B2B09D19C
:10D6F00094F82A30022213B940F25C710EE643F628
:10D70000E0210BE60C2B09D194F82A30022213B940
:10D7100040F2AE7102E643F67051FFE5A3F112024A
:10D72000012A09D894F82A30022213B94FF4D7619C
:10D73000F4E543F2C251F1E5142B7FF4F2AD94F815
:10D740002A30022213B940F6F501E7E544F2AE7142
:10D75000E4E594F82D20531E012B18D894F82930B5
:10D76000012B08D194F82E3004220BB11C49DFE5BF
:10D770004FF07531DCE5022B7FF4DDAD94F82E30EF
:10D7800004220BB11749D3E54FF06731D0E5032AE6
:10D7900038D194F82930012B28D194F82E30042266
:10D7A0000BB11149C4E54FF06F31C1E5BE003B3309
:10D7B0009A001A355E013B351D011A3796023B3738
:10D7C000A05C0400C06C0800805C0400E03F1E0008
:10D7D000E07D1E0008054008091040081D040008EF
:10D7E00075553515674727076F4F2F0F022B7FF4AD
:10D7F000A2AD94F82E3004220BB12D4998E54FF0DC
:10D800008B3195E5042A16D194F82930012B07D1E4
:10D8100094F82E300BB127498AE54FF05F3187E548
:10D82000022B7FF488AD94F82E300BB122497FE5AE
:10D830004FF09A317CE5052A18D194F82930012B54
:10D8400008D194F82E3004220BB11C4970E54FF03A
:10D8500048316DE5022B7FF46EAD94F82E30042232
:10D860000BB1174964E54FF0853161E5072A7FF474
:10D8700062AD94F82930012B08D194F82E3004229F
:10D880000BB1104954E54FF0923151E5022B7FF472
:10D8900052AD94F82E3004220BB10B4948E54FF0FD
:10D8A000D13145E501F01F01012241F0600172E52F
:10D8B0008B6B4B2B5F3F1F1F9A7A5A3A4828080EF2
:10D8C0008565452592725232D1B1715130B5044609
:10D8D00085B0FFF701F82046FEF7DBFF2046FFF793
:10D8E0002BF82046FFF740F82046FFF70DF80225F9
:10D8F0002046FFF765FC04F138032046009500221E
:10D900001821039300F0A7F8039B009541F6040249
:10D910002E21204600F09FF805B030BD10B504461A
:10D92000FEF7C2FF2046FFF7E9FA18B1636C0BB1AE
:10D9300020469847637FDB0907D0236C2BB1204634
:10D94000FFF714FB236C20469847A37F5A0707D59F
:10D95000636D2BB12046FFF7DBFA636D20469847D5
:10D960002046FFF7B8FAA0B12046FFF7EBFA2046B1
:10D97000FEF75EFF236D0BB32046984794F83030D6
:10D98000E3B12046FFF7E6FA2046BDE81040FFF776
:10D9900021B9E37F9B07204606D5FFF7D3FA20463F
:10D9A000FEF746FFE36CE6E7FFF78BFA30B1A36CB6
:10D9B00023B12046FFF7C6FAA36CDDE710BD016472
:10D9C000704781647047C16470470165704782B0D9
:10D9D00002A901E90C00DDE90023C0E90E2302B031
:10D9E00070471FB501F03F015AB98DF80D100122A3
:10D9F0000168069C00940C680DF10D01A04704B06D
:10DA000010BD41F040018DF80D1002F07F01D209E8
:10DA100019BF61F07F018DF80F208DF80E100222E2
:10DA20001CBF8DF80E100322E2E71FB502230093FE
:10DA30000DF10E03FFF7D5FFBDF80E0005B05DF840
:10DA400004FB1FB50423009303ABFFF7CAFF039841
:10DA500005B05DF804FB1FB501F03F016AB961F044
:10DA60007F018DF80D1001220168069C00944C681E
:10DA70000DF10D01A04704B010BD61F03F018DF81C
:10DA80000D1002F07F01D20919BF61F07F018DF8FE
:10DA90000F208DF80E1002221CBF8DF80E100322ED
:10DAA000E2E71FB58DF80F30012300930DF10F034E
:10DAB000FFF7D1FF05B05DF804FB1FB50393042306
:10DAC000009303ABFFF7C7FF05B05DF804FB60EE02
:10DAD000A07AF7EE006AE0EE007A8CB0E1EE017A0F
:10DAE000E1EEA17AB1EEE77AC6EE877A27EE800AF8
:10DAF00060EEA70A27EE811A67EEA11A0CB07047F4
:10DB000038B52DED0C8B4B4BD3ED00AA4A4B93ED62
:10DB100000DA4A4BD3ED007A494B93ED00AA494B0A
:10DB200077EECA6A3AEECD6A66EEA65A93F90030ED
:10DB3000E6EE065A0C460546F6EE009AB1EEE57A98
:10DB4000DFED415AB4EE657AF1EE10FA48BFB0EE5F
:10DB5000657AC6EE07BA002B86EE87BABFEE009A4A
:10DB6000B7EE008A67EE298A37EE8AAAB8BFB0EE10
:10DB7000498AB0EE40CAC6F7AFFC68EE0BCA28EE81
:10DB80006B9AB0EE408AB0EE4C0AC6F7CFFD68EE55
:10DB9000887A2E4B2E4993ED006A2E4A67EEAB6AC7
:10DBA0007AEE8DAA20EE066AEAEEA96A67EE8B7A13
:10DBB000E6EE2C6AEAEE297AC5ED006A93ED007A6A
:10DBC00067EE006A27EE087AE6EE897AD2ED006AFF
:10DBD000C5ED017AD1ED007A37EEA66A77EEE67AE6
:10DBE00068EEC08A67EEA97A27EE2C7A68EE677A2B
:10DBF000A8EEAB7AE6EE297AC5ED027A84ED007ADA
:10DC0000D3ED007A92ED007A28EE278AD1ED007AE2
:10DC100028EE098A77EEC77AA8EE8B8A67EEA97A92
:10DC200084ED018ABDEC0C8B27EE800A84ED020A9C
:10DC300038BD00BF28260020202600202C260020EA
:10DC4000F4B20120182600206F12833A3C260020EF
:10DC500024260020302600202DE9F043564BDFF823
:10DC6000C0911B78F3B00DF1100805AE06AF00258A
:10DC70000446C8F8005035603D602BB9002389F890
:10DC8000003073B0BDE8F083CDE90167CDF80080C6
:10DC900059AB40AA27A90EA807F014FE0028EDD022
:10DCA000464A4749012389F80030D8F8003013600C
:10DCB0003A680A60434908688242E2D00A60616BB0
:10DCC0000791A16B0891E16B09913F493F4C0968AD
:10DCD0000A913F493F4F09680B913F4909680C91F0
:10DCE0003E4907AA09680D91CDE9002427A940AA59
:10DCF0000EA807F03BFE3A4B3D701B781BB3394B27
:10DD00001B7803B33368F3B1374A126893421AD1D0
:10DD1000364B3749D3ED002A364B93ED002A364B6C
:10DD2000D3ED001A354B93ED001A354BD3ED000AB5
:10DD3000344B224693ED000A59A807F0C9FEFF288C
:10DD4000A8BFFF203870214ADFED2F7A9FED2F7A90
:10DD50006423B6EE006AF2EC016AF4EE476AF1EE73
:10DD600010FAF4EEC66AC8BFB0EE667AF1EE10FAA9
:10DD700008DBD2ED636AF4EE676AF1EE10FA48BF91
:10DD8000F0EE667A013BE6D1214BD4F8DC2083ED3E
:10DD9000007A9FED207A204BF0EEE76AF4EEC76A36
:10DDA0009FED1A7A1A60F1EE10FA1C4B88BFF0EE64
:10DDB000477AC3ED007A64E77026002064B301203F
:10DDC000A4B30120B46A012088260020B86A01208B
:10DDD0009026002074B30120982600209C26002065
:10DDE00071260020FCC5012048580120782600201B
:10DDF000946A01207C2600208026002084260020B2
:10DE000074260020ECC501200000807F0000000087
:10DE100084B30120FFFF7F7F68B301208CB3012012
:10DE2000B0B3012000B52DED0A8B20EEA0AAB0EE14
:10DE3000409A20EE810AF0EE4A7AA1EE890A8DB06E
:10DE4000E9EE097AF7EE00BAB0EE608AB0EE00CAE9
:10DE5000F0EE6B0AF0EE418AE7EECC0A30EE000AF3
:10DE6000F0EE619AC6F72EFD68EEC97AB0EE40BAC0
:10DE7000E8EE297A28EE098A37EEA70AA9EEA88AE1
:10DE8000C6F7ECFCA8EEA8AAF0EE6B0AEAEE4C0A84
:10DE9000F0EE40AA38EE080AC6F714FDF0EE6A0A62
:10DEA000B0EE401AB0EE4B0A0DB0BDEC0A8B5DF837
:10DEB00004FB000010B52DED0C8B32EEE08A72EE03
:10DEC000409A68EE087A73EE418AE9EEA97A6C4BC3
:10DED0009FED6CDAF1EEE7BA0C4668EEA87AF0EE48
:10DEE00061CAEBEEAB7AB0EE63AAB1EEE79AF0EE60
:10DEF00044AAB4EECD9AF1EE10FA80ED009A0B60D0
:10DF000004D59FED610ABDEC0C8B10BDF4EECDBACB
:10DF1000F1EE10FAF5D45D4B93ED00BAB0EE4B0A7A
:10DF2000C6F7DAFAB0EE40CAB0EE4B0AC6F7FEFB0F
:10DF3000F0EE40DAB0EE6C0AC6F7CEFAB0EE40BAB8
:10DF4000B0EE6C0AC6F7F2FB60EE0C7A2BEE0CBA60
:10DF500067EE887AE9EE8B7AEDEEE87AF7EE008AE2
:10DF600087EE890AB4EEE80AF1EE10FA6DDCFFEEF6
:10DF7000007AB4EE670AF1EE10FA48BFB0EE670A15
:10DF8000C6F738FCDFED427A424B60EE277AC4EDEB
:10DF9000007A93ED007ADFED407A27EE277ADFED05
:10DFA000397AB4EECD7AF1EE10FAD8BFB0EE677AD6
:10DFB000C0EE077A78EEE77AF5EEC07AF1EE10FA65
:10DFC0009FD928EE2A8A354BDFED356A93ED007A2A
:10DFD000A9EE8A8AF4EE687A88EE2B6AF1EE10FADE
:10DFE000F7EE005AB4EEE67AC8BFF0EE657AF1EECD
:10DFF00010FA58BFB0EE667AB0EEC66A36EE476ADF
:10E0000038EEC77AC6EE076AF5EEC06AF1EE10FA8E
:10E010007FF677AF234B93ED007A234B93ED006AA5
:10E02000F4EE686AF1EE10FAB4EEC67AC8BFF0EE0C
:10E03000656AF1EE10FA0BD8B4EEC97AF1EE10FA77
:10E04000FFF65FAFB0EE650A15E0B0EE680A97E73D
:10E0500037EE499A37EE467A89EE070AB4EEE80AB7
:10E06000F1EE10FAEEDCB5EEC00AF1EE10FA3FF573
:10E0700048AF7FF646AF67EEA67A27EE800A42E702
:10E08000000034436F12833A00000000E0C5012015
:10E09000E02E6542A826002035FA8E3CAC260020F2
:10E0A000A4707D3FB4260020B826002030B58DB086
:10E0B000012304468DF800300FCC01AD0FC5236855
:10E0C0002B606846F7F734FE0DB030BD00230360C7
:10E0D00043608360C36070474FF0FF3070474FF07C
:10E0E000FF3070474FF0FF3070474FF0FF30704700
:10E0F0004FF0FF3070474FF0FF307047104600BFC1
:10E100007047000008B504490448F8F749FD4FF48A
:10E11000FA60FDF751F9FAE73A1A0508ED530208DB
:10E120001FB51B4B4A6A1A608A6A5A60CA6A9A60AB
:10E130004A6B9A618A6BDA61CA6B1A62D0ED037A14
:10E140009FED147A67EE877AC3ED097AD0ED047AF1
:10E1500067EE877AC3ED0A7AD0ED057A67EE877AA3
:10E16000C3ED0B7A91ED040AD1ED050A91ED061A83
:10E17000D1ED071A084BFFF7AAFC83ED000AC3EDA7
:10E18000010A83ED021AC3ED031A05B05DF804FB22
:10E19000907D012035FA8E3C14B00120F0B52DEDB4
:10E1A000088BB84BB84D1B7887B0002B00F0B980B6
:10E1B0002C789FEDB68A8CBBDFEDB58ADFEDB59A82
:10E1C000B54EB64F07EE904AF8EEE77A03A967EE30
:10E1D000887A684687EEA99A0134B0EE490AFFF7BB
:10E1E0008FFCD6ED007A9DED007AD6ED016A37EE10
:10E1F000677ADDED017A77EEE67A67EEA77AE7EEE9
:10E20000077AF4EEE87AF1EE10FA44BF87ED009A4F
:10E21000F0EE678A302CD5D101232B709F4C94ED02
:10E22000009A03A9B0EE490A6846FFF769FC9DED24
:10E23000040ADDED030A9DED057A994B9FED996A7D
:10E2400060EE006AE0EEA06AE7EE076AF1EEE67AB9
:10E25000DFED956AF4EE667AF1EE10FA48BFF0EE63
:10E26000667AD3ED006A26EE866A0023C6EE278A18
:10E2700078EE898AC4ED008AF4EEC88AF1EE10FACD
:10E2800003DB78EEC88A0123F6E70BB1C4ED008A00
:10E2900060EEA65A854B009E019D029C1E6085EE95
:10E2A000A76A00225D609C605A629A62DA6260EE40
:10E2B000265A27EE267A83ED066AC7EE276A85EE90
:10E2C000A76AC3ED086A83ED076AC6F7FBFADFEDBC
:10E2D000787A9FED787A20EE278ADFED777AB4EEB0
:10E2E000C78AF1EE10FA0BDC9FED747ADFED727ADB
:10E2F000B4EEC78AF1EE10FA05D538EE278AF7E7B3
:10E3000038EE678AEBE76E4B1E606E4B1D606E4BFE
:10E310001C606E4BC3ED008ADFED6D7AB0EE677A5C
:10E320001CE12B706B4B1A78604B002A00F0F080D8
:10E33000694C2278002A37D1684A1278002A00F006
:10E34000E780674A674992ED005A534AD1ED005A77
:10E35000D2ED017A92ED007A75EEE77A35EE477AE2
:10E3600027EEA76AA7EE076AF1EEC66A9FED5E6A1E
:10E37000F4EEC66AF1EE10FA40F3CA8087EE266A20
:10E380005A4A87EEA67A82ED005A594AC2ED005ADF
:10E39000584A1168584A1160584A82ED006A584A32
:10E3A00082ED007A01222270564A474992ED006AB6
:10E3B000524A92ED009A4D4A92ED00AA404AF0EE80
:10E3C0004A6AE6EE096AF0EE490AC2ED006A4C4A72
:10E3D000C3ED006AD2ED008A454AD2ED009A394A6F
:10E3E000B0EE697AA6EE287AB0EE680A82ED007A7D
:10E3F000414A83ED017A12680A609A60424AD2ED7E
:10E40000007A29EE277A68EEA77A002283ED067A51
:10E41000C3ED077A1A625A629A62DA62C6F752FA52
:10E42000DFED237A9FED237A20EE278ADFED227A33
:10E4300001E038EE678AB4EEC78AF1EE10FAF8DC34
:10E440009FED1E7ADFED1C7AB4EEC78AF1EE10FA6A
:10E4500002D538EE278AF7E70F4B93ED010AD3ED8B
:10E46000007A30EE690A77EECA7A20EE280AA9EE21
:10E47000270AB5EEC00AF1EE10FA7FF74DAF002380
:10E48000237049E7F2B20120E0550120DB0FC940BB
:10E49000CAF2497100004042907D0120E4550120FC
:10E4A0001C2600200AD7A33CBD378635C07D01203D
:10E4B000E02E6542000034430000B443000034C342
:10E4C00000B3012004B3012008B30120F8B20120F9
:10E4D00000000000DCB30120FCB20120FCC50120DB
:10E4E000BCC50120C0C501206F12833A80B0012055
:10E4F00084B00120C4C5012088B00120142600206A
:10E50000E4B20120382600203426002035FA8E3C63
:10E51000C26B1A60026C5A60426C9A60C26C9A615B
:10E52000026DDA61426D1A62D0ED067A1FED097A4A
:10E5300067EE877AC3ED097AD0ED077A67EE877ABE
:10E54000C3ED0A7AD0ED087A67EE877AC3ED0B7ACD
:10E5500090ED048A90ED027AD0ED037A1FED150A52
:10E560003E4B27EE007AF6EE00BA27EE2B9A67EEC6
:10E57000808A68EE009A83ED007AC3ED018AC3EDCC
:10E58000029AB0EE490AC5F7A7FFB0EE40AAB0EE76
:10E59000490AC6F7CBF868EEAB8AB0EE409AB0EE07
:10E5A000680AC5F799FFB0EE40BAB0EE680AC6F740
:10E5B000BDF869EEAB9AF0EE40AAB0EE690AC5F775
:10E5C0008BFFF0EE408AB0EE690AC6F7AFF82AEE8C
:10E5D0002A7A69EE0B0A29EE2A9A67EE407A2AEE29
:10E5E0000BAA29EE681AF0EE401AE8EEA07A1C4B4E
:10E5F0001C4A1D49C3ED007AA1EE8A1A1B4861EE40
:10E60000A00A61EE891AE8EE870AE8EE8A1AB0EEEF
:10E61000670AC3ED010A83ED021AC3ED031AFFF77F
:10E6200056FA134B83ED000AC3ED010A83ED021A7B
:10E63000C3ED031A0F4B83ED008A0023D3601361EF
:10E64000536108F0BDFA0C4A0C49084807B0BDEC0C
:10E65000088BBDE8F04008F010BB00BF3856012021
:10E6600010B20120C07D0120C095012014A7012017
:10E6700024B00120D0580120807D0120908F0120FE
:10E68000012070472DE9F04F2DED028BD7B01C46CD
:10E6900006468A4690460021802216A8629D9FED7C
:10E6A000808AC9F76DFB01238DF8D1308DF8D63003
:10E6B000636A2593A36A94ED061A94ED040AD4EDD7
:10E6C000050AD4ED071A269340F20112E36A279354
:10E6D000ADF8D220FFF7FBF9FFF7A4FB714B21EE59
:10E6E000081A93F800908DED1A1AB9F1000F05D0B1
:10E6F0006D4B186810B16D4B1B683BB900952346F4
:10E70000424616A93046F4F779FC91E0DFF8CCB127
:10E71000DBF800300593664B1F68002F6CD0EF1BB1
:10E72000C82F94BF002701270221FBF777FF01289C
:10E73000E4D1604880225146C9F70CFADFF8A0C145
:10E74000434608F1380E18685968624603C2083318
:10E7500073459446F7D1584850222146C9F7FAF933
:10E76000564B3FB100221A70554ACBF80050012198
:10E7700011700595534993F800B0802236A8C9F767
:10E78000E9F9494800231A4619460068FBF7EEFCF0
:10E79000474B1D60B7B1606ACEF7AEFE02460B462E
:10E7A000E06ACDE90623CEF7A7FECDE90201A06A13
:10E7B000CEF7A2FEDDE90623CDE900014249434838
:10E7C000F8F7EEF91422B5FBF2F302FB13532BB961
:10E7D00036481A4600681946FBF7C8FCEB0727D4F1
:10E7E00006F096FF002889D1394B1B7833B100958C
:10E7F00023464246514685E74F4695E7BBF1000F59
:10E8000009D0059BA5EB0309B9F1F90F8CBF4FF0B7
:10E8100000094FF001099AF87B3073B9B9F1000F84
:10E820000BD1002333607360B360F360042333744F
:10E8300057B0BDEC028BBDE8F08F264F802200213F
:10E840003846C9F79DFA012340F2011287F8793062
:10E85000A7F87A2087F87E30B9F1000F09D180221D
:10E8600036A93846C9F776F91A4900952346424633
:10E8700048E7636AFB63A36A3B64E36A7B64164B05
:10E8800093ED021A93ED000AD3ED010AD3ED031ABA
:10E89000FFF7C8FA21EE081A87ED041AE4E700BF73
:10E8A000E02E654210B00120E0B201204458012062
:10E8B000906A0120F4560120E855012044560120B9
:10E8C000D458012050580120611A0508ED53020860
:10E8D000EFB30120C457012014B00120F8700120CB
:10E8E000485601200022026042608260704730B5C5
:10E8F00084680268012C06D14368C5682B444360D4
:10E900000023C0E90234D0E901435D1C03EB43035B
:10E910002344856002EB83030968196030BD826877
:10E9200003680C2A30B507D1C468426822444260AB
:10E9300000240122C0E90242D0E90124651C02EB57
:10E940008402856003EB82030968196030BD826828
:10E9500003680C2A30B507D1C4684268224442607B
:10E9600000240122C0E90242D0E90124651C85602F
:10E970000C2505FB042203EB82030968196030BDF6
:10E9800082680368042A30B507D1C468426822440B
:10E99000426000240122C0E90242D0E90124651C42
:10E9A00085600C2505FB042203EB820309681960CE
:10E9B00030BD82680368042A30B507D1C468426854
:10E9C0002244426000240122C0E90242D0E901242D
:10E9D000651C02EB8402856003EB82030968196001
:10E9E00030BD30B584680368012C06D14268C56823
:10E9F0002A4442600022C0E90224D0E90124651CB7
:10EA000002EB8402856003EB82030968196030BD64
:10EA100003681B6803EB81014368D1ED006A93ED45
:10EA2000007AC6EE877AC1ED007A704700B5D0ED66
:10EA3000027AD0ED016A90ED007A67EEA77A89B08C
:10EA4000E6EEA67AE7EE077AF5EEC07AF1EE10FA76
:10EA500018DDB1EEE77A01AB049302AB05930DF13B
:10EA60000303CDE906300190002104A88DED027A60
:10EA7000FFF7CEFF012104A8FFF7CAFF022104A877
:10EA8000FFF7C6FF09B05DF804FB000038B52DEDB7
:10EA9000068B404B90ED02AAD3ED009AD0ED008A90
:10EAA00090ED019AB0EE690A0C461546C5F714FDC3
:10EAB000B0EE408AB0EE690AC5F738FEB1EE499A69
:10EAC00069EE009A344BEAEE089A29EE088AF1EED4
:10EAD000688AA0EE4A8A93ED00AAB0EE4A0AC5F70A
:10EAE000FBFCB0EE409AB0EE4A0AC5F71FFE68EE96
:10EAF000897A20EE687A94ED044AD4ED054A94EDC3
:10EB0000065AE9EE807A2846A9EE897A68EE446AC8
:10EB100027EEC56AE5EE076A67EE645AA4EE886AD6
:10EB2000E4EE275A76EEA66A94ED074A75EEA55AEA
:10EB300036EE066A26EEC55AA4EE067AA4EEA55A6B
:10EB400037EE057A85ED007A94ED077A94ED065A52
:10EB5000E7EE267A94ED047A27EE657AA5EE067A3A
:10EB600077EE877AC5ED017AD4ED077AA7EEA58A0C
:10EB7000D4ED057A27EEC66AD4ED047AA7EEA66A2C
:10EB800038EE068A85ED028AFFF750FFBDEC068B52
:10EB900038BD00BFE0C50120E8C501202DE9F04FD8
:10EBA0002DED068BCE4ACF4EDFF8A88312780023D6
:10EBB000B7B00446337088F80030002A00F0D081E6
:10EBC000C94A1278002A00F0CB81C84A1278002A7C
:10EBD00000F0C6819FEDC67AC64AF0EE477AB0EEE5
:10EBE00047AAF5EE006A92ED006A0133E6EE267A56
:10EBF000042B02F1080212ED016AA6EE267AF2D188
:10EC0000DFEDBD6ABD4F9FEDBE0A67EEA67A27EE27
:10EC1000267AFDEEE77A0A2217EE903AFDEEC77AE1
:10EC2000092B17EE905AA8BF0923092DA8BF092563
:10EC300023EAE37325EAE57502FB053507EB850357
:10EC4000D3EDC80AC5F7CEFCD4ED0E7A94ED0D7A5B
:10EC5000AC4BA84993ED006AAB4B8DED1E6A67EE95
:10EC6000A77A05F59675E7EE077A07EB85051CAAE6
:10EC700094ED0F7A95ED005AE7EE077A384693ED5A
:10EC8000007AA24BF1EEE76AD3ED007AA04B37EEA3
:10EC9000277AF1EE005A27EE067A66EE266AC7EE6C
:10ECA000007A93ED007A9B4B77EE877AE5EE257A32
:10ECB000B0EE677AD3ED007A974B66EEA76AC6EEA0
:10ECC000807A77EE877AB3EE087AF4EE477AF1EE3F
:10ECD00010FAC8BFF0EE477AC3ED007A8F4BCDED46
:10ECE0001D7A1B681C938E4B1B681F938D4B1B68F2
:10ECF00020938D4B1B68219328AB07F093F80028D5
:10ED000000F02E8122AF25AD4FF0010A384686F87B
:10ED100000A0FFF7E7FD2846FFF7E4FD3A4621464D
:10ED200030A8FFF7B3FE2A46214633A8FFF7AEFE10
:10ED300097E807007D4B83E8070095E807007C4BC8
:10ED400083E807007B4B1B78002B00F009817A4B8E
:10ED50001D78002D40F00481784B94ED067A93EDF8
:10ED6000009A774B94ED058AD3ED008A6AEE477AD4
:10ED70000DF11809E8EE887A484628EE498A77EEC0
:10ED8000A7AAD4ED047A67EEE89AA7EE8A8AE9EE9C
:10ED9000079AFFF7A7FD79EEA99AD4ED066AD4ED9C
:10EDA000097A94ED077A94ED056A38EE088A39EE0F
:10EDB000279A66EEE97AAAEE879A15A918A8E8EECE
:10EDC000067ACDE9189539EE279AD4ED0A7A8DEDB9
:10EDD000069A37EE8AAACDE91AAAA9EE87AA94ED77
:10EDE000047A27EE487AAAEEA67A3AEE07AA8DEDC3
:10EDF00015AAFFF77CFDD4ED0B7A94ED047A78EE3A
:10EE0000A78AD4ED077AE8EE278A12A9D4ED057A0D
:10EE100067EEEA7AE9EE877A78EEA78ACDED128A74
:10EE2000FFF765FD474BDFED488A1D78182D28BF99
:10EE30001825AA46013507EE905A444BDFF818B161
:10EE400093ED000AF8EEE70A3C4660EEA80AC5F723
:10EE5000E7FB0026B0EE408A09A94A460CAB04F154
:10EE60000C0054F804CB41F804CB844252F804CB94
:10EE700043F804CBF5D105AB00930FAA12ABB0EE6B
:10EE8000480A0CA909A807F0A3F90F9B1593109B3A
:10EE90001693119B1793129B1893139B1993149B12
:10EEA0001A9318AB721C00930126294B0196D3EDDF
:10EEB000000A9DED050A039215AB5146584608F02D
:10EEC0009FFF98F80030039A3344DBB2022A88F897
:10EED0000030C1D1192DACD1002B41D03EE000BF94
:10EEE000702600206DB30120B0B30120FCC50120C5
:10EEF00000000000946A01200000803DB86A0120F3
:10EF00009A99993EF02600206C260020A026002029
:10EF1000602600209026002094B30120682600205F
:10EF2000F4260020E8260020EC26002078B30120FB
:10EF300098B3012064260020F5B30120DCC5012030
:10EF4000E4C501208C2600200AD7A33C942600208B
:10EF5000A42600206CB3012014A70120034B9E635C
:10EF600037B0BDEC068BBDE8F08F00BFB8A601201E
:10EF700043681A6803681B6802EB810203EB810394
:10EF800012681A60704710B503210446FFF7F0FFBE
:10EF900020460421FFF7ECFF20460521FFF7E8FF9C
:10EFA00020460621FFF7E4FF20460721FFF7E0FF98
:10EFB00020460821FFF7DCFF20460921FFF7D8FF94
:10EFC00020460A21FFF7D4FF0B212046FFF7D0FF90
:10EFD00010BD00B589B003AB049302AB05930DF1EE
:10EFE0000703CDE90630CDE9021004A80021FFF7A0
:10EFF000BFFF04A80121FFF7BBFF022104A8FFF710
:10F00000B7FF04A8FFF7BFFF09B05DF804FB436832
:10F010001A6803681B6803EB81010A60704700B53A
:10F0200089B04B68029301AB01900493079002AB47
:10F0300004A80021CDE90532FFF7E9FF04A801216A
:10F04000FFF7E5FF04A80221FFF7E1FF04A8032171
:10F05000FFF7DDFF04A80421FFF7D9FF04A805216D
:10F06000FFF7D5FF04A80621FFF7D1FF04A8072169
:10F07000FFF7CDFF04A80821FFF7C9FF04A8092165
:10F08000FFF7C5FF04A80A21FFF7C1FF0B2104A861
:10F09000FFF7BDFF09B05DF804FB00002DE9F04F5C
:10F0A0002DED108BDFF88893AC4BC9F80030ADF52F
:10F0B000237D00270126AA4BAA4D6F936FA99EA816
:10F0C000CDE99F76CDF87892A196FFF728FC70A93C
:10F0D0007095FFF724FCA44B719371A9FFF71FFCF7
:10F0E000A24B729372A9FFF71AFCA14B739373A9F9
:10F0F000FFF715FC9F4B749374A9FFF710FC9E4B10
:10F100009E4C759375A9FFF70AFC76A97694FFF7D4
:10F1100006FC9B4B779377A9FFF701FC994B7893FB
:10F1200078A9FFF7FCFB984B799379A9FFF7F7FBD8
:10F13000964B7A937AA9FFF7F2FB954B7B937BA9C9
:10F14000FFF7EDFB7CA97C95FFF7E9FB914B7D93E5
:10F150007DA9FFF7E4FB904B7E937EA9FFF7DFFBD1
:10F160008E4B7F937FA9FFF7DAFB8D4B809380A9AD
:10F17000FFF7D5FB8B4B819381A9FFF7D0FB82A9C9
:10F180008294FFF7CCFB884B839383A9FFF7C7FBDF
:10F19000864B849384A9FFF7C2FB854B859385A991
:10F1A000FFF7BDFB834B869386A9FFF7B8FB824B25
:10F1B000879387A9FFF7B3FB88A98895FFF7AFFB73
:10F1C0007E4B899389A9FFF7AAFB7D4B8A938AA975
:10F1D000FFF7A5FB7B4B8B938BA9FFF7A0FB7A4B2B
:10F1E0008C938CA9FFF79BFB784B8D938DA9FFF730
:10F1F00096FB8EA98E94FFF792FB754B8F938FA988
:10F20000FFF78DFB734B909390A9FFF788FB724B30
:10F21000919391A9FFF783FB704B929392A9FFF70B
:10F220007EFB6F4B939393A9FFF779FB94A9949579
:10F23000FFF775FB6B4B959395A9FFF770FB6A4B36
:10F24000969396A9FFF76BFB684B979397A9FFF7E7
:10F2500066FB674B989398A9FFF761FB654B999301
:10F2600099A9FFF75CFB9AA99A94FFF758FB624BA8
:10F270009B939BA9FFF753FB604BDFF8B8A19C93CE
:10F280009CA9FFF74CFB5E4B5E4D9D939DA9FFF73C
:10F2900046FB5D4BCAF800300FA99EA800249FEDE5
:10F2A0005B8A0F95CDE99EA7CDE9A066FFF74FFBDE
:10F2B00010A9DFED579A1094FFF749FB11A9DFED74
:10F2C00055CA8DED118AFFF742FB12A9CDED129AB6
:10F2D000FFF73DFB13A9CDED13CAFFF738FB9FEDF8
:10F2E0004E5ADFED4EEA8DED145A14A98DED0D5AEC
:10F2F000FFF72DFBDFED4A5A9FED4ABACDED155AC7
:10F3000015A9CDED0C5AFFF722FB16A91694FFF7AD
:10F310001EFBDFED457ADFF82081CDED177A17A9C6
:10F32000CDED0B7AFFF713FB18A9CDED18EAFFF727
:10F330000EFB19A98DED19BAFFF709FB1AA91A9549
:10F34000FFF705FB394B1B931BA9FFF700FB1CA91B
:10F350001C94FFF7FCFA1DA970E000BF172FA1BD98
:10F360005A5B923D13795D40A05614BFFD042CBF3B
:10F370001DDA49BF5DBFB5BD7583A23DF56E333F54
:10F38000153367BDC8D98FBD1D05BFBE4A80953DE9
:10F390009E6A633D1F84D0BE4694203F8A364A3F12
:10F3A00008E6A83D847C753D999A09BD7A70873D31
:10F3B000A63CBF3E9B8A593D11D47ABDAB6EE73E59
:10F3C00030D2B43E6AFA4ABF1DE2643DAB9D87BDB0
:10F3D000C3721A3DDD7FBF3C7AADBFBE012D42BD79
:10F3E00093A686BD5AE1083FC3F09DBEFF9D4A3FEC
:10F3F000592F4BBD0CA495BDEB5A563DA7DA9DBCC9
:10F40000EE75BF3E08DDA1BF4CB60B463ADC22418B
:10F41000B30F2B46E6158C424C4B44458E6160423F
:10F42000DB5DB5BF4B08D4410F895B3F17AE0B4680
:10F43000508A0120D08B012053CC2AC6DFF898B324
:10F440009FEDC99ACDF87480FFF781FA1EA99FED50
:10F45000C7CACDF878B0FFF77AFA1FA98DED1F9AC9
:10F46000FFF775FA20A98DED20CAFFF770FA9FED1E
:10F47000C06A9FEDC0EA8DED216A21A94FF00045D9
:10F480008DED0A6AFFF763FA22A92295FFF75FFA6A
:10F49000B94A239223A90992DFEDB8AADFEDB88A11
:10F4A000DFEDB8DA9FEDB8AADFEDB8BADFEDB8FA54
:10F4B0009FEDB8DA9FEDB8FAFFF749FA24A98DED70
:10F4C00024EAFFF744FA25A9CDED25AAFFF73FFA74
:10F4D00026A92694FFF73BFA27A92794FFF737FAC6
:10F4E000AE4B289328A9FFF732FA29A92995FFF7EF
:10F4F0002EFA2AA92A95FFF72AFA2BA92B95FFF7AE
:10F5000026FA2CA92C94FFF722FA2DA92D95FFF7A6
:10F510001EFA9FEDA37A2EA98DED2E7A8DED087A35
:10F52000FFF715FA2FA92F95FFF711FA30A930959B
:10F53000FFF70DFA31A93195FFF709FA32A98DEDE0
:10F54000328AFFF704FA33A9CDF8CC80FFF7FFF930
:10F5500034A93495FFF7FBF9924B359335A9FFF7A2
:10F56000F6F9DFF878829FED908ACDF8D88036A939
:10F57000FFF7EDF937A98DED378AFFF7E8F938A9DC
:10F58000CDED388AFFF7E3F9DFED886A39A9CDEDD3
:10F59000396ACDED076AFFF7DAF93AA93A94FFF72D
:10F5A000D6F9834B3B933BA90693FFF7D0F93CA9CF
:10F5B000CDED3CDAFFF7CBF93DA98DED3DAAFFF784
:10F5C000C6F93EA9CDED3E9AFFF7C1F93FA9CDF8A6
:10F5D000FCB0FFF7BCF940A94094FFF7B8F941A986
:10F5E000CDF80481FFF7B3F97249429142A9FFF7C0
:10F5F000AEF9DFF8EC81DFF8ECB1CDF80C8143A96E
:10F60000FFF7A5F944A9CDF810B1FFF7A0F945A976
:10F61000CDED45BAFFF79BF946A94694FFF797F958
:10F6200047A9DFED659ACDED47FAFFF790F948A9B4
:10F630008DED48DAFFF78BF949A9CDED499AFFF72F
:10F6400086F94AA9CDED4ACAFFF781F94BA98DED9C
:10F650004B9AFFF77CF94CA94C95FFF778F94DA927
:10F660008DED4D8AFFF773F94EA9CDF83881FFF77C
:10F670006EF952494F914FA9FFF769F9DFF8688198
:10F680009FED4F8ACDF8408150A9FFF760F951A94D
:10F690008DED518AFFF75BF952A9DFED4ACA529509
:10F6A000FFF755F953A99FED489A8DED53FAFFF7EF
:10F6B0004EF954A9CDED54CAFFF749F955A98DED7E
:10F6C000559AFFF744F99DED0D5A56A98DED565AFE
:10F6D000FFF73DF957A98DED57CAFFF738F958A93B
:10F6E0005894FFF734F959A9CDED598AFFF72FF94E
:10F6F0005AA9CDF868B1FFF72AF95BA9CDF86C815A
:10F70000FFF725F931495C915CA9FFF720F9DFF893
:10F71000DC80CDF874815DA9FFF719F95EA9DFF8E7
:10F72000D0B09FED2BCA5E94FFF711F95FA9DFED12
:10F73000298ACDF87CB1FFF70AF960A98DED60CA7E
:10F74000FFF705F961A9CDED618AFFF700F9DDED5D
:10F750000C5A62A9CDED625AFFF7F9F89DED0A6ADD
:10F7600063A98DED636A45E00510E0C1045FB5BF94
:10F770002D264445FA8E5BBF9EBD5AC2329229C1E6
:10F7800031A64041FCF61B41699003433AA840C1B1
:10F7900013F61B410DF6D543AE0C2442650BC7474B
:10F7A0007055EE4549C59C47F26BA443F8DD37C65A
:10F7B000C33ECD43F7199D47047CA44340F1AA46BC
:10F7C00032CA0DC25516CD4286DFD544CDA134458F
:10F7D0003071744271F707421BDF22C18C4EC24266
:10F7E00039914D444D2F38465949B1420FD2CEBFC1
:10F7F0006147883FFFF7ABF864A96494FFF7A7F867
:10F80000DDED076A65A9CDED656AFFF7A0F866A989
:10F81000CDED66BAFFF79BF867A98DED678AFFF714
:10F8200096F868A9CDF8A081FFF791F8BB496991D6
:10F8300069A9FFF78CF86AA9DFF81083DFEDB8BA81
:10F840006A95FFF784F86BA99FEDB68ACDF8AC8175
:10F85000FFF77DF86CA9CDED6CBAFFF778F86DA9CC
:10F860008DED6D8AFFF773F86EA96E95FFF76FF84F
:10F870006FA96F94FFF76BF89DED087A70A98DED75
:10F88000707AFFF764F871A97195FFF760F872A9B3
:10F890007295FFF75CF873A97395FFF758F874A990
:10F8A0007494FFF754F875A97595FFF750F89E49C1
:10F8B000769176A9FFF74BF877A97795FFF747F888
:10F8C00078A97895FFF743F879A97995FFF73FF87C
:10F8D000DDED0B7A7AA9CDED7A7AFFF738F8099A3F
:10F8E0007B927BA9FFF733F87CA97C95FFF72FF873
:10F8F000069B7D937DA9FFF72AF87EA9CDED7EFAC0
:10F90000FFF725F87FA98DED7FFAFFF720F880A992
:10F91000CDF800B2FFF71BF881A9CDF80482FFF7FC
:10F9200016F882A98295FFF712F8804B839383A97A
:10F93000FFF70DF8DFF81882DFF818B2CDF8108263
:10F9400084A9FFF704F885A9CDF814B2FEF7FFFFEC
:10F9500086A9CDED86EAFEF7FAFF87A98DED87EA45
:10F96000FEF7F5FF88A98894FEF7F1FF89A9CDED90
:10F9700089DAFEF7ECFF8AA98DED8ADAFEF7E7FF58
:10F980008BA9CDED8BCAFEF7E2FF8CA98DED8CCA59
:10F99000FEF7DDFF8DA9CDED8DBAFEF7D8FF8EA95C
:10F9A0008E95FEF7D4FF8FA9CDF83C82FEF7CFFFEE
:10F9B0005F4B909390A9FEF7CAFFDFF89C81CDF8CA
:10F9C000448291A9FEF7C3FF92A98DED92BAFEF78A
:10F9D000BEFF93A9CDED93AAFEF7B9FF94A9949524
:10F9E000FEF7B5FF95A98DED95AAFEF7B0FF96A994
:10F9F000CDED969AFEF7ABFF97A98DED979AFEF79E
:10FA0000A6FF98A9CDED988AFEF7A1FF99A98DEDE3
:10FA1000998AFEF79CFF9AA99A95FEF798FF9BA9F1
:10FA2000CDF86CB2FEF793FF9CA9CDF87082FEF77B
:10FA30008EFF404B9D939DA9FEF789FF3E4B0F948F
:10FA40004FF07E58C3F800800FA99EA8CDE99E37DD
:10FA5000CDE9A066FEF77BFF10A91094FEF777FFB3
:10FA600011A91194FEF773FF344A129212A9FEF7FE
:10FA70006EFF13A9DFF8E4B01395FEF768FF14A931
:10FA8000CDF850B0FEF763FF15A91594FEF75FFFA0
:10FA900016A91694FEF75BFF17A91794FEF757FFF8
:10FAA000274A189218A9FEF752FF19A91995FEF7CF
:10FAB0004EFF1AA91A94FEF74AFF1BA9CDF86C80D5
:10FAC000FEF745FF1CA91C94FEF741FF1D4A1D923D
:10FAD0001DA9FEF73CFF1EA91E94FEF738FF1FA9C3
:10FAE0001F95FEF734FF20A92094FEF730FF21A9CF
:10FAF000CDF884B0FEF72BFF22A92294FEF727FF52
:10FB0000114A239223A9FEF722FF24A92494FEF789
:10FB10001EFF25A92595FEF71AFF21E0EE76344554
:10FB2000D74988BF0E7D59C176BFBB442098894212
:10FB30003AA88E424B6A5044E0580120E694803B3C
:10FB400012C85B37E69480BB12C85BB7BC366DC287
:10FB5000E82DAB3F4D2C9A41CBBB40420AD7A33C8A
:10FB600026A92694FEF7F3FE27A92794FEF7EFFEB9
:10FB700028A9CDF8A080FEF7EAFE29A92994FEF76E
:10FB8000E6FE2AA92A94FEF7E2FE2BA92B94FEF7A3
:10FB9000DEFE2CA92C94FEF7DAFE2DA92D94FEF79B
:10FBA000D6FE2EA9CDF8B8B0FEF7D1FE2FA92F941E
:10FBB000FEF7CDFE30A93094FEF7C9FE31A931948D
:10FBC000FEF7C5FE32A93294FEF7C1FE33A9339485
:10FBD000FEF7BDFE34A93494FEF7B9FE35A9CDF881
:10FBE000D480FEF7B4FE36A93694FEF7B0FE37A9EE
:10FBF0003794FEF7ACFE38A93894FEF7A8FE39A971
:10FC00003994FEF7A4FE3AA9DFF8F0B33A94FEF770
:10FC10009EFE3BA9CDF8ECB0FEF799FE3CA93C95C1
:10FC2000FEF795FE3DA93D94FEF791FE3EA93E9458
:10FC3000FEF78DFE3FA93F94FEF789FE40A9409450
:10FC4000FEF785FE41A94195FEF781FE42A9CDF858
:10FC50000881FEF77CFE43A94395FEF778FE44A990
:10FC60004494FEF774FE45A94594FEF770FE46A93C
:10FC70004694FEF76CFE47A94794FEF768FE48A934
:10FC8000CDF820B1FEF763FE49A94995FEF75FFE66
:10FC90004AA94A94FEF75BFE4BA94B94FEF757FE28
:10FCA0004CA94C94FEF753FE4DA94D95FEF74FFE1F
:10FCB0004EA94E94FEF74BFE4FA9CDF83C81FEF7BE
:10FCC00046FE50A95094FEF742FE51A95194FEF70A
:10FCD0003EFE52A95294FEF73AFE53A95395FEF701
:10FCE00036FE54A95494FEF732FE55A9CDF854B10E
:10FCF000FEF72DFE56A95694FEF729FE57A95794F4
:10FD0000FEF725FE58A95894FEF721FE59A95994EB
:10FD1000FEF71DFEAC4A5A925AA9FEF718FE5BA9DF
:10FD20005B95FEF714FE5CA9CDF87081FEF70FFE1F
:10FD30005DA95D94FEF70BFE5EA95E94FEF707FEDB
:10FD40005FA95F94FEF703FEA04A609260A9FEF7E8
:10FD5000FEFD61A96195FEF7FAFD62A96294FEF7C6
:10FD6000F6FD63A96394FEF7F2FD64A96494FEF7BF
:10FD7000EEFD974A659265A9FEF7E9FD66A96694CE
:10FD8000FEF7E5FD67A96795FEF7E1FD68A96894B0
:10FD9000FEF7DDFD69A9CDF8A481FEF7D8FD6AA9BB
:10FDA0006A94FEF7D4FD8B4A6B926BA9FEF7CFFDE8
:10FDB0006CA96C94FEF7CBFD6DA96D95FEF7C7FDA0
:10FDC0006EA96E94FEF7C3FD6FA96F94FEF7BFFD99
:10FDD00070A97094FEF7BBFD71A97194FEF7B7FD91
:10FDE00072A97294FEF7B3FD73A97394FEF7AFFD89
:10FDF00074A97494FEF7ABFD75A97594FEF7A7FD81
:10FE000076A9CDF8D881FEF7A2FD77A97794FEF701
:10FE10009EFD78A97894FEF79AFD79A97994FEF76A
:10FE200096FD7AA97A94FEF792FD7BA97B94FEF762
:10FE30008EFD7CA97C94FEF78AFD7DA97D94FEF75A
:10FE400086FD7EA97E94FEF782FD7FA97F94FEF752
:10FE50007EFD80A98094FEF77AFD81A98194FEF74A
:10FE600076FD82A98294FEF772FD83A9CDF80C82FB
:10FE7000FEF76DFD84A98495FEF769FD85A985943B
:10FE8000FEF765FD86A98694FEF761FD87A9879434
:10FE9000FEF75DFD88A98894FEF759FD89A989942C
:10FEA000FEF755FD8AA98A94FEF751FD8BA98B9424
:10FEB000FEF74DFD8CA98C94FEF749FD8DA98D941C
:10FEC000FEF745FD8EA98E94FEF741FD8FA98F9414
:10FED000FEF73DFD90A9CDF84082FEF738FD91A9CF
:10FEE0009195FEF734FD92A99294FEF730FD93A907
:10FEF0009394FEF72CFD94A99494FEF728FD95A900
:10FF00009594FEF724FD96A99694FEF720FD97A9F7
:10FF10009794FEF71CFD98A99894FEF718FD99A9EF
:10FF20009994FEF714FD9AA99A94FEF710FD9BA9E7
:10FF30009B95FEF70CFD9CA99C94FEF708FD9DA9DE
:10FF4000CDF87482FEF703FD234A24491160244949
:10FF50006F919EA86FA9CDE99E27CDE9A066FEF717
:10FF60000FFD2049709170A9FEF70AFD1E4971919D
:10FF700071A9FEF705FD1D49729172A9FEF700FDFA
:10FF80001B49739173A9FEF7FBFC1A49749174A97C
:10FF9000FEF7F6FC1849759175A9FEF7F1FCDFF83C
:10FFA0006080CDF8D88176A9FEF7EAFC77A9CDF874
:10FFB000DC81FEF7E5FC78A9CDF8E081FEF7E0FCF6
:10FFC00079A9CDF8E4811DE0A7E8C83EE694003B9E
:10FFD000A7E8C8BEE69400BB205B012074D597B7A4
:10FFE000EDEEA63734AC9837ACC5A7B7B5FE96375B
:10FFF0002D18A637B5FE96B72D18A6B70AD7233CFD
:020000040804EE
:10000000D86F5C3AFEF7BCFCAF497A917AA9FEF74B
:10001000B7FCAE497B917BA9FEF7B2FCAC497C9161
:100020007CA9FEF7ADFCAB497D917DA9FEF7A8FC4C
:10003000A9497E917EA9FEF7A3FCA8497F917FA9DB
:10004000FEF79EFCA649809180A9FEF799FCA54980
:10005000819181A9FEF794FCA349829182A9FEF7C0
:100060008FFCA249839183A9FEF78AFCA049849161
:1000700084A9FEF785FC9F49859185A9FEF780FC40
:100080009D49869186A9FEF77BFC9C49879187A9AB
:10009000FEF776FC9A49889188A9FEF771FC994988
:1000A000899189A9FEF76CFC97498A918AA9FEF784
:1000B00067FC96498B918BA9FEF762FC94498C9161
:1000C0008CA9FEF75DFC93498D918DA9FEF758FC34
:1000D000DFF8B082CDF838828EA9FEF751FC8FA9E7
:1000E000CDF83C82FEF74CFC90A9CDF84082FEF79B
:1000F00047FC91A9CDF84482FEF742FC86499291D3
:1001000092A9FEF73DFC8549939193A9FEF738FC2F
:100110008349949194A9FEF733FC8249959195A95E
:10012000FEF72EFC8049969196A9FEF729FC7F499F
:10013000979197A9FEF724FC7D49989198A9FEF71D
:100140001FFC7C49999199A9FEF71AFC7A499A916A
:100150009AA9FEF715FC79499B919BA9FEF710FC23
:1001600077499C919CA9FEF70BFC76499D919DA92E
:10017000FEF706FC74497548DFF80C82DFED748ADF
:100180000860CDE99E179EA88FA99FED728ACDF8D1
:100190003C82CDE9A066FEF70CFC90A9CDED908ADB
:1001A000FEF707FC91A98DED918AFEF702FC92A95A
:1001B000CDF84882FEF7FDFB6749939193A9FEF7BE
:1001C000F8FBDFF8C881DFF8C8B1CDF8508294A9F8
:1001D000FEF7EFFB95A9CDF854B2FEF7EAFB96A91E
:1001E000CDED968AFEF7E5FB97A9CDF85C82FEF788
:1001F000E0FB5A49989198A9FEF7DBFBDFF8948160
:10020000CDF8648299A9FEF7D4FB9AA98DED9A8A5C
:10021000FEF7CFFB9BA9CDF86CB2FEF7CAFB9CA9F9
:10022000CDF87082FEF7C5FB4D499D919DA9FEF763
:10023000C0FB4C49DFF860B1C1F800B0CDE99E17B2
:100240009EA80FA90F95CDE9A066FEF780FB10A927
:100250001095FEF77CFB4449119111A9FEF777FB3D
:100260004249129112A9FEF772FB4149139113A959
:10027000FEF76DFB3F49149114A9FEF768FBDFF808
:100280001C81CDF8548015A9FEF761FB16A91695BF
:10029000FEF75DFB3849179117A9FEF758FB374960
:1002A000189118A9FEF753FB3549199119A9FEF7C2
:1002B0004EFB1AA91A95FEF74AFB1BA9CDF86CB0A4
:1002C000FEF745FB6CE000BF2192E1BCC768F8BCBB
:1002D000B9D2E13C3028F83CAAADE2BCB943F93CC4
:1002E000A662E33CB5F8F9BCA56B013B715F3DBA72
:1002F0007B7A36BB64CDC83AC7316DBBA96A823BF5
:100300005CEF6D3B9DC882BBD2086C3BBCF7813B68
:100310009C4D6CBB2ED681BB193AB0C0DD11C2C05A
:10032000916CB04066DFC140AE17B1C0FABCC240AC
:10033000FDA4B140494AC3C07037CA3EADF013BEF8
:10034000608F0EBFA6DF9C3E40B00120FE872A3B97
:100350005C0A233BBAC12BB991AF293B1D9D293BB8
:10036000954C293B70A70120B3599A3718DAEFBB97
:1003700024C3E03907FA7ABA46A3713B7262BBBF65
:10038000F293AF3D2035AC3D212B2EB9247527B912
:10039000AD9F233BC6AE23B9AFFF7F3FB00F21B661
:1003A0001CA91C94FEF7D3FAA6491D911DA9FEF7BE
:1003B000CEFAA5491E911EA9FEF7C9FAA3491F91BD
:1003C0001FA9FEF7C4FA20A9CDF88080FEF7BFFA76
:1003D0009F49219121A9FEF7BAFA22A92294FEF79A
:1003E000B6FA9C49239123A9FEF7B1FA9A492491C0
:1003F00024A9FEF7ACFA9949259125A9FEF7A7FA99
:1004000026A92694FEF7A3FA27A92794FEF79FFAB8
:100410009349289128A9FEF79AFA29A92995FEF768
:1004200096FA2AA92A94FEF792FA2BA92B94FEF7A2
:100430008EFA2CA92C94FEF78AFA2DA92D94FEF79A
:1004400086FA88492E912EA9FEF781FA2FA92F95B9
:10045000FEF77DFA30A93094FEF779FA31A9DFF87A
:1004600094823194FEF773FA32A9CDF8C880FEF772
:100470006EFA7D49339133A9FEF769FA34A93495B0
:10048000FEF765FA7949359135A9FEF760FA7849A2
:10049000369136A9FEF75BFA7649379137A9FEF710
:1004A00056FA7549389138A9FEF751FA73493991CE
:1004B00039A9FEF74CFA3AA93A95FEF748FA70497D
:1004C0003B913BA9FEF743FA6E493C913CA9FEF7EC
:1004D0003EFA6D493D913DA9FEF739FA6B493E91CF
:1004E0003EA9FEF734FADFF810B2CDF8FCB03FA910
:1004F000FEF72DFA40A94094FEF729FA644941918C
:1005000041A9FEF724FA6349429142A9FEF71FFA76
:100510006149439143A9FEF71AFA6049449144A9FD
:10052000FEF715FA5E49459145A9FEF710FA46A96E
:100530004694FEF70CFA5B49479147A9FEF707FA84
:100540005949489148A9FEF702FA5849499149A9E1
:10055000FEF7FDF956494A914AA9FEF7F8F94BA969
:10056000CDF82CB1FEF7F3F94CA94C94FEF7EFF956
:1005700050494D914DA9FEF7EAF94F494E914EA9C8
:10058000FEF7E5F94D494F914FA9FEF7E0F94C49C7
:10059000509150A9FEF7DBF94A49519151A9FEF754
:1005A000D6F952A95294FEF7D2F94749539153A96B
:1005B000FEF7CDF94549549154A9FEF7C8F94449CD
:1005C0009FED448A559155A9FEF7C1F956A98DEDC5
:1005D000568AFEF7BCF957A95795FEF7B8F958A9FE
:1005E0005894FEF7B4F93C49599159A9FEF7AFF96F
:1005F0003A495A915AA9FEF7AAF939495B915BA980
:10060000FEF7A5F937495C915CA9FEF7A0F9DFF880
:10061000ECB0CDF874B15DA9FEF799F95EA95E94CE
:10062000FEF795F930495F915FA9FEF790F92F49E0
:10063000609160A9FEF78BF92D49619161A9FEF7E0
:1006400086F95DE0B939F03BB3599AB7C71833B9A9
:10065000B15E7BBA42ADBB3F9F7271BBC7EB0BBDB6
:1006600037057D3F50FB94BF01B87EBBEB6A713FFD
:10067000FD6005397104A93A3B408B371318C5BE9C
:10068000824736C13E72D03C990C843EAFB97E3B66
:10069000AD9605394F6F713F1213543B3A19C53E61
:1006A000FA168CB72CADD03CA61036C1B9AE253F9A
:1006B00095BF5634F807003950A4A0394BAB7F3FA3
:1006C0000C312838BD3786B7FBFDC73C4F027B3D58
:1006D000E95A84BEEDCBA33CEE93A337018F03BC54
:1006E0002687F4392BBB7F3F89087F3B848FCDBFA2
:1006F000440ABF3D95BFD63395BFD6B3ACC527B628
:1007000062A96295FEF723F963A98DED638AFEF76E
:100710001EF964A96494FEF71AF9A749659165A9C1
:10072000FEF715F9A549669166A9FEF710F9A449E7
:10073000679167A9FEF70BF968A9CDF8A0B1FEF79C
:1007400006F9A049699169A9FEF701F96AA96A94B5
:10075000FEF7FDF89C496B916BA9FEF7F8F89B49F1
:100760006C916CA9FEF7F3F899496D916DA9FEF7AC
:10077000EEF86EA96E95FEF7EAF86FA96F94FEF792
:10078000E6F89449709170A9FEF7E1F871A97194A7
:10079000FEF7DDF872A97294FEF7D9F873A9739485
:1007A000FEF7D5F874A97494FEF7D1F875A975947D
:1007B000FEF7CDF88849769176A9FEF7C8F877A9B3
:1007C0007795FEF7C4F878A97895FEF7C0F879A96F
:1007D0007994FEF7BCF87AA97A94FEF7B8F87F49C5
:1007E0007B917BA9FEF7B3F87CA97C95FEF7AFF867
:1007F0007B497D917DA9FEF7AAF8DFF840B2CDF8DC
:10080000F8B17EA9FEF7A3F876497F917FA9FEF79C
:100810009EF87549809180A9FEF799F873498191F6
:1008200081A9FEF794F882A98295FEF790F87049A5
:10083000839183A9FEF78BF86E49849184A9FEF712
:1008400086F86D49859185A9FEF781F86B498691F7
:1008500086A9FEF77CF887A98795FEF778F888A91E
:100860008895FEF774F889A9CDF824B2FEF76FF8E1
:1008700063498A918AA9FEF76AF862498B918BA92C
:10088000FEF765F860498C918CA9FEF760F85F4926
:100890008D918DA9FEF75BF88EA98E95FEF757F81E
:1008A0005B498F918FA9FEF752F85A49909190A910
:1008B000FEF74DF85849919191A9FEF748F892A991
:1008C000CDF84882FEF743F893A99395FEF73FF8D9
:1008D00094A99494FEF73BF85049959195A9FEF799
:1008E00036F84F49969196A9FEF731F84D49979100
:1008F00097A9FEF72CF84C49989198A9FEF727F88C
:100900004A49999199A9FEF722F89AA99A94FEF773
:100910001EF847499B919BA9FEF719F845499C9100
:100920009CA9FEF714F8DFF8188143499D919DA911
:10093000FEF70DF8C8F800406FA99EA8CDE99E8784
:100940006F95CDE9A066FEF71BF870A97095FEF7CC
:1009500017F871A97194FEF713F872A97295FEF752
:100960000FF873A97395FEF70BF874A97494FEF74A
:1009700007F875A97594FEF703F876A97695FDF743
:10098000FFFF77A97795FDF7FBFF78A97894FDF72E
:10099000F7FF79A97994FDF7F3FF7AA97A94FDF727
:1009A000EFFF7BA97B94FDF7EBFF7CA97C95FDF71E
:1009B000E7FF7DA97D9547E03DBF033C2FBDA2B772
:1009C00027EE42B912BB7F3F9ADACD3F7ECF7EBB86
:1009D000C83F18BD0187903C1BA6433F2FBD22B7DF
:1009E0009D5C9D3B8BE1EA38A2E7BB35230CA8BA9E
:1009F000CFF221BD1CC90A3B8B87B73C2FBD2237E4
:100A00008E869D3B9A609339A023A83AA2E7BBB596
:100A100069F60A3BDCDA1DBD5244663D21953D383E
:100A200029D1ED38F8DD193C844D78379DF8C5B6ED
:100A30001602143C70C3B93CBCD5603FA7D6313711
:100A400020B201200000C842FDF79AFF7EA97E94E3
:100A5000FDF796FF7FA97F95FDF792FF80A980950E
:100A6000FDF78EFF81A98194FDF78AFF82A9829408
:100A7000FDF786FF83A98395FDF782FF84A98494FF
:100A8000FDF77EFF85A98595FDF77AFF86A98694F7
:100A9000FDF776FF87A98795FDF772FF88A98895EE
:100AA000FDF76EFF89A98994FDF76AFF8AA98A95E7
:100AB000FDF766FF8BA98B95FDF762FF8CA98C94DF
:100AC000FDF75EFF8DA98D94FDF75AFF8EA98E95D7
:100AD000FDF756FF8FA98F95FDF752FF90A99094CF
:100AE000FDF74EFF91A99195FDF74AFF92A99294C7
:100AF000FDF746FF93A99394FDF742FF94A99495BF
:100B0000FDF73EFF95A99595FDF73AFF96A99694B6
:100B1000FDF736FF97A99795FDF732FF98A99894AE
:100B2000FDF72EFF99A99994FDF72AFF9AA99A94A7
:100B3000FDF726FF9BA99B95FDF722FF9CA91FEDC2
:100B40003F8A9C94FDF71CFF9D95AD4DDFEDAD8A6E
:100B50009DA9FDF715FF85ED008A0FA99EA8CDE997
:100B60009E570F94CDE9A066FDF7F1FE10A91094F1
:100B7000FDF7EDFE11A91194FDF7E9FE12A91294FB
:100B8000FDF7E5FE13A91394FDF7E1FE14A91494F3
:100B9000FDF7DDFE15A91594FDF7D9FE16A91694EB
:100BA000FDF7D5FE17A91794FDF7D1FE18A91894E3
:100BB000FDF7CDFE19A91994FDF7C9FE1AA91A94DB
:100BC000FDF7C5FE1BA98DED1B8AFDF7C0FE1CA914
:100BD0001C94FDF7BCFE1DA91D94FDF7B8FE1EA9CF
:100BE0001E94FDF7B4FE1FA91F94FDF7B0FE20A9C7
:100BF0002094FDF7ACFE21A92194FDF7A8FE22A9BF
:100C00002294FDF7A4FE23A92394FDF7A0FE24A9B6
:100C10002494FDF79CFE25A92594FDF798FE26A9AE
:100C20002694FDF794FE27A92794FDF790FE7649B8
:100C3000289128A9FDF78BFE29A92994FDF787FEA5
:100C40002AA92A94FDF783FE2BA92B94FDF77FFE9A
:100C50002CA92C94FDF77BFE2DA92D94FDF777FE92
:100C60002EA92E94FDF773FE2FA92F94FDF76FFE8A
:100C700030A93094FDF76BFE31A93194FDF767FE82
:100C800032A93294FDF763FE33A93394FDF75FFE7A
:100C900034A94FF0814B3494FDF759FE35A9CDF8B6
:100CA000D4B0FDF754FE36A93694FDF750FE37A9AF
:100CB0003794FDF74CFE38A93894FDF748FE39A962
:100CC0003994FDF744FE3AA93A94FDF740FE3BA95A
:100CD0003B94FDF73CFE3CA93C94FDF738FE3DA952
:100CE0003D94FDF734FE3EA93E94FDF730FE3FA94A
:100CF0003F94FDF72CFE40A94094FDF728FE41A942
:100D00004194FDF724FE42A9CDF808B1FDF71FFE7E
:100D100043A94394FDF71BFE44A94494FDF717FE35
:100D200045A94594FDF713FE46A94694FDF70FFE2D
:100D300047A94794FDF70BFE48A94894FDF707FE25
:100D400049A94994FDF703FE4AA94A94FDF7FFFD1E
:100D50004BA94B94FDF7FBFD4CA94C94FDF7F7FD17
:100D60004DA94D94FDF7F3FD4EA94E94FDF7EFFD0F
:100D700026494F914FA9FDF7EAFD50A95094FDF780
:100D8000E6FD51A95194FDF7E2FD52A95294FDF7F9
:100D9000DEFD53A95394FDF7DAFD54A95494FDF7F1
:100DA000D6FD55A95594FDF7D2FD56A95694FDF7E9
:100DB000CEFD57A95794FDF7CAFD58A95894FDF7E1
:100DC000C6FD59A95994FDF7C2FD5AA95A94FDF7D9
:100DD000BEFD5BA95B94FDF7BAFD5CA9CDF870B1CF
:100DE000FDF7B5FD5DA95D94FDF7B1FD5EA95E94CB
:100DF000FDF7ADFD5FA95F94FDF7A9FD08E000BF19
:100E0000E05B0120BC9C024000401C460000C8433F
:100E100060A96094FDF79BFD61A96194FDF797FDC2
:100E200062A96294FDF793FD63A96394FDF78FFDBA
:100E300064A96494FDF78BFD65A96594FDF787FDB2
:100E400066A96694FDF783FD67A96794FDF77FFDAA
:100E500068A96894FDF77BFD69A9CDF8A4B1FDF7F9
:100E600076FD6AA96A94FDF772FD6BA96B94FDF794
:100E70006EFD6CA96C94FDF76AFD6DA96D94FDF78C
:100E800066FD6EA96E94FDF762FD6FA96F94FDF784
:100E90005EFD70A97094FDF75AFD71A97194FDF77C
:100EA00056FD72A97294FDF752FD73A97394FDF774
:100EB0004EFD74A97494FDF74AFD75A97594FDF76C
:100EC00046FD76A9CDF8D8B1FDF741FD77A9779415
:100ED000FDF73DFD78A97894FDF739FD79A979945E
:100EE000FDF735FD7AA97A94FDF731FD7BA97B9456
:100EF000FDF72DFD7CA97C94FDF729FD7DA97D944E
:100F0000FDF725FD7EA97E94FDF721FD7FA97F9445
:100F1000FDF71DFD80A98094FDF719FD81A981943D
:100F2000FDF715FD82A98294FDF711FD83A9CDED92
:100F3000838AFDF70CFD84A98494FDF708FD85A93B
:100F40008594FDF704FD86A98694FDF700FD87A929
:100F50008794FDF7FCFC88A98894FDF7F8FC89A923
:100F60008994FDF7F4FC8AA98A94FDF7F0FC8BA91B
:100F70008B94FDF7ECFC8CA98C94FDF7E8FC8DA913
:100F80008D94FDF7E4FC8EA98E94FDF7E0FC8FA90B
:100F90008F94FDF7DCFC90A9CDED908AFDF7D7FC8E
:100FA00091A99194FDF7D3FC92A99294FDF7CFFCFF
:100FB00093A99394FDF7CBFC94A99494FDF7C7FCF7
:100FC00095A99594FDF7C3FC96A99694FDF7BFFCEF
:100FD00097A99794FDF7BBFC98A99894FDF7B7FCE7
:100FE00099A99994FDF7B3FC9AA99A94FDF7AFFCDF
:100FF0009BA99B94FDF7ABFC9CA99C94FDF7A7FCD7
:10100000CDF874B2DFF82CB49DA9FDF7A0FC8FA930
:101010008BED008A9EA88F94CDE99EB7CDE9A0669E
:10102000FDF7C7FC90A99094FDF7C3FC91A991949A
:10103000FDF7BFFC92A99294FDF7BBFC93A98DED3F
:10104000938AFDF7B6FC94A99494FDF7B2FC95A998
:101050009594FDF7AEFC96A99694FDF7AAFC97A986
:101060009794FDF7A6FC98A98DED988AFDF7A1FC51
:1010700099A99994FDF79DFC9AA99A94FDF799FC7A
:101080009BA99B94FDF795FC9CA99C94FDF791FC72
:101090009DA98DED9D8AFDF78CFCA54BA54CA64A1C
:1010A0009FEDA60A03920C210422CDE90173A44806
:1010B00004971923009705F027FB204605F0DEFC76
:1010C000A04B2361A04B9E4AA04901940093A048E5
:1010D000A04BA14C05F032FDA04B0193A04BA14ABF
:1010E000A14900939A48A14B05F03EFD4346A04A12
:1010F000A0499748DFF8408305F03FFD9E4B9F4A8B
:101100009F4993480197CDE904A39E4BCDE90293F3
:101110009D4B00939D4B05F0E7FC9D498C4805F0E5
:101120004BFD9C498A4805F03FFD9B49884805F0E6
:101130003FFD9A4B01939A4B9A4A009329465B468E
:101140008348994D05F0EBFCC8F800409BA99EA888
:101150009B94CDE99E87CDE9A066FDF742FC9CA952
:101160009C94FDF73EFC9D949DA9904CFDF739FCA5
:101170002C609BA99EA89B94CDE99E57CDE9A066C3
:10118000FDF72FFC9CA99C94FDF72BFC9DA99D9439
:10119000FDF727FC86496E4843462A4606F042FF83
:1011A000844A854B854886490C24013C42F8040B4F
:1011B00043F8041BF9D1754E754D00279DAA3019CF
:1011C0009EA99F97FDF72BFF654829462044FDF710
:1011D00000FF6248294620443034FDF7FAFEB4F59A
:1011E000966FEBD1744B734A76495948764F774ED8
:1011F00006F04AFD564806F090FD554805F0DBFD27
:101200004C4B05221A620A220024DA620125704A38
:101210009C63C3E90F545C641C655A631A636D4B8D
:101220006D4A1A60CDE99E346FA96C4B6F939EA8EE
:10123000CDE9A055FDF773FB70A97097FDF76FFB23
:10124000674B719371A9FDF76AFB664B729372A9A4
:10125000FDF765FB644B739373A9FDF760FB634B6C
:10126000749374A9FDF75BFB614B759375A9FDF74A
:1012700056FB76A97696FDF752FB5E4B779377A9DE
:10128000FDF74DFB5C4B789378A9FDF748FB5B4B72
:10129000799379A9FDF743FB594B7A937AA9FDF726
:1012A0003EFB584B7B937BA9FDF739FB7CA97C97D0
:1012B000FDF735FB544B7D937DA9FDF730FB534B78
:1012C0007E937EA9FDF72BFB514B7F937FA9FDF702
:1012D00026FB504B809380A9FDF721FB4E4B819359
:1012E00081A9FDF71CFB82A98296FDF718FB4B4BE9
:1012F000839383A9FDF713FB494B849384A9FDF7DE
:101300000EFB484B859385A9FDF709FB464B869359
:1013100086A9FDF704FB454B879387A9FDF7FFFAE4
:1013200088A98897FDF7FBFA414B899386E000BFB7
:10133000E0580120B8A60120205B01200AD7A33C79
:10134000B0A9012000007C4284A601206CA60120E7
:1013500014A70120709A01200681D53E60AB0120C0
:10136000D07801205077012000710120E0A90120F0
:1013700070A7012040B00120E05F0120108E012005
:1013800010910120605E012010710120A0720120E7
:10139000907D0120C0950120908F012090B0012008
:1013A0001069012090640120D08901207D3F15BF84
:1013B00050870120E0890120208A0120002474C97F
:1013C0000024744990870120713D923EE8FA3E3E28
:1013D0006F12833A108B01203B1CFDBD5934FD3D3B
:1013E000302DCABEDDCED6BE62F6F2BEF50E97BD7A
:1013F0009AB5943D7F4E01BD76E31DBD643E40BE6F
:101400004B3EF63DFA7CF43D0344B1BE06BACE3EF7
:10141000CF9EF33E7715923D09FA8B3D79CDABBC5B
:10142000B22C183D4A7F3F3E6C09F93D0393FBBD4A
:10143000A777B93E205E0120108A012089A9FDF717
:101440006EFA584B8A938AA9FDF769FA564B8B932B
:101450008BA9FDF764FA554B8C938CA9FDF75FFAC5
:10146000534B8D938DA9FDF75AFA8EA98E96FDF7F1
:1014700056FA504B8F938FA9FDF751FA4E4B90932C
:1014800090A9FDF74CFA4D4B919391A9FDF747FABE
:101490004B4B929392A9FDF742FA4A4B939393A92F
:1014A000FDF73DFA94A99497FDF739FA464B9593C9
:1014B00095A9FDF734FA454B969396A9FDF72FFAB7
:1014C000434B979397A9FDF72AFA424B989398A913
:1014D000FDF725FA404B999399A9FDF720FA9AA9AF
:1014E0009A96FDF71CFA3D4B9B939BA9FDF717FAC3
:1014F0003B4B9C939CA9FDF712FA3A4B9D939DA9F7
:10150000FDF70DFA384B1C60384B1C70384CF1F766
:1015100067FD237813B901F0FFF92570354B364D7F
:1015200000221A605A609A604FF07E52DA60334BA4
:10153000802218460021C6F723FC2B78012440F2B4
:10154000011280F87940A0F87A2080F87E40DBB95B
:101550001946032220460693F8F7D0FD284A294968
:1015600010602046F8F7C6FE274A069B1060274AFF
:101570000292274A019202220092264926484FF4FD
:101580001672F9F7E7FB2C70244B254925480122F8
:101590001A700DF5237DBDEC108BBDE8F04FF5F70B
:1015A000FFBA00BF2D08AD3EE02CF5BE67F28D3DC1
:1015B000E41091BD2A54B73CE5257F3C37A83DBED9
:1015C000022CF2BDD61EF6BD8BF9C13E56F3A4BE69
:1015D0007384F43EE8F888BD459F8FBD4C16F73CF8
:1015E000A64668BC51673E3EB4A601204456012081
:1015F000F1B2012024B00120F0B2012050580120A6
:101600004458012074570120E0B20120C8F20010B4
:10161000F07D0120961A05082916040810B0012053
:101620009E1A0508ED5302082DE9F04F2DED0E8BA3
:10163000DFF88CB39FEDD18AFFB04FF00009D04B9B
:10164000D04E1868D04D4FF0FF31F8F7E7FF4FF05C
:10165000FF313068F8F7E2FFCC4980223EA8C6F798
:1016600079FA0FCD1CAC0FC40FCD0FC40FCD0FC432
:1016700095E80300502284E80300C5492AA8C6F76C
:1016800069FAC44B30681C7883F80090002319462F
:101690001A46F8F76BFD2AA91CA8FCF741FD002C9F
:1016A0003ED0BD4EBD4D002430192946FDF791FCBA
:1016B000BB488DED5F8A14AA20445EA9FDF7AFFCFC
:1016C000B84829462044FDF784FCB7482946204401
:1016D0003034FDF77EFCB4F5966FE5D1B34DB44CD4
:1016E000B4490022A818FCF7F1FCA018FCF7EEFCA6
:1016F0008818FCF7EBFCB0481044FCF7E7FCAF4857
:1017000010441032FCF7E2FCB2F5C07FEAD1AC48DD
:1017100006F003FBAB4BC3F838900123CBF84C30F9
:1017200010AB0FAA0EA914A8CDE90E99CDF84090E0
:1017300001F0CAF99FEDA4CA002840F07184A34BC0
:101740001870DDED30BA9DED2EDADDED2FCADDED3E
:10175000318A6BEEABDA6DEE2CAAF0EE6D7AECEE20
:10176000AC7AF0EE6A9AE8EEAB9AB7EE009AB0EE79
:1017700000EAF0EE49EAE7EECEEA79EEA99AF0EE59
:101780006E0AB0EE690AC3F79DF89DED38AADDED4B
:10179000376A9DED397A6CEEE87A69EE8A9AEBEE5B
:1017A0008D7AEEEEA69AEDEE0DDA77EEA77AE8EEF8
:1017B000EBAAE7EE879AF0EE497AEDEECE7A68EE84
:1017C0008D8A2AEE27AAEBEEAC8A7AEEAAAA78EEE8
:1017D000A88AA6EEAAAAB0EE40BAA7EE28AADDED26
:1017E000218ADDED1FAADDED20BA68EE8C8AF9F7BB
:1017F0007FFC9DED342ADDED331AF0EE4B2AB0EE7E
:10180000681AF0EE4A0AB0EE690A044602F0F0FFE8
:101810006F4B1B68E31A092B6BD92E9B5E932F9B92
:101820005F93309B60939DED330A319BDDED340A6D
:101830009DED351ADDED371A9DED382ADDED392A9B
:1018400061935FA9002201237EA800EB8200B1EC26
:10185000017A50ED207AB0EEC77AF0EEE77AB4EE76
:10186000677AF1EE10FAC8BF1A460133042BEBD1A8
:101870007EAB03EB820353ED207ADFED566A9FEDDA
:10188000566AF5EEC07AF1EE10FA4CBF012600263A
:101890005EAD11460020F6EE005A824219D095ED59
:1018A000007AF0EEC77A87EEA65A8902F0EE657AE2
:1018B000E5EE067AB5EEC07AF1EE10FAFCEEE77AC4
:1018C0004CBF01230023734041EA432317EE901AD3
:1018D00019430130042805F10405DED16BEE8C3A82
:1018E0002AEE8C3AB0EE684A204601F079F8384B7F
:1018F0001C609DED342ADDED331AF0EE4B2AB0EE7C
:10190000681AF0EE4A0AB0EE690A02F0C7FF2AA888
:10191000FCF7A2F9314B1B78002B40F0FF83304AD3
:1019200082ED008A2F4A13702F4A82ED008A2F4AD7
:1019300013703EA8FCF732FC2D4B9FED2E6AD3EDC1
:10194000012AD3ED027AD3ED003AD3ED034A2A4BB4
:1019500093ED014A93ED003A93ED025AD3ED035A09
:1019600022EE847AF1EE626AA3EE837AB1EE672A00
:10197000A7EE857AA4EEA57A40E000BF0000000043
:1019800044580120E0B2012048560120F4560120BD
:10199000E8550120D458012010910120907D0120AC
:1019A000A0720120D078012060AB0120108E0120B0
:1019B0001071012050770120E0A90120605E012014
:1019C00014A70120B8A6012035FA8E3CFCC50120E1
:1019D000E8B20120F304353F0080FF43F6B3012055
:1019E000D8B30120C8B30120D4B301204C58012042
:1019F00024B00120BD37863514B00120F0EEC71A9F
:101A0000F4EEC61AF1EE10FA40F3DB8467EE837A47
:101A100024EE836AE4EE847AA2EE046AE3EEC57AE9
:101A2000A2EE856AE6EEA57A66EE836AA3EEE56A23
:101A3000E3EE846AC6EE072AE4EE856A87EE876ADB
:101A4000E2EE256AC6EE877ACA4DCB4EDFF8C8A310
:101A5000CA4F5846C5ED032A85ED046AC5ED057ADF
:101A600006F05BF9C64B86F80090C3F83890C54B7A
:101A70008AF8009083F80090C34B87ED008A83F8C2
:101A80000090C24B83F80090C14B83ED008AC14B9C
:101A900083ED008AC04B83ED008AC04B83ED008A42
:101AA000BF4B83ED008ABF4B83ED008ABE4B83EDB5
:101AB000008AF9F71DFBBD4B1C68BD4B1A78041B4F
:101AC00082B1BC4A83F8009082F80090BA4A82ED55
:101AD000008ABA4A82ED008AB94A82ED008AB94A80
:101AE00082ED008AB84B1B78002B40F07284B74B14
:101AF00093ED00CAB64BD3ED00CAB64BD3ED009AB6
:101B0000DDED347A9DED337AB34BDDED35AA83ED0F
:101B100000CA77EEEC7A37EE4C7A67EEA77AAF4BD5
:101B2000E7EE077AC3ED00CAB1EEE77AAC4BC3ED3E
:101B3000009AAC4BD3ED006AAB4B93ED00BA984BD7
:101B400079EE8B9AC3ED009A77EE697A964BC3EDE6
:101B5000007AA64B1B78002B00F06281A44B1B6817
:101B60009C42C0F05D81A34BA34F1C78A34B93ED27
:101B700000DA182CB5EEC0DA28BF1824F1EE10FAFE
:101B8000C6BFF6EE007A2DEE27DA9FED9DDA7AEEEB
:101B9000E6AA3BEE0DBAF0EEEAAA4FF0FF3807EEE8
:101BA000904AF8EEE77AB3EE097A77EE897A95ED06
:101BB00000AAD5ED018A934BC7EE875AD7ED007A7C
:101BC00093ED007A77EECA7A39EE877AA5EEA7AA66
:101BD000D7ED017A77EEE87A3AEE4CAAE5EEA78ADD
:101BE0006AEE0A6A78EEEC8AF0EE667AE8EEA87A97
:101BF000F1EEE7BAF4EEC7BAF1EE10FA20D59FED98
:101C0000826AF0EEE87AF4EEC67AF1EE10FA17D5B1
:101C10007E4BD3ED007AF5EEC07ABFEE006AF1EEAE
:101C200010FAF7EE007AB8BFF0EE467AB6EE006A28
:101C300067EE867AE9EEA78AE8EEA86AF1EEE6BAE0
:101C4000DFED737AF4EEE7BAF1EE10FA00F1878077
:101C5000D5ED027A97ED026A624B36EE676A93ED34
:101C6000005A614BE5EE867AD3ED006A77EEC57ACD
:101C70007DEE266AF0EEE77AF4EEE67AF1EE10FAFF
:101C80006DDCB4EEEB7AF1EE10FA68D414AB1846C2
:101C9000B1EE4AAAFCF726FECAEE2B7A14AB4FF03F
:101CA000010A10A95EA8CDE95E39CDE960AAF1EE7E
:101CB000688ACDED147AC8EEAB7ACDED107AFCF7D8
:101CC00016FE0FA98DED0F8AFCF711FEDDED157ADA
:101CD0009DED147A2B4A2C4982F800A02CEEA70A1D
:101CE0000A78ACEE070A5244B8F1FF3F14AB30EE6D
:101CF000690A0A7021D1254A9DED346A1470244A7C
:101D0000D3ED026A82ED007A224AC2ED007A67EED4
:101D1000867A9DED336A204AE7EE067AA0469DED6D
:101D2000357AC2ED006AE6EE877A1C4A82ED000A37
:101D300077EEC07A1B4AC2ED007A364A127872B941
:101D4000F4EECBAAF1EE10FA09D84FF0010ACDF863
:101D500000A02146584606F0FFF886F800A001349E
:101D6000192C7FF41CAF3378002B59D0044A01237F
:101D7000936355E0907D012021B3012040B3012001
:101D8000B8A6012020B301202CB301203CB30120D0
:101D900014B3012018B301201CB3012024B3012087
:101DA00058B3012060B3012028B30120F87001204E
:101DB000ECB3012054B3012048B301204CB30120FF
:101DC00050B3012044B30120F4B301204426002085
:101DD000482600205826002030B3012034B30120CB
:101DE00038B301204C260020F0B30120E4B30120D9
:101DF000E0B30120EEB30120C07D01205026002079
:101E000000007A4440260020CDCC4C3D5C260020CA
:101E10006F12833A542600205CB3012000000000BA
:101E20002AA8FCF7BBFE584604F0C5FFDCF770FAA1
:101E30000446584606F026FE1FED087A994BF0EE50
:101E4000486AF0EE477A002293ED006AF4EE467A93
:101E5000F1EE10FA48BFF0EE467AE6EE066A01327D
:101E60000C3337EE067A13ED026AF4EE467AF1EEA1
:101E700010FA48BFF0EE467A192AE6EE066A36EE08
:101E8000077AE1D1884B894EC3ED007A884B83ED08
:101E9000007A884B93ED007A874B67EE266AC3ED94
:101EA000006A864B1B7893B1B3689FED857A012B4E
:101EB0001CBF844A1368F4EEC77A1CBF0133136059
:101EC000F1EE10FAA1BF804A136801331360DCF70A
:101ED0001FFA7E4F7E4B32681A70001B38608022DA
:101EE00000215EA8C5F74CFF01238DF8F1318DF874
:101EF000F631784B40F20112ADF8F2211A686D927A
:101F00005A689B686F93744B6E921B78002B00F09D
:101F10000383724B724C1B68206862934FF0FF3151
:101F2000F8F77CFB80225EA96E48C5F713FE6E4B66
:101F300020686E4C01221A7000231A461946F8F7E1
:101F400015F923681922B3FBF2F102FB1133002BC0
:101F500061D12868DFF8C081DFED658ACBF7CCFA64
:101F600002460B46D8F80800CDE90A23CBF7C4FA9D
:101F7000CDE90801D8F80400CBF7BEFACDE9060197
:101F8000D8F80000CBF7B8FACDE90401A868CBF780
:101F9000B3FACDE902016868564DCBF7ADFADDE939
:101FA0000A23CDE9000154495448F4F7F9FDD5ED71
:101FB000007A77EEA87A17EE900ACBF79DFA0B46D7
:101FC0003968079131680691D5ED037A77EEA87AE2
:101FD000024617EE900ACDE90A23CBF78DFACDE938
:101FE0000401D5ED027A77EEA87A17EE900ACBF7C6
:101FF00083FACDE90201D5ED017A77EEA87A17EEE2
:10200000900ACBF779FADDE90A23CDE900013C49D2
:102010003A48F4F7C5FD236801332360FFF70FBB8F
:1020200014AD0FCD374C0FC495E80F0084E80F00B6
:10203000354B109A1A60354B0F9A19688A421FBFA8
:102040001A60334B01221A70339B5E93349B5F936B
:10205000359B6093379B6193389B6293399BDDED91
:102060001F7A639367EE8C7A2E9BCDED687ADDED57
:10207000207A649367EE8C7A2F9BCDED697ADDED43
:10208000217A6593309B669367EE8C7A319B6793D8
:102090000E99204BCDED6A7A5EAA14A804F0BAF826
:1020A000FFF74FBB14A4012088B301206CA60120C8
:1020B000ACB30120A4260020A8B301206CB30120FA
:1020C0000AD7A33C70B3012090B3012010B30120C4
:1020D0000CB3012090950120FCB30120F8B301203E
:1020E000E0B201205058012044560120ECB20120FA
:1020F0007D3F153F108E0120CA1A0508ED530208D6
:10210000051B0508946A012048580120102600206C
:102110004C58012080560120C0950120B94B1B78F6
:10212000002B00F0AD80B84B1B78002B00F0A8808E
:10213000B64B1B78002B00F0A380B54B5EA993ED46
:10214000000A14A8FBF7DCFCDDED5E0A9DED5F0ADA
:10215000DDED149A9DED15AADDED16AAC2F7B2FBCE
:10216000F0EE401AAB4BAC4C93ED002AAB4B94ED28
:10217000003A93ED007AAA4BCDED0A1AD3ED002A6E
:10218000A84BA94DD3ED007AA64EA44F77EEE27A84
:1021900037EE427A27EEA76A0FA9A7EE076A0EA8C4
:1021A000B0EE6A1AF1EEC66A9FEDA06AF4EEC66A56
:1021B000F1EE10FA5DBFF1EE677AC7EEA63A87EE50
:1021C000264AB0EE484A48BFF7EE003AF0EE4A0A17
:1021D000B0EE690A8DED0D4ACDED0C3AFBF76AFEC3
:1021E00014A9F0EE408A9DED0D4ADDED0C3A95ED17
:1021F000003AD6ED002A97ED002ADDED0A1A10A864
:10220000B0EE6A1AF0EE4A0AB0EE690AFBF752FE27
:10221000F4EEC08AF1EE10FA854B8649864A49D51C
:102220000220187010980860D7ED005A149996EDA6
:10223000006AD5ED006A1160804A82ED000A804A8A
:10224000D2ED007AB4EEE70AF1EE10FA48BF83F857
:1022500000907C4B1A78002A3FF46BAB83F8009017
:10226000794B1B78002B3FF464ABB4EEE70AF1EE38
:1022700010FA30D5754A136801331360FFF759BB64
:10228000734BDDED339A93ED021A93ED000AD3ED13
:10229000010AD3ED031A9DED34AADDED35AAFBF753
:1022A000C1FD8DED110ACDED120A8DED131AF0EE80
:1022B000411A57E75748D4ED006AD0ED005A584804
:1022C00090ED006A012018700E9808600F99116057
:1022D000B0EE680AB0E75F4B9DED335AD3ED007A5C
:1022E0005D4B9DED357AB4EEE70AF1EE10FAD8BFFA
:1022F000B0EE670AD3ED007A584B75EEE75AD3ED8E
:10230000007A574B36EE676AD3ED007A554B76EE7E
:10231000E76A35EEC55ADDED347A83ED005A76EE84
:10232000677A514BC3ED007A67EEA77A36EEC77A2B
:10233000E5EE057A4D4B83ED007AE7EE077A4C4BDC
:10234000B1EEE77AD3ED007AB4EEE77AF1EE10FA67
:1023500090DC484B93ED005A474B93ED007A474B86
:1023600025EE077AD3ED007A454BE5EE077A9FED2F
:10237000457AF4EE477AF1EE10FA48BFF0EE477A6C
:1023800087EE807AF2EE047AB4EE677AF1EE10FA14
:10239000C8BFB0EE677A83ED007A3B4B1B78002B09
:1023A0003FF4C7AA5EA8CDED5E5A8DED5F6ACDED14
:1023B000606A8DED617A8DF88891FBF777FE334A7C
:1023C00059E79FED336AF0EE487AF0EE462AFFF7C0
:1023D0003BBB304B1B78002B68D02F4B1B78002B5E
:1023E00064D02E4B93ED00CA2D4BD3ED00CA2D4B7C
:1023F000D3ED009A02238AF800302B4B1B683B6018
:10240000FFF77EBBF2B20120C4260020E055012078
:10241000E455012020260020242600202826002024
:10242000F4B201202C260020302600206F12833ABF
:10243000C8B30120C4B30120C0B30120D8B3012028
:10244000C82600204C580120FCC50120D0B3012033
:1024500014B00120CC260020F0C50120F4C50120D5
:10246000F8C50120B4B30120B8B30120BCB30120EA
:10247000B0260020ECC50120C0260020BC2600208C
:10248000D4B301200AD7233CF7B30120CCB30120F9
:1024900000000000EDB3012054B3012048B3012037
:1024A0004CB3012050B3012044B301205EAB14AA09
:1024B00010A90FA88DED0F8A8DED108A8DED148A6D
:1024C0008DED5E8A03F0FAF800283FF4A9AC134AB8
:1024D0009DED0FCA1078DDED10CADDED149A5E9BFC
:1024E0000F49104AB0B110480068844212D30F4817
:1024F000012707700E4880ED00CA0E48C0ED00CAE3
:102500000D48C0ED009A0D4803600220087013606A
:10251000FFF7F6BA0120F9E7094BFBE4EDB3012020
:102520005CB3012040B30120E8B3012054B3012083
:1025300048B301204CB3012050B3012044B3012023
:10254000D058012000B58BB0EBF730FC084D094C9A
:1025500028684FF0FF326946F7F7C0FF0128F7D12E
:1025600069462820D5F704FB236801332360EFE791
:1025700094B401208CB4012070B5074E0446451870
:1025800020460134D5F7DCFA28B13368A54203F1BF
:1025900001033360F4D170BD60B401200F4B10B55E
:1025A0001C7801212046CBF7F9FE00212046CBF70D
:1025B00021FF6420F8F700FF01212046CBF71AFF26
:1025C00002212046CBF7EAFEF8F792FD044B054ABC
:1025D000186013680133136010BD00BF8A950408AA
:1025E00054B4012058B40120DFED0D7A20EE270A03
:1025F000DFED0C7AB4EEE70AF1EE10FA08B50ADC6A
:10260000DFED097AB4EEE70AF1EE10FA06D4C2F76C
:1026100041F800B208BD47F6FF70FBE70348F9E751
:1026200000007A4400FEFF46000000C70080FFFF64
:102630002DE9F047A04BA14D1B88ADF55E7DADF8AF
:1026400006300023ADF80830EBF7B0FBFFF7A6FF2C
:10265000DFF88482DFF87C920DF10500D5F770FA7F
:102660000446A0B9F8F744FD954B964A1B781268CA
:10267000002BA0EB020042F2107318BF4FF4FA6374
:102680009842E9D9FFF78AFFCDF80640E4E72B68C6
:10269000032201330DF107010DF106002B60C5F790
:1026A000F3FA9DF805308DF80930042241460DF10A
:1026B0000600C5F71DFA0422824649460DF10600C0
:1026C000C5F716FA8049042207460DF10600C5F742
:1026D0000FFA7E49064604220DF10600C5F708FAF6
:1026E000BAF1000F1AD0E7B1002E00F0E180002807
:1026F000B2D1764BDA211B68CDF802310DF583702B
:10270000FFF73AFFD8B1DA210DF58170F4F76DF8D3
:10271000779B834216D003F03FF899E7B7FA87F426
:1027200064090028E5D05EBB694B78934FF4CA7109
:1027300079A8FFF721FFA0B902F04AF888E703F073
:1027400023F885E70DF5817003F02EF800283FF49B
:102750007FAFF8F7CDFC5B4B1860594B01221A7024
:1027600076E74FF4CA7178A8F4F73FF8DD9B83420F
:1027700002D002F035F86BE778A801F0A3FFE5E797
:10278000C4B1544BC8211B68CDF836300DF13A0066
:10279000FFF7F2FE0028CFD0C8210DF13600F4F784
:1027A00024F8DDF8FE308342E3D10DF1360001F06C
:1027B000A9FECBE7484B28211B68CDF80A300DF164
:1027C0000E00FFF7D9FE20B9444A136801331360A5
:1027D0003EE728210DF10A00F4F707F8DDF8323062
:1027E000834201D03E4AF0E7DFED3E6A9FED3E6A4C
:1027F000DFED3E5A9FED3E5A9FED3E7A04F0010315
:10280000002B0DF10A0303EB84030CBFB0EE464A24
:10281000B0EE664A9B6807EE903AF0EEE73AF4EEC7
:10282000473A0CBFF0EE454AF0EE654AF1EE10FA79
:1028300009D8F4EEC47AF1EE10FA04D4F4EEE47A96
:10284000F1EE10FA01DD2C4ABFE70134082CD5D196
:10285000DDF80E302BB1294A1268934201D1284A83
:10286000B3E7284E3468631C3360274F0DF1120321
:102870000DF1320C186859683A4603C208336345B3
:102880001746F7D1214BDDF80E201A60F8F730FC1F
:102890001F4B18601F4A0234346013680133136001
:1028A000DDF80E30002B3FF454AF144A136050E7AC
:1028B00000287FF439AF1CE7D18E040860B40120F2
:1028C00040B4012054B4012093240508982405083D
:1028D000901908368E2405088924050800B40120C3
:1028E0002CB40120000040C20000A0C20000104330
:1028F00000007043FFFF7F7F44B4012050B40120EB
:1029000038B4012080B401200CB4012010B501209E
:1029100074B4012064B4012007B54FF4E130D5F759
:10292000FBF801F0DBFD02F00FFF002300931E4ACD
:102930001E4B28210120F7F793FB1D4B186028B987
:102940001C491D4840F20F12F3F79EFC1B4B0193EC
:10295000022300931A491B4800234FF49672F8F79C
:1029600045FA012805D01349174840F21312F3F72E
:102970008BFC01220023CDE9002314491448962240
:10298000F8F734FA012805D00A49124840F2171224
:10299000F3F77AFC104911484FF4E13203B05DF8C7
:1029A00004EBF4F7FDB800BF98B40120C0B40120D7
:1029B00094B401209D240508EA24050870B4012080
:1029C0000125050831260408092505081F250508E5
:1029D00045250408272505083F250508ED5302086D
:1029E00030B52DED088B8DB0142205460C4607A896
:1029F0000021F0EE60BAB0EE41BAF0EE61AAB0EE9E
:102A000042AAF0EE629AB0EE439AF0EE638AB0EE1C
:102A1000448A8DED010AC5F7B3F9284B9DED010AF3
:102A2000CDE90235FFF7E0FDB0EE6B0AADF810001E
:102A3000FFF7DAFDB0EE4B0AADF81200FFF7D4FD58
:102A4000B0EE6A0AADF81400FFF7CEFDB0EE4A0A08
:102A5000ADF81600FFF7C8FDB0EE690AADF8180032
:102A6000FFF7C2FDB0EE490AADF81A00CDF82240DA
:102A7000FFF7BAFDB0EE680AADF82600FFF7B4FD27
:102A8000B0EE480AADF82800FFF7AEFD2421ADF8FE
:102A90002A0002A8F3F7A9FE0B900948022300229E
:102AA00002A90068F7F762FB01281FBF054A1368F7
:102AB000013313600DB0BDEC088B30BD2153544180
:102AC00094B4012090B401202DE9F84F1E468146B0
:102AD00088461746D5F7BCF81D4B18601D4B186883
:102AE00018B1F8F74BFF1C4B1860DFF878C0DFF81F
:102AF00078E0DFF878A0DCF80040184A4B4602F195
:102B0000200B154603CD5D45186059602A4603F138
:102B10000803F6D1DEF800B0DAF80050E207DCF87E
:102B20000030E8D49C42E6D10D4B186870B1B8F182
:102B3000000F05D0F8F7DCFAA0EB0B00C8F8000096
:102B40000FB164083C6006B135600120BDE8F88F24
:102B50005CB4012070B4012088B401200CB40120C1
:102B600064B4012080B4012074B4012010B50120A8
:102B7000435C8B4200EB010201D108467047C15C07
:102B80001170F5E72DE9F043DFED217ADFF894C00D
:102B9000204F214D2149DFED226ADFF88CE0C7ED9F
:102BA000007A00238CF800302B701E4618461C4615
:102BB0001A46B0EE676A984691ED007A27EE007AE1
:102BC0005FFA83F9B4EEE67AF1EE10FAA1EC017A3D
:102BD0000FD503F80E8001ED016A0133102BEBD104
:102BE0000CB18CF8002010B1C7ED007A2E70BDE852
:102BF000F083B4EEE77AF1EE10FA02F10102D2B2FC
:102C0000C2BF4E46F0EE477A01200124E5E700BF3F
:102C10000000000040B60120EBB50120ECB501201A
:102C20008FC2F53CEAB5012030B601202DE9F04312
:102C30003C4B3D4D3D4C3E48D3ED003A9FED3D3A77
:102C4000DFED3D2A9FED3D2A0022164611461F4624
:102C5000AE46A0468446B7EE005AF3EC017AF4EE95
:102C6000E37AF1EE10FA5FFA82F9F5EEC07A44BF2A
:102C7000F0EE673A4946F1EE10FA33D9D0ED006A2A
:102C8000D4ED005A70EEE64A30EE654A24EEA46AAE
:102C9000A4EE046AB4EEC36AF1EE10FA22D886EE0E
:102CA000037A2E7821EE226A35EE477A26EE076AFD
:102CB000E4EE866AE4EE065AC0ED006A61EE026A4E
:102CC000C4ED005AE6EE877AF4EEC57AF1EE10FA1A
:102CD000D4BF43ED017A03ED015AFF2E1CBF01362C
:102CE0002E7001260132102A05F1010504F10404B9
:102CF00000F10400B1D196B9DFED107A08EB810341
:102D000083ED000A21EE271A0CEB8103C3ED000AC4
:102D100007EB810383ED001A01230EF80130BDE8B3
:102D2000F08300BFECB5012030B6012044B601208D
:102D300084B60120EC51B83D8FC2F53DEC51383ED0
:102D400008B5242200212348C5F71AF824220021BF
:102D50002148C5F715F8242200212048C5F710F8AE
:102D6000242200211E48C5F70BF8242200211D480B
:102D7000C5F706F8242200211B48C5F701F82422D4
:102D800000211A48C4F7FCFF194A1A4900231360AE
:102D900000220A7018490B6018490B6018490B6033
:102DA00018490B6018490B6018490B6018490A70E4
:102DB00018490A7018490A70184A1360184A1360B3
:102DC000184A1360184A1360184A1360184A1360AF
:102DD00008BD00BF7CB80120E4C30120B0B50120CC
:102DE0001CB80120C0C3012020B5012044B501203A
:102DF000D4B60120CCB60120D0B60120C4B6012043
:102E0000C8B60120D8B60120DCB601204CB701209D
:102E100044B70120F1B60120F0B6012048B70120E7
:102E2000E4B60120E8B60120ECB6012050B701203D
:102E300054B70120DFED377ADFED371A9FED371AEF
:102E40009FED372ADFED372ADFED373A9FED374A1E
:102E500030EE670ADFED367AC0EE274A0423DFED55
:102E6000357A70EEE70ADFED347A80EEA75A2DED61
:102E7000028BDFED320A9FED328AF0EE457AB0EE3A
:102E8000647AB7EE000A67EEA76AF0EE415AE7EE01
:102E9000076AB0EE606AE6EEA15AA5EEA66AF0EE09
:102EA000405AE6EE265AB0EEE56AB4EE486AF1EE14
:102EB00010FA28D8B6EE003AB4EEC36AF1EE10FA72
:102EC00021D437EE073AB0EE666AA3EE076A013BFB
:102ED00013F0FF0327EE023A26EE226A27EE237A4A
:102EE000A3EE276A37EEA73AE3EE276A67EE277A62
:102EF000E6EE847A74EEC66A86EEA57A75EE676AA7
:102F0000C6EEA57ABFD1BDEC028B80ED007AC1ED93
:102F1000007A70472735A242579442BE2D99CB3D87
:102F20000A5D323C47EBC5BB47EB45BC0A5DB23B93
:102F3000CA4FB242D1B19242F1EBB242FF8B90BC88
:102F4000FFFF7F7F38B5FFF7FBFE242200213D48BD
:102F5000C4F716FF242200213B48C4F711FF3B4B66
:102F60003B4A3C4800241C605C601C723A4B1C705D
:102F70003A4B1C703A4B1C603A4B1C603A4B1C603D
:102F80003A4B1C603A4B1C603A4B00251D603A4B93
:102F90001D603A4B1D603A4B1D603A4B1D603A4B29
:102FA0001D603A4B1D603A4B1D603A4B1D603A4B19
:102FB0001D603A4B1D603A4B1D603A4B1D603A4B09
:102FC0001D603A4B1C703A4B13603A4A13603A4BFF
:102FD0001D603A4B402221461C60C4F7D1FE4022BE
:102FE00021463748C4F7CCFE402221463548C4F775
:102FF000C7FE102234482146C4F7C2FE334B1D6081
:10300000334B1C70334B1C70334B1C60334B1C70A8
:10301000334B1D60334B1C70334B1D60334BFF2211
:103020001A70334B334A1C70334B1D60334B1D6099
:10303000334B1D60334B1D60334B1C7013680133E1
:10304000136038BDFCB6012020B70120F3B6012083
:10305000D426002044B60120F2B6012074B8012025
:103060006CB8012078B8012064B8012068B801204C
:1030700070B8012014B5012010C40120A0B50120B2
:10308000A4B50120A8B5012094B5012084B5012084
:1030900078B501207CB5012080B5012098B50120CC
:1030A0009CB5012090B501208CB5012074B501209C
:1030B0000AD7233DD826002088B50120D4B50120A9
:1030C00084B60120ECB5012030B6012040B60120C5
:1030D000EAB50120EBB501202CB60120D4C00120B7
:1030E000D0C00120B8C30120B4C30120E1260020D4
:1030F000CCBF0120A0B80120BCBF0120C0BF01206F
:10310000C4BF0120C8BF012009C101202B4B93ED92
:10311000007A2B4BD3ED007A2A4B67EEA77A1B7807
:10312000E7EE077A012BB1EEE77A35D1264A12682D
:10313000002A31D01846DFED257A254A92ED007A33
:10314000B4EEE77AF1EE10FA03DB224A12789A42E3
:1031500030D2F8B97047204B1B78012B1AD91F4B7E
:10316000DFED1F7A93ED007AB4EEE77AF1EE10FA14
:1031700010D81C4B1B78082B0CD81B4BDFED137A97
:1031800093ED007AB4EEE77AF1EE10FAACBF0120CD
:103190000020704700207047F6EE087AB4EEE77A18
:1031A000F1EE10FADFED117A4FF00000CCBF0423EE
:1031B0000123C2E70028CED1012070477CB5012051
:1031C00080B50120E0260020A8C301200AD7233DB6
:1031D00084B5012074B50120B8C30120B4C3012017
:1031E000CDCC4C3EE1260020BCBF0120CDCCCC3D57
:1031F0002DE9F84F2DED088BB0EE40AAB7EE000A8E
:10320000FFF7C0FC974B1B78012BF0EE609AB0EEF5
:1032100041BA23D1944BDFED955A1B68DFED947AC8
:10322000002B18BFF0EE675A924BDFED93AAD3ED57
:10323000007AF4EEE57AF1EE10FA12D58F4BC3ED79
:10324000007A8F4BC3ED00AA8E4BD3ED007AB7EE18
:10325000007A77EE877AC3ED007AF4E0DFED835AE7
:10326000E2E78949DFF844E2DFF844C2874E0C7890
:10327000874D88489FED884A9EED006ADCED007A14
:103280008046A946B34623460022B0EE6A3AB0EE25
:10329000445A3746FBEC013AF4EEE53AF1EE10FA07
:1032A0005FFA82FA2FD498ED007AD9ED004A77EED2
:1032B000696A74EECA2A66EEA66AE2EEA26AF4EEC3
:1032C000C56AF1EE10FA09D4F4EE456AF1EE10FA8F
:1032D00009D1F4EEC33AF1EE10FA04DDB0EE633A30
:1032E000B0EE665A544637EE677A74EEC66A27EE39
:1032F000077AA6EEA67AB4EEC47AF1EE10FA44BFCD
:10330000B0EE474A53460132102A09F1040908F188
:103310000408BFD1594A92ED007AB4EEE57AF1EE95
:1033200010FA43DB37EEE97A76EE4A6A27EE077A3F
:10333000F6EE004AA6EEA67ADFED586AF1EEC75A1D
:10334000B5EE007AA5EEA67AB4EE647AF1EE10FA44
:10335000C8BFB0EE647A27EE077AB4EEC47AF1EE15
:1033600010FA74DB4A4A02EB830292ED007A494A72
:103370009C4202EB8302D2ED006A03D0484A125D00
:10338000012A6CD937EE4A7A76EEE96A27EE077A97
:10339000F1EEC55AA6EEA67AF1EEC76A35EEA47A2A
:1033A000B4EE667AF1EE10FAA8BF1C46384ADFED9B
:1033B000325A0C7002EB840393ED004A354BDFF870
:1033C000CC90DFED381A03EB84014FF00008D1ED0B
:1033D000003AF0EE654A4146B0EE657AB9EC015A22
:1033E000B5EEC05AF1EE10FA18D993ED003AD2EDCD
:1033F000002A73EE636A32EEC42A66EEA66AE2EE33
:10340000026AF4EEE16AF1EE10FA07DCE5EE224A18
:103410000131C9B2E5EE035A37EE057A08F1040826
:10342000B8F1400F02F1040203F10403D6D1DFED3D
:103430001E6AB4EEE67AF1EE10FA01D9002939D10C
:103440000F4BC3ED00AABDEC088BBDE8F88F9C4282
:10345000ACD0134A125D012A98BF1C46A6E71C4651
:10346000A4E700BFE0260020A8C30120CDCCCC3DBE
:103470000AD7233D40B601200000000084B501209A
:1034800094B5012078B50120EBB50120ECB5012001
:1034900044B6012084B601200000807FCDCC4C3E94
:1034A00030B60120EC51B83D6F12833A98B5012037
:1034B0009CB5012085EE879A454BC4EE878A79EE4C
:1034C000677A38EEC66A67EEA77ADFED425A9FED5B
:1034D000425A9FED422ACEED008AE6EE067A8CED46
:1034E000009AF1EEE76AF0EE654AC3ED006A002348
:1034F000B6EC013AB5EEC03AF1EE10FA20D9D0EDB3
:10350000007A95ED006A77EEE36A76EE442A66EE7D
:10351000A66AE2EEA26AF4EEC26AF1EE10FA0FDCDD
:1035200076EE686A83EE076A77EEC97A26EE863A07
:1035300027EE866AE3EE264AE6EE275AA3EE275ADE
:103540000433402B05F1040500F10400D0D1244BD5
:10355000C3ED004A234BC3ED005A234BB0EE4B0A98
:1035600083ED005AC0F7B8FFB0EE408AB0EE4B0AC8
:10357000C1F7DCF839EE699A78EECA8A60EE097A0A
:103580001A4BE8EE287A07EB840728EE098AC3ED88
:10359000007AA0EE688A164B3A6883ED008A154BD4
:1035A0001A60154B1A5D154B1A70154BC3ED00AA26
:1035B000144BC3ED00AAFFF7A9FD9FED077A124B4C
:1035C0000028F7EE007A08BFF0EE477A43E600BF26
:1035D0008CB501200AD7233C00000000EC51B83D17
:1035E000D4260020D826002088B501207CB50120F3
:1035F00080B5012084B5012030B6012074B50120CA
:1036000078B5012090B5012094B50120F8B52DEDD5
:10361000048B514BDFF84CC193F800E000270E46B5
:103620006FF000424FF000443B463D46F9B28E45F4
:1036300017D845B3614213B1914228BF1146474F95
:103640006429396000F2868005BB34461D460FCDE3
:103650000FC495E8070084E807000120BDEC048B47
:10366000F8BDDCF80010091A002904DC8C42BCBF4C
:103670000C46654619B98A42C4BF0A4663460137FB
:103680000CF11C0CD2E74FF0FF31D4E70BB93446F4
:10369000DDE7121B002AC1BF644207EE904AB8EE74
:1036A000E77A07EE902AC8BFF8EEE77A3060C8BF25
:1036B00087EE278A93ED017AD5ED017AD8BF9FED89
:1036C000288A37EE677AE8EE077AC6ED017A93ED3D
:1036D000027AD5ED027A37EE677AE8EE077AC6ED20
:1036E000027A93ED037AD5ED037A37EE677AE8EE46
:1036F000077AC6ED037A93ED047AD5ED047A37EEB6
:10370000677AE8EE077AC6ED047A93ED057AD5ED8F
:10371000057A37EE677AE8EE077AC6ED057A93ED1B
:10372000069AD5ED068A39EE689AB0EE490AC0F7D6
:10373000FDFFF0EE409AB0EE490AC0F7CDFEF0EE84
:10374000400AB0EE690AC1F7BDF8E8EE008AC6ED9E
:10375000068A82E7002081E7ACBF0120B0BF0120CC
:1037600000000000ACB8012010B52DED068B264BF3
:10377000D3ED009A60EE208AB0EE408AB0EE690A7E
:103780000446B0EE41AAC0F7A7FEB0EE409AB0EEF4
:10379000690AC0F7CBFFF0EE680AF0EE409AB0EE8F
:1037A000480A05F0D5FA194B03EB840383ED000AB0
:1037B000174B03EB840383ED00AA164BD3ED007A7D
:1037C000154BE8EE097A03EB84030122E8EEE97A6F
:1037D000C3ED007A114BD3ED007A114BE8EE297A54
:1037E00003EB8403E8EE897AC3ED007A0D4B1A559A
:1037F0000D4A1378013313700C4A13780133137098
:10380000BDEC068B10BD00BF70B50120A8C2012021
:1038100028C3012068B50120D0BF01206CB501206C
:1038200050C00120E1C00120D5C0012009C1012004
:103830002DE9F04F2DED108BFFB04FF4C872002131
:103840001AA8B0EE408AB0EE60BAB0EE41AAB0EE6F
:1038500061CAF0EE42CAB0EE62DADFF8D8A15E4D7E
:10386000C4F78EFA002301931C461E469B461F4652
:103870001A4619461846DAF8009019F0010812D1D4
:1038800055494FF4C8721AA8C4F764F96B7B0193C9
:10389000524A534B2F681968D5F804B02E896C89A9
:1038A0001268DAF800008145E5D1B8F1000FE2D1E5
:1038B0002AB900207FB0BDEC108BBDE8F08FCDE9B8
:1038C0000212F7F715FC0299401AB0F5FA7FF0D80A
:1038D000444B039A19689142EBD01A60424B434D16
:1038E00083F80080424B434883F80080424B85F8C0
:1038F000008083F80080414BDFF83CA183F8008012
:103900003F4BDFF8389100221A603E4B802241463F
:1039100083F80080C4F734FA802241463A48C4F75D
:103920002FFA802241463948C4F72AFA80224146BC
:103930003748C4F725FA374820224146C4F720FA11
:103940004FF0FF338AF80080C9F80030BBF1000F58
:1039500017D00BA95846FFF759FE90B101238AF8FA
:1039600000302D4B9DED0C8A1B689DED0DBA9DED31
:103970000EAA9DED0FCADDED10CA9DED11DAC9F852
:103980000030264A26491378264833B10B88F31AAB
:103990009BB2012B04BF04683C1B07EE904AF8EE73
:1039A000678ADFED217ADFED21EA076068EEA78AFA
:1039B0000123F4EEEE8AF1EE10FA0E80137006D4B5
:1039C000DFED1B7AF4EEE78AF1EE10FA38DD019BA9
:1039D0002B7001206EE700BF15C10120A8C3012094
:1039E000ACC30120E0B50120D5C00120D6C0012024
:1039F000D7C00120A8C20120D8C0012014C10120D5
:103A000010C1012008C1012028C30120D0BF01201E
:103A100050C00120E1C00120B0BF0120ACB50120A1
:103A2000E4B50120DCB50120BD3786350AD7233C3B
:103A30009A99193EB0C30120E0C00120DCC00120EA
:103A4000BC4BBD4FD3ED009ABC4EDFF808939FED01
:103A5000BCEADFEDBCAAB0EE690AC0F73DFDB0EEEE
:103A6000409AB0EE690AC0F761FEB74BD3ED007A19
:103A7000B64BA7EECA8A00242546D3ED007AB44B94
:103A8000A7EE8ABA1C70B34B029360EE0BDA29EEF4
:103A90000BBAE9EE08DAB04B0393A0EE48BA8DED0D
:103AA00004BA019B5FFA84FB5B4500F2DE80AB4BFE
:103AB0001D70002D00F0888307EE905AB8EE677AEB
:103AC000CEEE077AA64B022DC3ED007A40F27F833B
:103AD000B7EE007AF4EEC77AF1EE10FAACBF01232C
:103AE0000023A04A137012AA002302F8013B0133FD
:103AF000202BFAD1DFF870A20027019B5FFA87F92B
:103B00004B4500F266839FED8E9A974B9FED975A37
:103B100003930027B0EE498AF0EE498AF0EE495A45
:103B20003C46BB46019BFEB2B34200F2B183904BD0
:103B3000904A1C70904B012C83ED009A40F20D844A
:103B40008E4B1C708E4B83ED009A002313708D4BAF
:103B50008D4E83F800B035788C4BDFF878928C4F1F
:103B60001C700022012C09F8052040F22784012353
:103B700088488949DFED896A3B70CC461CF801EB27
:103B8000BEF1000F13D0D1ED007A90ED007A78EEFF
:103B9000677A38EEC77A67EEA77AE7EE077AF4EE2F
:103BA000E67AF1EE10FA9EBF0133DBB2012208F192
:103BB0000408B8F1240F00F1040001F10401DDD183
:103BC00002B13B7068EE087A754BDFF80C82C3EDEA
:103BD000008AE8EEA87A734B83ED008AB1EEE77AAB
:103BE000714BF0EE680AB0EE480A83ED007AC0F738
:103BF00069FE6E4B83ED000AB0EE4D0AC0F76CFC17
:103C0000F0EE409AB0EE4D0AC0F790FDF0EE4C7A1F
:103C1000E8EEA97A664B6749674A0878E8EE407A89
:103C2000C3ED007AF0EE6C7AE8EE807A634BE8EE52
:103C3000297AC3ED007A624B002840F0228483ED9C
:103C400000CA0023C8F800300123C2ED00CA0B707F
:103C50003B789FED3B7A012BF7EE007A594B98BFEA
:103C6000F0EE477AC3ED007AACE31AAB0C2202FB0C
:103C70000432DFED557A138ADFED549A08EE103ADC
:103C8000538A09EE103AB2F91430B8EE488A0BEEB6
:103C9000903AB8EE499AB2F9163028EE278A29EE02
:103CA000279A07EE903A08A8B8EEE7BA09A9F0EE0D
:103CB000490AB0EE480AF8EEEBBAFFF7BBF8F0EEAF
:103CC000490AB0EE480A0AA8EBEE290A12A9ABEE9F
:103CD000A90AFFF7AFF8DDED086AD0ED002AF0EE93
:103CE000E67AF4EE6A7AB1EE66FAB1EE62BAF1EE15
:103CF00010FA8DED08FA80ED00BA18D8DDED097ADA
:103D0000B0EEE76AB4EE6A6AF1EE10FA0FD8B0EEE0
:103D1000E26AB4EE6A6AF1EE10FA08D89DED124A32
:103D2000B0EEC46AB4EE6A6AF1EE10FA6ED9284AAF
:103D300082E100BF70B50120D0BF012028C301205F
:103D400000000000FFFF7F7F6CB5012068B50120F7
:103D500009C10120A8C2012050C0012014C10120C6
:103D600010C1012008C10120E1C001200AD7233B76
:103D7000D4C00120E1260020D0C00120B8C301201A
:103D8000B4C30120F1B60120F2B60120F0B6012043
:103D900044B70120FCB6012020B7012048E19A3E3B
:103DA000E8B60120ECB6012048B70120E4B60120B6
:103DB00050B70120CCBF0120C8BF012054B701205B
:103DC000C4BF01204CB701200000803D0000803BB3
:103DD000D6C00120F3B60120C0BF0120CDCCCC3D20
:103DE0006F12033B9A99193ECDCC4C3ECA4FB2425A
:103DF000F304B53F17B7D1398FC2F53C3333B33E27
:103E00009A99193F0AD7A33D00000000538B1FED7C
:103E10000D6A128B5FED0EFA07EE103AF8EE475A74
:103E2000B5EE005A65EEA95A1FED127AA5EE856A25
:103E300005EE902AF8EE655A65EEA95AA5EEAF6A2E
:103E4000F0EE005AB4EE656AF1EE10FAF4EEC7DA5D
:103E5000C8BFB0EE656AF1EE10FA66EEA65AC0F27F
:103E6000E3801FED1F3AF0EECA3AF4EEC33AF1EEEA
:103E700010FA40F1D980B0EE653AA7EEA73AB4EE59
:103E8000EE3AF1EE10FA40F3CF80C02B00F2CC8076
:103E900076EEE26A34EE674AC6EEA82A2FEE0A2AC8
:103EA000F0EE626AC4EE282AF7EE003AB0EE624AFB
:103EB000A7EE824A75EEA33A67EE847AE3EE8A6A49
:103EC000EFEE267AC7EE836AF0EEE67AF4EE6A7ACF
:103ED000F1EE10FA00F2A880F5EEC06AF1EE10FAE9
:103EE00040F3A280F1EEC37A0135EDB21FED413A05
:103EF0001FED414A67EE837A26EE044A67EEA87A00
:103F00008DEEA69A84EE273A26EEAF4A3EEE26EADA
:103F1000C4EE287A1FED494A67EEA77AE3EE037AEA
:103F200077EE847AB1EEE74A6DEE847A26EEA64A01
:103F300087EE843A5FED507A87EEA64AF1EEE37A97
:103F400024EE044AF0EEC96AA3EE034AF4EE6A6A6C
:103F5000B1EEC48AF1EE10FA28EE278A68D8B5EEE1
:103F6000C09AF1EE10FA63DD69EE277AF0EE086A86
:103F7000F4EEE67AF1EE10FA5AD8F0EEC86AF4EEF2
:103F80006A6AF1EE10FA53D85FED646AB4EEE68A1D
:103F9000F1EE10FA4CD85FED666A67EEA67AF4EEA1
:103FA000C87AF1EE10FAACBF4FF0010A4FF0000AE8
:103FB000B0EE4F0A8DED076ACDED065AC0F752F903
:103FC000F0EE40BAC0F7B2FB8DED050AB0EE6B0A19
:103FD000C0F782FADDED047ADDED065A9DED076A41
:103FE00067EEC09ADDED057AE7EEAD9A5FED7B7A7C
:103FF000F0EEE96AF4EEE76AF1EE10FA20D5BAF1D4
:10400000000F18D0B0EE481AF0EE4F0AB0EE490A91
:104010005846FFF7A9FB039B0433013409F1040957
:104020000436043703933CE51FED898AB0EE489AC5
:104030004FF0000ABCE7CC4A137801331370EAE76B
:10404000B0EE4B0A8DED076ACDED065AC0F70AF9BE
:1040500030EE6BBAB0EE4B0AC0F73EFA8DED050AB2
:10406000B0EE4B0AC0F762FBDDED050AC0F72AFC93
:10407000C0EE283ADFEDBD7ADDED065A9DED076A08
:104080003AEE234AF0EEC46AF4EEE76AF1EE10FA73
:1040900004D5BAF1000F3FF44AAEB3E7C4EE296A83
:1040A000F0EEE67AF4EE6A7AF1EE10FAF1D8F5EE77
:1040B000C06AF1EE10FAECD9F2EE007AF4EEE76A9B
:1040C000F1EE10FAE5DCF7EE007A87EEA6BAB0EE74
:1040D000083AB4EEC3BAF1EE10FADADC75EEA75A7C
:1040E000DFEDA37A65EEA75A23EEAF5AC6EE257A26
:1040F0009FEDA06A67EE867A23EEAE6AC7EEA85AF5
:10410000C5EE287A67EEA77AE5EEA57AE6EE067A9E
:104110009FED996A77EE867AB1EEE76AC6EE295A84
:104120009FED966A69EEA99A24EE066AC6EE297A90
:1041300067EEA77AE5EEA57AB1EEE76A66EEA67AB3
:10414000C6EE276AF0EEE67AF4EE6A7AF1EE10FA3D
:104150000FD8DFED8B7AF4EEE76AF1EE10FA08DCA7
:10416000DFED887A6BEE277AF4EEE67AF1EE10FA5C
:1041700005D5BAF1000F7FF445AF834A5CE7834B66
:10418000C6ED006A93ED000A89ED00BA7BEE80BAB5
:10419000B0EE6B0AC0F7A0F97D4BD3ED007AE0EEEC
:1041A0000B7AB0EE6B0AC7ED007AC0F7BFFA794B15
:1041B000D3ED007A039BE0EE0B7A0122C3ED007A87
:1041C000754BE254754A37E7DFED757A7AE40023E0
:1041D00087E41AF8013B09F10104E4B25BB1714BC9
:1041E000DFED716ABE009A19704B351D1E445346AF
:1041F0000199A14204D1029B0433013702937CE46C
:1042000013F8011B00293FD0664992ED007A29443A
:10421000D1ED007A6549294437EE677A91ED006A5D
:10422000D6ED007A77EEC67A67EEA77AE7EE077AE0
:10423000F4EEE67AF1EE10FA26D85D4902982944A8
:1042400091ED007AD0ED007A77EEC77A9FED597A3A
:10425000F0EEE77AF4EEC77AF1EE10FA14D80DF129
:10426000480B49465846CDE90432FEF781FC214609
:1042700003905846FEF77CFC039B83421CBF0399C6
:104280000BF80010DDE904320134E4B20435AFE785
:10429000039A12F8013B03929BB3314612A8FEF732
:1042A00067FCB0422DD13C4A9FED3D7A02923F4BD4
:1042B000DFF8F090DFF800A10022F0EE476AF0EEA0
:1042C000477A1546F7EE004A01995FFA82FC61458C
:1042D00019D8012D15D9AC4205D312D1F4EEE75A05
:1042E000F1EE10FA0DD5C6EEA78A2C46B346F7EECE
:1042F000006A87EE278A86EEA77AF0EE675AB1EE5B
:10430000C79A01370EE4029911F8010B0291E8B146
:10431000614612A8CDE90423FEF72AFCB042DDE98C
:10432000042313D19AED006AB0EE454AA6EE064A80
:104330000135EDB284EE846A99ED004AE4EE066A36
:1043400093ED004AA4EE067A77EE867A01320AF1FE
:10435000040A09F104090433B6E71378FF2B3FF48C
:10436000F6AB0133FFF7F2BBD7C001206F12833ADF
:10437000CA4FB242F304B53F17B7D1398FC2F53CEB
:104380003333B33E9A99193FD8C0012070B501204C
:1043900068B501206CB50120E1C00120D5C0012025
:1043A00000000000D0BF01200BD7233E50C00120E9
:1043B000A8C201206666E63E28C301203D4B3A7044
:1043C00000221A603B78002B14BF0123002309F858
:1043D000053009D0384B03EB8503C3ED008A374B1A
:1043E00003EB850383ED008A01350923B5FBF3F365
:1043F00003EBC303ED1A9FED320A3570FEF7C2FBE3
:104400002C4B93ED007AF6EE007AB4EEE77AF1EEFB
:1044100010FA2CDD07EE904A9FED2A1ADFED2A6A8A
:104420002A4BF8EE677AB0EE417AA7EEA67AF3EE61
:10443000096AF7EE007A69EE266AB0EE676AA6EEC0
:10444000896AD3ED000A224B87EE861A93ED000AA3
:1044500021EE071AB4EE671AF1EE10FAC8BFB0EEFB
:10446000671AFEF7E3FB1B4A136801331360B0EED3
:104470004D1AF0EE6C0AB0EE4C0AFEF7B9FEFFF7EB
:10448000A8BA93ED000AD2ED000A3CEE400A7CEE99
:10449000E00A04F05DFCD8ED007A0F4BF4EEC07A30
:1044A000F1EE10FA48BF88ED000AD8F800201A6033
:1044B000FFF7CEBB4CB70120FCB6012020B701208E
:1044C00077BE7F3FCDCC4C3ECDCCCC3D54B7012008
:1044D00050B701202CB60120BCBF012008B5C42272
:1044E00000210648C3F74CFC05484FF4C872002170
:1044F000C3F746FCBDE80840FEF724BD58B70120CD
:1045000015C1012070B5017C4B1E082B044619D83B
:10451000C368DFED607A07EE103AF0EEC76AF4EE9A
:10452000676AF1EE10FA0DD8DFED5B6AB4EEE67A59
:10453000F1EE10FA06D4F6EE006AB4EEE67AF1EE89
:1045400010FA05DD554A136801331360002070BD71
:1045500000221420B0EE004AF3EE095AF7EE003ABA
:1045600000FB02435E6906EE106AB0EEC66AB4EE66
:10457000676AF1EE10FAE5D89D6906EE905AF0EE02
:10458000E66AF4EE676AF1EE10FADBD8DE6907EE50
:10459000106AB0EEC77AB4EE677AF1EE10FAD1D8AD
:1045A0001D6A04EE905AB0EEE45AB4EE675AF1EE8A
:1045B00010FAC7D85B6A05EE103AB0EEC53AB4EE11
:1045C000673AF1EE10FABDD8B4EEC46AF1EE10FA13
:1045D000B8DCF4EEE56AF1EE10FAB3DCB4EEE57A9D
:1045E000F1EE10FAAEDCF5EEC04AF1EE10FAA9D405
:1045F000F4EEE54AF1EE10FAA4DCB5EEC05AF1EEA5
:1046000010FA9FD4B4EEE35AF1EE10FA9ADC0132BC
:10461000D3B29942A4D8638A9BB1214A127882B15D
:10462000204A10881B1A9BB223B91F490A6801321D
:104630000A608BE71A0428D41C4A10680138184411
:1046400010601B4E35686B1C33601A4B211D1846D9
:10465000C422C3F77FFA027B092A84BF09220273AE
:10466000F6F746FD144B1860144A0235356013689E
:1046700001331360638A9AB20120002A3FF467AFC6
:10468000084A1380064B187061E70D4A136801331E
:104690001360D6E7FFFF7F7F6F12833B48B4012092
:1046A000AEB50120E8B501203CB4012008C40120CA
:1046B00084B4012058B7012078B4012068B40120E7
:1046C0000CC401202DE9F041037C012B044606D1E6
:1046D000467C202E03D8C389B3F57A6F3BD2334A88
:1046E0001368013313600020BDE8F08107FB03402D
:1046F000828AB2F5206FF2D2C28AB2F5206FEED272
:10470000B0F9182002F5005292B2B2F5804FE6D807
:10471000B0F91A2002F5005292B2B2F5804FDED8FD
:10472000828BB2F5804FDAD8C28BB2F5006F03F1FD
:104730000103D4D8DAB29642D8D81D4D1D4E2B783D
:104740009BB1A38930881B1A9BB23BB91A490A68EE
:1047500001320A60C7E700230C27EBE71A0404D4F0
:10476000164A1068013818441060DFF86080D8F8E5
:1047700000707B1CC8F800304FF4C872211D10482F
:10478000C3F7E8F9F6F7B4FC0E4B18600E4A02378F
:10479000C8F80070136801331360237B627B01202B
:1047A00043EA0223338028709EE700BF0CC101203A
:1047B000ADB50120E6B5012004C10120BCC3012034
:1047C00015C10120ACC30120A8C30120B0C3012042
:1047D000024A136801331360704700BF04B401201C
:1047E000024A136801331360704700BF30B40120E0
:1047F00030B50F4C0F4D23781C2159436A1882EDB8
:10480000010AC2ED020A82ED031AC2ED041A82ED1A
:10481000052AC2ED062A0133074A685003F03F0318
:10482000237013783F2B9CBF0133137030BD00BF42
:10483000ADBF0120ACB80120ACBF01202DE9F84389
:10484000124FDFF8549003460E4615463C682BB1D4
:104850001846C4224946C3F77DF903460C4AD2F8EC
:104860000080E1073A68F1D49442EFD1094B18680F
:1048700048B126B1F6F73CFCA0EB080030600DB162
:1048800064082C600120BDE8F88300BF84B40120D7
:1048900078B4012068B4012058B701202DE9F04F09
:1048A0002DED108B624C2378D9B0B0EE408AF0EE3B
:1048B000609AB0EE419AF0EE61BAB0EE42CAF0EE04
:1048C00062CA1BB1FEF73EFB00232370F0EE6C2A98
:1048D000B0EE4C2AF0EE6B1AB0EE491AF0EE690A0F
:1048E000B0EE480AFEF7A4FF524B1B78012B11D102
:1048F000002866D1504B1B6863B1B0EE6C1AF0EE25
:104900004C0AB0EE6B0A59B0BDEC108BBDE8F04F0D
:10491000FEF76EBC00241AAA19A927A8CDE91944EC
:10492000FFF78CFF454E199B454D834610B1B3F5FB
:10493000FA7F4BD9336000232B70FEF701FA9FED0D
:10494000410AFEF71FF9B0EE6C1AF0EE4C0AB0EE19
:104950006B0AFEF74DFC3C4B3C4AD3ED007ADFED91
:104960003C6AB7EE007A77EE877A92ED007AC3ED73
:10497000007A384BD3ED007A37EE267A77EEA67AB6
:10498000F1EE006AB4EE667AF1EE10FAF4EE667AB1
:10499000C8BFB0EE667AF1EE10FAC8BFF0EE667AE4
:1049A000C3ED007A82ED007AFEF7B0FB9FED2A7A24
:1049B0002A4B0028F7EE007A08BFF0EE477AC3EDE5
:1049C000007A59B0BDEC108BBDE8F08F244F2898C9
:1049D0003C7088B120A9FEF719FE08B301239DEDB4
:1049E000218ADDED229A9DED239ADDED24BA9DED1D
:1049F00025CADDED26CA3B701A4B199A1B68326036
:104A00001A9A9A4214BF012300232B702ED1B0EEC4
:104A10006C1AF0EE4C0AB0EE6B0AFEF7E9FBD0E739
:104A2000289B002BE8D0104A136801331360E3E79A
:104A3000A4B80120E0260020A8C30120A8B80120C6
:104A4000D8B5012052B87E3F78B50120D426002089
:104A50006F12033BD82600200000000094B501200F
:104A6000B8BF0120D4B50120B4BF0120C84ADFED92
:104A7000C98A1368C848C94FDFF8AC83DFF8A09330
:104A800001331360C64B83ED008AC64BC3ED009A19
:104A9000C54B83ED009AC54BC3ED008AC44B00247F
:104AA0001C70C44BC3ED008AC34BC3ED008AC34BDB
:104AB000C3ED008AC24BC3ED008AC24B24222146BB
:104AC000C3ED008AC3F75CF9B0EE6C0ABFF704FDD2
:104AD000F0EE40AAB0EE6C0ABFF728FEBA4BD3ED59
:104AE00000EAB0EE40BAB0EE6E0ABFF7F5FCB0EEE9
:104AF00040AAB0EE6E0ABFF719FEB44BB44AD3ED2C
:104B0000007AB44BCDED057AA7EEC98A0192CDE9C2
:104B10000944D3ED007AB04BB04A1B88ADF86E3033
:104B2000AF4BCDED067AC3ED008AAE4BAE49C3ED77
:104B3000008AF0EE690AAD4B9FEDAD5AC3ED008AD5
:104B4000E7EE890AAB4B1C94C3ED008AAA4BDDED5E
:104B5000297A1C706AEE209A9DF8A8300B93E0EE3B
:104B6000489AA64B04921B68039360EE20FAA44B6C
:104B7000CDED0C9AEAEE08FA1546CDF87340CDED6E
:104B8000077AF0EE681AB0EE68EAB0EE682AA64638
:104B9000B0EE68DA0294F0EE68DA0894F0EE686A33
:104BA0002246F0EE689AB0EE686AB0EE688AE0B22B
:104BB00006460B98B0420ED94FF0140A58A80AFBCB
:104BC000040A5AED295ADFED8F7AF4EEE75AF1EE36
:104BD00010FA40F1F381019881ED008A83ED008A9B
:104BE00080ED008A85ED008A87ED008A89ED008AD4
:104BF00088ED008A019801340430092C01F1040188
:104C000003F10403019005F1040507F1040709F11C
:104C1000040908F10408CAD1714B0AB1C3ED009A26
:104C2000089A12B16F4AC2ED006A099A2AB1734A12
:104C300003991160704A0A991170029AA2B15B4AF5
:104C4000C2ED00DA5B4A82ED00DA594A82F800E0F0
:104C5000594A82ED002A594A82ED00EA584AC2EDCB
:104C6000001A584AC2ED008A93ED007ADFED667AA9
:104C7000664BB4EEE77AF1EE10FAC8BFF0EE477A71
:104C8000C6EE276ADFED627AC3ED006AB4EEE77A1A
:104C9000F1EE10FA40F15A835E4A0023CDF86E30EF
:104CA000CDF872308DF87630136801331360524BB3
:104CB00001221A70584B594A93F80080002302F8D9
:104CC00008300DF1770202F8013B0133092BFAD1CC
:104CD0000DF16E030025019399462C4619F8013B0E
:104CE000A2460134E4B23BB14D4A2F1D4B46264645
:104CF0002A44082E40F24083049B092C03F104034C
:104D000005F104050493E9D10024BFEE004A2646CC
:104D10002746019A12F8013B0192002B00F086838E
:104D200021460DF17700FDF723FFA04240F07E837E
:104D30009FED186ADFF8E8A09FED3A1A0025F0EE23
:104D4000462AF0EE464AF2EE047AB0EE463AB0EE6B
:104D5000465AB0EE467AA9460DF16E03E9B2EB5C15
:104D6000002B00F0B0800DF17700FDF701FFA042AD
:104D700040F0A980084B03EB8503D3ED003A174BB5
:104D800003EB8503D3ED006AF4EEC16A50E000BF87
:104D9000E0B601200000000040B80120C0C301209F
:104DA00018B501201CB5012014C40120D4B601207F
:104DB000CCB60120D0B60120C4B60120C8B601206F
:104DC000D8B60120DCB6012070B501206CB50120F9
:104DD000B0B5012068B50120D58E04081CB80120AB
:104DE00014B50120A0B501207CB80120A4B5012094
:104DF0006F12833AA8B5012074B8012064B801206D
:104E0000E4C301200AD7A33C5F70893010C401209D
:104E10006F12833B6CB80120F2B60120F3B601207B
:104E200020B50120CDCC4C3D44B501200AD7233B11
:104E3000F1EE10FAD4BFB0EE412AB0EE662AC3EE0E
:104E4000825A142358AA03FB052309F101095FFACA
:104E500089F9B7EE002AF0EE421AE5EEA51A33EE14
:104E6000263AC2EE215A13ED292A5FED101AE34BC0
:104E700065EE825AE3EEA31A03EB8503DFEDE03A19
:104E8000F4EEE35AF1EE10FAC8BFF0EE653A83EEA5
:104E9000A12A37EE257ADAED005AE5EE822AD3ED23
:104EA000005AF4EE676AA5EE826AF1EE10FAF4EEAB
:104EB000646A48BFF0EE667A35EE025AF1EE10FAF7
:104EC000C8BFF0EE664A0135092D0AF1040A7FF4E5
:104ED00043AF74EEE77ADFEDCB4AF4EEE47AB9F152
:104EE000000F00F09982F1EE10FA00F39882C2EE02
:104EF000853AC548C549C64A0023C6EE052AB7EE1D
:104F0000006AB0EE465A10F8015BD5B1D2ED006AE6
:104F1000D1ED005A72EEE66A73EEE55A66EEA66AC5
:104F2000E5EEA56AF1EEE65AC5EEA46A76EE455ABC
:104F300075EE666AF4EEE65AF1EE10FA48BF36EE08
:104F4000856A0433242B01F1040102F10402DAD151
:104F500006EE909AF8EE666A37EE077A83EE265AE6
:104F6000F5EE005AA6EEA57ADFEDAA6AB4EEE65A8F
:104F7000F1EE10FAD4BFF0EE665AF0EE455AF0EEBC
:104F8000004AC4EEA56A36EE877A37EE067AB4EEAA
:104F9000C47AF1EE10FA40F349829F4BC3ED003A18
:104FA0009E4BC3ED002A9E4B83ED005A9D4BB0EE05
:104FB000474AC3ED007A4E46274637E21AED2DFAEE
:104FC0008DED175AB1EE4F0ACDE91513CDED141A38
:104FD000CDF84CE08DED122A8DED116ACDED106A01
:104FE000CDED0F5ABFF73EF9B7EE004AAFEE0F4ACC
:104FF0005AED2C7AF1EE677A87EE847AB0EE40AA09
:1050000037EE49FA8DED0E7ABFF790FB8DED0D0A64
:10501000B0EE4A0ABFF760FADDED0C7A9DED0D4A5D
:105020009DED0E7ADDED0F5ADDED076A9DED116AFB
:105030009DED122ADDF84CE0DDED141A9DED175AB6
:1050400067EEC07AB0EEC77AE4EE2F7ADDE9151389
:10505000B0EEC94A27EE257A65EE845AE7EE269A25
:10506000A6EEA56ADFED706ADFED705AB0EEEF7A5A
:10507000B4EEE67AF1EE10FADDED106AB0EEE71A62
:105080000FDB5AED2B0AB0EEE07AB4EEC57AF1EE02
:1050900010FA80F29E82B4EEE51AF1EE10FA0CD40A
:1050A00025E0B4EEE51AF1EE10FA20D5DFED5E4A08
:1050B000B4EEE47AF1EE10FA19DB9FED567AB4EE15
:1050C000C74AF1EE10FA12D54FF0140C58AA0CFB97
:1050D000042C1CED2B7AB0EEC71AB4EE451AF1EE93
:1050E00010FAA8BFF0EE6F7AA8BFB0EE47FAB0EEA4
:1050F000E77AB4EEE57AF1EE10FA81ED00FAC3ED4D
:10510000007A06D4B0EECF7AB4EEC57AF1EE10FA9A
:105110000CD5019A82ED008A85ED008A87ED008A20
:1051200089ED008A88ED008A5A4663E58FEE277A7A
:10513000B5EEC07AF1EE10FAEBD9F2EE005AB4EE09
:10514000657AF1EE10FAC8BFB0EE657A019AB4EE56
:10515000C57AF1EE10FA82ED007A4CDDF7EE005AD6
:10516000C5EE875AB2EE041AF4EEC15AF1EE10FA07
:105170006ADCC5ED005A58AA4FF0140C0CFB042C45
:105180005CED2A5A9FED2A1A2A4AA5EEA51A02EBCF
:10519000840C27EE077AF1EEC15A85EEA71ADFEDEF
:1051A000265A67EEA77A2FEE25FACFEE275A65EE3C
:1051B000A55AE1EE015AF1EEE57AC7EE875ADFED26
:1051C0001F7ACCED005AF4EEE75AF1EE10FA0ADC41
:1051D00095ED00FADFED1A7A6FEE277AF4EEE75AD2
:1051E000F1EE10FA33DD019A85ED008A82ED008A36
:1051F00087ED008A98E7F0EE485ABAE744B50120F7
:105200006F12833ACDCC0C3FF3B60120FCB60120DF
:1052100020B70120CDCC4C3EE8B60120ECB60120F1
:1052200048B70120A4B501209A99193E0AD7A33D99
:1052300017B7D13940B801208FC2F53C3333B33EA4
:105240009A99193FCDCC4C3F85ED001A93E77EEE3D
:105250008A7AB7EE007A87ED007AB0EE670ACDE978
:1052600014138DED165A8DED106ACDED0F6A8DED8C
:105270000E4ACDED131ACDF848E08DED112ACDED93
:105280000D7ABFF729F99DED06AADDED0D7AAFEE97
:1052900000AAB0EE670A89ED00AABFF747FADDED74
:1052A000057A9DED0E4ADDED0F6A9DED106A9DEDCC
:1052B000165AB0EE6B7AF0EE4C5AEFEE007ADDE95A
:1052C0001413AAEE2A7AEAEE0B5AF5EE40DAF1EE62
:1052D00010FAA7EECB7AE7EEAA5AC8ED007A0AD008
:1052E000B4EECDFAF1EE10FA9DED112ADDF848E0AA
:1052F000DDED131A0ED5F0EE658AF0EE471AB0EE2A
:1053000067EAB0EE4A2AB646B0EE4FDACDF808B0FA
:10531000F7EE00DA5FED367AB4EEE74AF1EE10FA16
:105320007FF502AFB5EEC0FAF1EE10FA7FF7FCAEF2
:10533000F0EE087AB4EEE7FAF1EE10FA42BF0DF1A2
:105340006E024FF0010C04F802C0EDE65FED437A07
:10535000F4EEE76AF1EE10FA7FF7ACACB94A00233D
:10536000CDF86E30CDF872308DF876301368013399
:105370001360B54B02229CE413F8011B002947D0AF
:10538000B24992ED007A3944D1ED007AB04948191A
:10539000394437EE677AD1ED006AD0ED007A77EEC6
:1053A000E67A67EEA77AE7EE077A9FEDAA7AF4EE3F
:1053B000C77AF1EE10FA2BD8A7490498394491ED39
:1053C000007AD0ED007A77EEC77A9FEDA47AF0EEFE
:1053D000E77AF4EEC77AF1EE10FA19D851460DF1DA
:1053E000770005920393FDF7C3FB314602900DF160
:1053F0007700FDF7BDFB029B059A83421CBF00F5B9
:10540000B0710DEB0100039B1CBF029900F8E91C71
:105410000136F6B204376CE4F1EE10FA06DD904A7C
:105420001368013313608F4BC3ED007A0134E4B28B
:10543000092C7FF46EAC8C4BDFED8C7A1F708C4B9B
:10544000B5EEC04A1E70F1EE10FA8A4BD8BFB0EE2E
:10545000674A83ED004A002E874B14BF01240024C5
:105460001C7000F0A880854B854DD3ED008A854BDC
:1054700085488649DFED866A93ED008A002217464B
:10548000012315F801CBBCF1000F13D0D1ED007A48
:1054900090ED007A78EE677A38EEC77A67EEA77AF1
:1054A000E7EE077AF4EEE67AF1EE10FA9EBF0133EA
:1054B000DBB25F460432242A00F1040001F104014A
:1054C000DFD16D4D07B12B70F0EE680AB0EE480ADF
:1054D000BFF7F8F9F0EE6B7AE8EEAA7A6D4B83ED40
:1054E000000AE8EE4B7A6C4B9FED607AC3ED007AD0
:1054F000F0EE4C7AE8EE8B7A684BE8EE2A7AC3ED50
:10550000007A2B78F7EE007A012B654B98BFF0EE0E
:10551000477AC3ED007A5A4B03F808405EB15A4B04
:10552000564A03EB880312681A60584B554A03EB3E
:10553000880312681A6008F101030922B3FBF2F232
:1055400002EBC2029B1A574A9FED570A1370574B42
:105550001A9A1A60FDF716FB002E3FF458AA504B1A
:1055600093ED007AF6EE007AB4EEE77AF1EE10FAF7
:105570007FF74DAA3E4BDFED4E6A1B7807EE103ADF
:10558000B8EE477A454BE7EE267AB7EE001AF4EE0E
:10559000417AD3ED000A404BF1EE10FA93ED000A88
:1055A000D8BFB0EE671AFDF741FB424A13680133DA
:1055B0001360FFF72CBA3A4B234AC3ED007A1378F5
:1055C000002BA8D13C490B6801330B6005231370F5
:1055D000A1E7B4EEE51AF1EE10FAFFF65CAD8FEE3E
:1055E000277A80EEAF0A37EE400AB6EE087AB0EEC0
:1055F000C00AF4EEC06AF1EE10FAB4EEC70A44BF76
:10560000CDF820B0F0EE406AF1EE10FA7FF743AD2E
:10561000039A81ED00FA01320392019AC3ED007AF8
:10562000032082ED008A85ED008A87ED008A89EDEE
:10563000008A88ED008ACDF824B05A460A90FFF718
:10564000D9BA00BF78B8012074B8012020B5012074
:1056500044B50120EC51B83E1CB80120CDCC0C3F24
:1056600068B80120A4B50120F1B6012000000000B7
:10567000F0B60120A8B5012044B70120E8B601200A
:10568000F3B60120ECB60120FCB6012020B70120C2
:1056900048E19A3EE4B6012050B7012054B70120FA
:1056A0004CB70120F2B6012077BE7F3FD4B5012070
:1056B0009A99193E2CB6012070B8012010B50F4CF4
:1056C00094ED007AF6EE007AB4EEE77AF1EE10FA95
:1056D00011D410B10A4C2468046011B10948006863
:1056E000086012B108490968116013B1074A1268CD
:1056F0001A60012000E0002010BD00BF94B5012019
:1057000098B501209CB50120D026002084B5012049
:1057100008B5F5F7EDFC064B1A68064B1B782BB164
:10572000801AC8288CBF0020012008BD1846FCE75D
:10573000ACC3012008C101204B10C05CCB074CBF9B
:10574000000900F00F00704708B5642200210A48E4
:10575000C2F716FB642200210848C2F711FB64223D
:1057600000210748C2F70CFBBDE808400548642249
:105770000021C2F705BB00BFF0C4012084C4012092
:1057800058C5012020C40120024A13680133136068
:10579000704700BF08B40120024A13680133136048
:1057A000704700BF34B401202DE9F74F837B022BF3
:1057B000044607D1C37B0A2B04D1037C0A2B01D1F9
:1057C00083893BB9334A136801331360002003B067
:1057D000BDE8F08FDFF8DC80B8F80020934201D1FB
:1057E0002D4AF0E76AB1511C89B28B4209D04FF6BD
:1057F000FF718A4201D1012B03D0284A136801337B
:105800001360274F3D686B1C3B60DFF8ACB0DFF8DE
:10581000ACA0DFF8AC90234B002204F11206114635
:1058200030460193FFF788FF00EB0010511C0BF886
:10583000010B3046FFF780FF00EB0010911C0AF8C7
:10584000010B3046FFF778FF00EB001009F8010B61
:10585000D11C3046FFF770FF0432019B00EB0010B3
:10586000B2F5C87F03F8010BD9D10F4BA2681A60BB
:10587000F5F73EFC0D4B186002353D60627B237BE3
:1058800043EA02230A4AA8F8003013680133136080
:1058900001209CE74CB401201CC4012054C5012008
:1058A000ECC4012020C4012018C401207CB40120D4
:1058B0006CB40120E8C40120F0C4012084C401209C
:1058C00058C501202DE9F84F9846DFF89CB01F4BD2
:1058D00005460E461746DBF8004064221946284666
:1058E000C2F738F91A4964223046C2F733F9194928
:1058F00064223846C2F72EF9174964224046C2F79F
:1059000029F9164AD2F800A0154AD2F8009014F0EE
:10591000010FDBF800000D4BDDD18442DBD1114BD0
:10592000186880B10A9B2BB1F5F7E2FB0A9BA0EB4C
:105930000A0018600B9B0BB1C3F800900C9B0BB1D5
:1059400064081C600120BDE8F88F00BFF0C401208E
:1059500084C4012058C5012020C401207CB401204A
:1059600018C401206CB40120ECC40120F8B52DED61
:105970000C8B129CDFED52AAD4ED017AD4ED006AB3
:1059800094ED027AD4ED059AD4ED068AD4ED040A9A
:105990009FED4C0ADFED4BBA67EEA77AF5EEC09AA1
:1059A000E6EEA67A0546F1EE10FAE7EE077AF4EE97
:1059B000EA8AB1EEE7AA08EE103AD8BFF1EE089AEB
:1059C000B7EE009AF1EE10FAD8BFF0EE498ABEF7B2
:1059D00009FEF8EE487A7AEE680AA7EEAA0AB0EE57
:1059E000408A9FED380ABEF7FDFDD4ED030AF0EEC4
:1059F000408A9FED340ABEF7F5FD2AEE088AF0EEE4
:105A0000487AE8EE807AC7EEA98AF5EEC08AF1EE10
:105A100010FA4BD4F4EE498AF1EE10FAC8BFF0EE5A
:105A2000498A139C9FED28BADFED28CA9FED25DA3D
:105A30006E1E04F596676335B7EE00CA16F8013F8F
:105A400007EE103AB8EEC77AF0EE497AE7EE4B7AF5
:105A500067EEA87AE7EE0B7AF5EEC07AF1EE10FA6F
:105A600027D4F4EE497AF1EE10FAC8BFF0EE4C7A82
:105A700079EE670AB4EEEAAA60EEA90AE4EC017ACC
:105A8000F1EE10FAC4EDC70AE7EC01BA14DD70EECE
:105A9000C80AB0EE4D0ABEF7A5FDC0EE0A7AB542BF
:105AA000C4ED637ACAD1BDEC0C8BF8BDF0EE6B8A05
:105AB000B7E7DFED047ADBE7F0EE6C7AEFE700BFE3
:105AC0006F12833A000000008180803B0000807FDD
:105AD0002DE9F0472DED108B904688B0B0EE40BA1E
:105AE000B0EE60EAB0EE419AF0EE618AF0EE42BAB2
:105AF000F0EE629A0746002800F04181002900F08C
:105B00003E81002A00F03B81DFED9E7AB0EEC07A44
:105B1000B4EE677AF1EE10FA00F23181B5EEC00A08
:105B2000F1EE10FA40F22B81DFED97AA0C4601F15D
:105B300020060B46B0EE6ADAB5EE007A93ED006A05
:105B4000D3ED016AF0EEC65AF4EE675AF1EE10FAA0
:105B500000F21581F0EEE65AF4EE675AF1EE10FA13
:105B600000F20D8108339E42A6EE07DAE6EE87AA20
:105B7000E4D19FED86FADFED86DADFED83FA6D463C
:105B800094ED018A94ED00AA3AEEC8CA7DEE4ACAA5
:105B90006CEE0C7AECEEAC7AF1EEE7EAF4EECFEADA
:105BA000F1EE10FA40F3A380F0EE6F0AB0EE4E0A69
:105BB000BEF718FDF0EE6D0A80EE2E0ABEF730FD3E
:105BC0000834A64205F10805A0EE2CAAA0EE0C8A26
:105BD00005ED02AA05ED018AD2D19FED6BAA6946B7
:105BE0000023013303F0030208A800EBC20010ED0C
:105BF000087AD1ED017A0A4667EEC77AD2ED006ADB
:105C000010ED077AE6EE877A042B01F108013AEEEF
:105C100027AAE6D19FED5F7AF0EECA7AF4EEC77A52
:105C2000F1EE10FA00F1AB80F0EE6B0A9FED560A30
:105C30009FED59DADFED54DABEF7D4FC002530EEE3
:105C40000BBAAA46F6EE00AAF3EE00BAB7EE00CA07
:105C500007EE905AB8EEE78A282438EE2A8A4FF0E9
:105C60000A0928EE2B8A04FB058409FB0579002626
:105C700007EE906AF8EEE76A6A4676EEAA6A0023B3
:105C800066EEAB6A013303F0030108A800EBC10024
:105C900010ED086A92ED007AD2ED015A08A800EBE7
:105CA000C10151ED077A38EE655A77EEE55A76EE86
:105CB000C77A36EE476A67EEE57AB5EEC0AAE5EE3A
:105CC000067AF1EE10FAF5EEC07A13DDF1EE10FA75
:105CD00013D501360A2E04F10404C9D101350A2D69
:105CE000B6D1504608B0BDEC108BBDE8F087B0EEE1
:105CF0006D0A65E7F1EE10FAEBDC042B02F1080205
:105D0000C0D119F8063007EE903AF8EEE77A67EE60
:105D10008D7AF4EEC97AF1EE10FADAD4D4EDC87ABD
:105D2000F4EECB7AF1EE10FAD3D404F59663D3ED0A
:105D3000007AF4EEE97AF1EE10FACADCF5EEC08AE8
:105D4000F1EE10FAD4ED00CA16D4F4EECC8AF1EEDE
:105D500010FAD4BFF0EE680AF0EE4C0AB0EE6C0A0E
:105D6000BEF75EFCF4EEC0CAF1EE10FAC4BF84EDDB
:105D7000000A0AF1010AACE7F0EE6D0AEEE74FF017
:105D8000000AAEE7FFFF7F7F000000006F12833A3A
:105D90006666E63E000000438180803BDFED1F6ABF
:105DA00030B5039D0024B0EE665AB0EE666AB0EEE0
:105DB000667AF0EE664A944222DB07EE902A66EE9F
:105DC000465AF8EEE77AE7EE855A9FED155AB0EE9F
:105DD000E54AB4EEC54AF1EE10FA57BF26EE475A2F
:105DE000C3ED004AA7EEA65AC5EE256A5CBFA6EE33
:105DF000C67AC3ED006AC7EE276AC5ED006A30BDFA
:105E0000F1EC017AF0EC015AA7EEA75A0134E5EE65
:105E1000A76A37EE257A36EE276ACCE70000000045
:105E2000ACC527372DE9F04F2DED048BADF53F7D47
:105E30009FED368A04900D461846002116463822FA
:105E40001C46F0EE488AC1F79BFF294605F1200366
:105E5000F5EE007A91ED007A0831E7EE278A11ED30
:105E6000017A9942A7EE278AF4D1DFED297A96EDDF
:105E7000009A28EEA77A68EE277ABDEEC77AFDEE83
:105E8000E77A17EE102A17EE903A092AA8BF0922DE
:105E9000092BA8BF092323EAE37322EAE2725B42DB
:105EA00000204FF47A774FF0FF39049983EAE37CBE
:105EB00001EB80054FF00008ACEBE37CF5EC017AD8
:105EC000F4EEC97AF1EE10FA08EB000E09DAA8EB4D
:105ED00002010029B8BF49426144B942BCBF0F4624
:105EE000F14608F10108B8F10A0FE7D10A30642839
:105EF00003F10103D9D1B9F1FF3F0BD100200DF51A
:105F00003F7DBDEC048BBDE8F08F00BF00000000BA
:105F10000000803D4FF0000A6022514629A841ADA3
:105F2000CDF8A0A0C1F72CFF6022514642A8CDF8C1
:105F300004A1C1F725FF012005F80900CDF86891FB
:105F40005AAADFF88892029228AF43465146864605
:105F5000A846029A52F8045B029295FBF3FA03FBFF
:105F60001A52059207F805E0944A039201314FF066
:105F7000000C039A52F8045B0392059A05EB020B9E
:105F8000BBF1090F1BD859F82C505544092D16D8D0
:105F900003FB05B518F805B0BBF1000F0FD1049A4B
:105FA00002EB850BDBED007AB4EEE79AF1EE10FA26
:105FB000C1BF5AAA08F805E042F8205001300CF1A0
:105FC000010CBCF1040FD4D18842C2DC0025606012
:105FD0002A46B3EE007AF6EE006ABC460A2100209B
:105FE0004FF0FF331CF801EBBEF1000F05D08142EA
:105FF000A8BF01468342B8BF034601300A28F1D149
:10600000994224DC07EE901AF8EEE77A0AA867EEC8
:10601000877A00EB82000133C0ED007A07EE903AF8
:10602000F8EEE77A14A967EE877A01EB8201C1EDF9
:10603000007A07EE905AF8EEE77A1EAB77EEA67A72
:1060400003EB820367EE877A0132C3ED007A0135F4
:106050000A2D07F10A07C0D1012A7FF74FAF07AF1A
:1060600006AB1EA90AA8009709ADFFF797FE08AB7B
:106070001EA914A80095FFF791FE9FED510AD6EDD9
:10608000010ABEF7AFFADDED077A9DED097ADDED85
:10609000066A9DED085AF0EE675AB0EE476AE6EEE2
:1060A000885AA5EE086A75EE805A36EE406AF4EE1C
:1060B000C65AF1EE10FABFF621AFF4EEE85AF1EE4F
:1060C00010FA3FF71BAFB4EEE86AF1EE10FA3FF5B5
:1060D00015AF77EE807A4FF07E5337EE400AA3601B
:1060E000F1EE666A374B84ED065AF1EE677A9FED62
:1060F000365A6361C4ED036AC4ED047A84ED070A7D
:10610000234604F11802D3ED036A93ED026A93ED7E
:10611000047A68EE267AE8EE867A77EE877AF5EEEC
:10612000C07AF1EE10FA0BD5B1EE466AF1EE666A6E
:10613000B1EE477A83ED026AC3ED036A83ED047A18
:10614000D6ED026A93ED026AD3ED037A66EE266A13
:10615000C3ED086A96ED037A27EE877A83ED097A14
:10616000D6ED055A67EEA57AD6ED045AE6EE257A05
:1061700093ED046A77EE867A27EE076AC3ED0A7A12
:10618000A6EEA66AA7EEA76AF1EEC65AF4EEC55AC5
:10619000F1EE10FA0BDD86EEA56AC7EE256A87EEF2
:1061A000A57A83ED086AC3ED096A83ED0A7A0C3398
:1061B0009A42A8D101202070A1E600BF68250508F9
:1061C00000000000000080BFBD3786357825050837
:1061D00030B5039C00252560B1EE400A00F10C05A6
:1061E000D0ED007AF1EE677AE2EC017AF0EC017A18
:1061F00060EE277AA842E3EC017AB1EC017A50ED27
:10620000016AD4ED007AE6EEC77AC4ED007AE7D1F0
:1062100030BD00002DE9F0412DED0C8B1C4688B0FF
:1062200006460F461846154600217422C1F7A8FD00
:10623000DFF8008440F203536380002388F80030C5
:1062400006B145B9DE4B05221A70002008B0BDEC3E
:106250000C8BBDE8F081DB4A1760DB4A1268BA425A
:1062600005D20422E270D64A01211170EDE7D74B26
:10627000D3ED007AB7EE00AAF4EECA7AF1EE10FA86
:10628000C2BFD34BD3ED006A86EEA77A30466A468A
:1062900004AB06F12001D8BFB0EE4A7A066842F896
:1062A000046BD0ED017A083067EE877A8142E3EC27
:1062B000017AF3D19DED006A9DED012ADDED022A00
:1062C0009DED033ADDED046A9DED054ADDED064ADC
:1062D0009DED075ABF4BBA4E32EE467A72EEC37A44
:1062E000B0EEC77AF0EEE77A37EE277A74EEC45A4A
:1062F00075EE667AF6EE00AAF0EEE77AF0EEE55A71
:1063000027EE2A7A77EEA57A83ED007A67EEAA7AED
:10631000B14BB4EECA7AF1EE10FAC3ED007A04D4B0
:10632000F4EECA7AF1EE10FA04D50523E3700223E5
:1063300033708AE7A94BD3ED003AA94B93ED00BA2D
:10634000A84BD3ED005AA84B63EE8B1AD3ED00BADD
:10635000A64B81EE879A65EEAB1A81EEA77ADFED48
:10636000A47A39EE079A29EE2A9AB0EEC97AB4EEE9
:10637000677AF1EE10FA83ED009A07D89D4BD3EDC2
:10638000007AF4EEC97AF1EE10FA03D50423E37033
:106390000323CDE7984BD3ED007AF4EEC97AF1EE02
:1063A00010FA05DD0123E37084F870300423BFE7A1
:1063B00036EE026A914B36EE226AD3ED007A904BAC
:1063C00036EE036AB5EE007AD6EE077A76EE846A88
:1063D000C7EEA38A76EEA46AD3ED007A894B76EEF7
:1063E000856AD3ED009AD6EE877AB0EE690A87EE19
:1063F000A58ABEF771F8B0EE40CAB0EE690ABEF7E2
:1064000095F929EE488A804B68EE009AD3ED00CAD0
:1064100028EE0C8AE9EE0C9AA0EE498AB0EE6C0ADE
:10642000BEF75AF8B0EE40CAB0EE6C0ABEF77EF97D
:1064300069EE688A754BD5ED074AD3ED007A744B47
:1064400095ED065A95ED084AD5ED093A95ED01DA34
:10645000D5ED02CA60EE686A28EE8C7AE9EE8C6AA5
:10646000A9EE807A76EEA76AD3ED007A95ED00CAA0
:1064700066EEE45A78EE277AE5EE075A27EE448A6C
:1064800027EEC56AA4EEA78A75EEA55AA4EE266A81
:1064900038EE088A65EEC58AE3EE886A36EE066A4B
:1064A000E4EE088A28EE648AA3EE867AE3EEA57A03
:1064B000A5EE068A66EE449A77EE288AE4EEA59A5F
:1064C00037EE888A2BEE2ABA38EE8DDA6BEEAAAA5E
:1064D00078EE2CCA76EEA99A3DEE0B6A39EE8CCA9C
:1064E0003CEEAA7A7DEE4B5A7CEEEA6A84ED116AA4
:1064F00084ED127AC4ED145A84ED157AC4ED175A5E
:10650000C4ED186A84ED1A6AC4ED1B6AC4ED065A1C
:1065100084ED076AC4ED086A84ED10CA84ED13CADD
:1065200084ED16CA84ED19CA84ED097A84ED0ABA9D
:1065300084ED0BBAC4ED0CAAC4ED0DAA95ED010AC9
:10654000D5ED020A3DEE400A7CEEE00A84ED040A35
:10655000C4ED050AB0EEC00AF0EEE00A7AEEE00AF9
:106560003BEE400ABEF75CF82A4BA36040F20113F1
:10657000A38703F580332360274B84ED010A83ED65
:1065800000CA264B84ED03AA83ED00DA244B84ED88
:106590000E9AC3ED00CA234BC3ED009A224BC3ED04
:1065A000008A224B83ED008A214B012083ED009A63
:1065B000002384F83E0088F80000337046E600BFF0
:1065C000D4C50120C8C5012004270020E4260020EE
:1065D000FC260020D8C50120CCC50120F0260020D3
:1065E00010270020F4260020F8260020D0C5012026
:1065F000FFFF7F7F082700200C270020E8260020CF
:10660000EC260020E0C50120E8C50120DCC5012002
:10661000E4C501200AD7A33CBCC50120C0C50120A8
:10662000C4C50120F0C50120F4C50120F8C5012032
:10663000ECC50120FCC5012008B50548C1F706FCE2
:106640000448C1F703FCBDE808400A20C1F772BC4A
:10665000882505089025050870B5C568154E296878
:1066600004461548C1F7F2FBE868C6F745FF024645
:106670000B461248C1F7EAFB2869C6F73DFF024600
:106680000B463046C1F7E2FB6869C6F735FF0246A4
:106690000B463046C1F7DAFBA069C6F72DFF02466C
:1066A0000B463046C1F7D2FBBDE870400A20C1F767
:1066B00041BC00BFC3250508B7250508BB25050853
:1066C00010B504460A20C1F735FCA1680B48C1F794
:1066D000BDFB21680A48C1F7B9FBA368012B07D1AC
:1066E000E068C6F709FF02460B460648C1F7AEFB55
:1066F000BDE810400A20C1F71DBC00BFCB2505082E
:10670000E5250508FF2505088360009BC360019B04
:1067100003610023C0E90933029B8361039BC361CA
:10672000049B80ED050AC0E9001203620220704755
:10673000036803EB81014368D1ED087A93ED020A07
:1067400093ED017AD3ED046A93ED066A20EE270AF1
:10675000D1ED047AA7EE270A93ED007AD1ED007A05
:10676000A7EE270A91ED147AD3ED057A67EE877AC2
:1067700091ED107AE6EE877AD3ED036A91ED0C7A0B
:10678000E6EE877A91ED207AD3ED076A77EE807A8C
:1067900093ED080A20EE070A91ED1C7AA6EE870A0F
:1067A000D1ED186AB0EE407AA6EE267A93ED0B0A88
:1067B000D1ED2C6A93ED0A6A20EE260AD1ED286A03
:1067C000A6EE260A93ED096AD1ED246AA6EE260A02
:1067D00030EE070A30EE270A704730B587B04B68B5
:1067E0000A680493CDE902320C2301920593044612
:1067F0000025294601A8FFF79BFFD4ED007A01355B
:1068000037EEC00A042DA4EC010AF2D107B030BD66
:10681000036803EB81014368D1ED187A93ED020A16
:1068200093ED017AD3ED046A93ED066A20EE270A10
:10683000D1ED0C7AA7EE270A93ED007AD1ED007A1C
:10684000A7EE270A91ED3C7AD3ED057A67EE877AB9
:1068500091ED307AE6EE877AD3ED036A91ED247AF2
:10686000E6EE877A91ED607AD3ED076A77EE807A6B
:1068700093ED080A20EE070A91ED547AA6EE870AF6
:10688000D1ED486AB0EE407AA6EE267A93ED0B0A77
:10689000D1ED846A93ED0A6A20EE260AD1ED786A7A
:1068A000A6EE260A93ED096AD1ED6C6AA6EE260AD9
:1068B00030EE070A30EE270A7047036803EB8101C8
:1068C000436891ED0C0AD3ED017AD3ED006A91EDA6
:1068D000007A67EE807A93ED030AE6EE877A91ED0F
:1068E000247AD3ED026A20EE070A91ED187AA6EE1B
:1068F000870A30EE270A704770B52DED028B8AB0FB
:106900009C69109DDB6908924FF4107606FB0544E4
:10691000C02606FB0533CDE90041CDE902410C213B
:10692000CDE90413CDE90623042309930546002489
:1069300021466846FFF76CFF214605A8B0EE408A65
:10694000FFF7BBFF013438EE000A0C2CA5EC010A5E
:10695000EED102200AB0BDEC028B70BD10B41C69F0
:106960001CB95DF8044BFFF7C7BF03205DF8044B6B
:1069700070474268036812681B6802EB8102D2ED1F
:10698000007A03EB8103F1EE677AC3ED007A70477A
:106990002DE9F04F0368D3F80080D8F80C408DB093
:1069A0000546002C63D1D3F804B04268D8F808300B
:1069B000926C0292013B03930DF11C09039BA342CD
:1069C00059DDAA6853681269CDF8209003EB0413CF
:1069D00002EB0412CDE9062306AA099200210DF16B
:1069E000170208A8CDE90A23FFF7C3FF012108A871
:1069F000FFF7BFFF022108A8FFF7BBFF08A803218C
:106A0000FFF7B7FF029B013B3026A342AB6804FBB4
:106A100006F658684FEA041706F1300A16D2DA680B
:106A20001B683344CDE9082338444A4608A9FFF7D8
:106A3000D4FEAB68D3E90002002300935B468119C2
:106A40003A445044FFF78AFF0134B7E79A681B685D
:106A50003344CDE9082338444A4608A9FFF7BDFE70
:106A6000AB68D3E90002002300934346E7E7032025
:106A70000DB0BDE8F08F0220FAE700004FF07E5223
:106A80000261134B134A03604261134B134A436084
:106A90008261134B83604FF07C520023C2616421FA
:106AA0000A22C0E90A23C0E908120E4A02634263BF
:106AB0000122C0E91123C0E90E33C3600364C3643B
:106AC0000223C0E91432002282651846704700BFD5
:106AD000BD378635002474490000C84200002041BB
:106AE000CDCCCC3F0AD7233C10B5846821608168A7
:106AF0004A60826853628368029A1A628368039AC2
:106B00009A628368049A9A608368059A1A61836816
:106B1000069A5A618368079ADA61022010BD10B59F
:106B20000468E16001680B6103685A610368029AB6
:106B30009A610368039ADA61022010BDC16000996E
:106B400081600199036041601A60064B03614FF058
:106B50007E53436143681B6983610123C364022040
:106B6000704700BFBD378635C0E90E23009B036424
:106B7000019BC161436402207047C0E9081283622F
:106B800002207047C26800231360C2685360C36864
:106B90006FF009029A60C2680023D360C268136173
:106BA000C26802205361704703680220196270476F
:106BB0000368022059627047036802209960704799
:106BC0002DE9F047036816461A6888B0D2F808A085
:106BD00019620D4600244FF030090DF10C0802AF88
:106BE00054453BDA09FB04530DF10702002104A8C8
:106BF000CDE90263CDE90623CDE90487F8F7B8F9BA
:106C0000012104A8F8F7B4F9022104A8F8F7B0F9B3
:106C1000032104A8F8F7ACF9042104A8F8F7A8F9AF
:106C2000052104A8F8F7A4F9062104A8F8F7A0F9AB
:106C3000072104A8F8F79CF9082104A8F8F798F9A7
:106C4000092104A8F8F794F90A2104A8F8F790F9A3
:106C50000B2104A8F8F78CF90134C1E7022008B031
:106C6000BDE8F08743681A6803681B6802EB81027D
:106C700003EB810312681A6070472DE9F043036843
:106C800016461A689768596289B00D460024013F7C
:106C90000DF10C090DF10808A7421BDD05EB0413EB
:106CA0000DF10702002104A8CDE90263CDE9062316
:106CB000CDE90498FFF7D6FF012104A8FFF7D2FF22
:106CC000022104A8FFF7CEFF032104A8FFF7CAFFA3
:106CD0000134E1E7022009B0BDE8F083036A03EB69
:106CE0008102436AD2ED007A03EB810393ED000A3F
:106CF000036803EB810377EEC07A93ED000A27EE79
:106D0000800A7047036C03EB8102436CD2ED007A7A
:106D100003EB810393ED000A036803EB810377EE35
:106D2000C07A93ED000A27EE800A704730B587B02D
:106D30004B680A680493CDE90232056801920C237E
:106D400005930024214601A8FFF762FD0134B1EE4E
:106D5000400A0C2CA5EC010AF4D107B030BD036841
:106D600003EB8101436891ED040AD3ED017AD3ED81
:106D7000006A91ED007A67EE807A93ED030AE6EE01
:106D8000877A91ED0C7AD3ED026A20EE070A91ED35
:106D9000087AA6EE870A30EE270A704710B5036816
:106DA00040681C6804EB8104FFF7D9FFB1EE400A8C
:106DB00084ED000A10BD2DE9F04303681B689D684F
:106DC0008DB00446002605F1FF394FF0300807AFBB
:106DD0002068B145036A34DD426908FB06F10A44C4
:106DE0000392C26807920B4403A839460893FFF741
:106DF0009DFF226893691169526A02EB0612CDE980
:106E00000712CDE9091204220B9202AA03EB061322
:106E1000CDE9032700210DF1070203A8CDE90523E1
:106E20000293FFF7BBFF012103A8FFF7B7FF022181
:106E300003A8FFF7B3FF032103A8FFF7AFFF013655
:106E4000C6E7A16808FB05F5CA69303D2A441D4420
:106E500063689B6C0392002BCCBF8B694B6903A8C2
:106E60003946CDE90735FFF761FF02200DB0BDE8D7
:106E7000F08310B503681A684368D868D3ED016AD7
:106E800000EB810418691B6894ED007A00EB810027
:106E9000D0ED007A02EB810203EB810137EE677AD5
:106EA000D1ED007AE6EEC77AC2ED007A10BD10B5DA
:106EB00003681A684368D868D3ED016A00EB81045F
:106EC00018691B6894ED007A00EB8100D0ED007A20
:106ED00002EB810203EB810137EE677AD1ED007A94
:106EE000E6EEC77AC2ED007A10BD10B50121044666
:106EF000FFF7DDFF20460221FFF7D9FF20460321DF
:106F0000FFF7D5FF20460421FFF7D1FF20460521DA
:106F1000FFF7CDFF20460621FFF7C9FF20460721D6
:106F2000FFF7C5FF20460821FFF7C1FF20460921D2
:106F3000FFF7BDFF20460A21FFF7B9FF0B212046CE
:106F4000FFF7B5FF10BD00B58BB00B680593CB689C
:106F500006930B6908934B690993009005AB049065
:106F6000002101A8CDE90232CDF804D0FFF79FFF40
:106F700001A8FFF7BAFF0BB05DF804FB2DE9F04361
:106F800003681B689D684368DB6B91B00446002B67
:106F900035D0002605F1FF390DF1080807AFB145DE
:106FA0002DDD2068A368E16B1A6AC3698069D4F893
:106FB00018C0CDF820C001EB061102EB061200EB61
:106FC000061003EB0613CDE90A1207900DF1070234
:106FD000002103A8CDE90238CDE905230497FFF786
:106FE00048FF012103A8FFF744FF022103A8FFF790
:106FF00040FF032103A8FFF73CFF0136CFE763689A
:107000009B6B53B300266F1EA068626C416AD4F874
:1070100018C0B7424FF0300310DD20687343406959
:10702000CDF828C01A4418440B920B4403AA07A9B0
:1070300007900C930136FFF786FFE5E75D43C069D3
:10704000CDF828C0303D2A4428440B920D4403AAB1
:1070500007A907900C95FFF776FF022011B0BDE855
:10706000F08300002DE9F04F97B099461368029322
:10707000536801934FEA830ACDE90501BAF5FA4F47
:107080009ABF0346073B00230893059B029E033BE0
:10709000DDE920B11193059B013B12934B010D9348
:1070A0000B010393019B1B011393DDE9012303EB08
:1070B0000215D3001493530015938B000793CB0054
:1070C00004930C234B4314270E935C460BEB0110E7
:1070D00000235743089A934251DB019A02FB03F4C1
:1070E000029A02EB8404019A02EB4207920001FB30
:1070F00003F00C92159A0BEB800C084492000BEBFA
:10710000800608440BEB80050B920844BA000BEB99
:1071100080000A92119A9342C0F2CF80019A01FB3B
:1071200003F402FB03F5029A0BEB84060C440BEB11
:10713000840402EB8505129A9342C0F21281019AEF
:1071400059430BEB810102FB03F5059A934280F250
:107150004281029A9FEDA17A02EB85060024069AED
:107160000134944200F32B81D9F80000F6EC016A57
:1071700000EB840050ED017AA6EEA77AEFE70AEB68
:10718000060206EB4A080A920AEB08020F9205EB88
:107190004A0E0AEB0502DFED917A0B920AEB0E0222
:1071A00010920C920F9A0992F0EE676AB0EE676A3D
:1071B000F0EE675AB0EE675AF0EE674AB0EE674AF3
:1071C000F0EE673A4FF0000C069A0CF1010C944572
:1071D0002EDCD9F80020B6EC013A02EB8C0212ED5D
:1071E000017A0A9AE3EE073AB2EC013AA3EE074AB3
:1071F0000A92099AB8EC013AE3EE074AB2EC013A76
:10720000A3EE075A09920B9AB5EC013AE3EE075A3E
:10721000B2EC013AA3EE076A0B920C9ABEEC013A6B
:10722000E3EE076AB2EC013AE3EE077A0C92CBE7A1
:1072300094ED007A079A0F9EA0EE237AA518049A7F
:1072400084ED007A95ED007AA0EE047A08333E448E
:1072500085ED007AA51895ED007A0E9AA0EE247AB5
:1072600085ED007AA51895ED007A079AA0EE057ACB
:1072700085ED007A90ED007AA0EE257A8518049AC3
:1072800080ED007A95ED007AA0EE067A85ED007A21
:10729000851895ED007A0E9AA0EE267A85ED007A93
:1072A000851895ED007A0D9AA0EE277A14441044C3
:1072B00085ED007A109D3D440CE70C9ADFED477A8E
:1072C0000994A21808920B9AA7180A9AF0EE676A16
:1072D00004EB0208B0EE676AF0EE675A4FF0000E5A
:1072E000069A0EF1010E96451ADCD9F8002002EB41
:1072F0008E0212ED017A099AB2EC015A0992089AAB
:10730000E5EE075AB2EC015AA5EE076A0892B7EC0F
:10731000015AE5EE076AB8EC015AE5EE077ADFE7B5
:107320009CED007A039AA0EE257A04338CED007A66
:1073300096ED007AA0EE067A944486ED007A95EDFB
:10734000007AA0EE267A164485ED007A90ED007A58
:10735000A0EE277A154480ED007A1044139A144465
:10736000D8E6DFED1E7A0AEB050CAE46F0EE676A52
:107370000027069A013797420EDCD9F80000BEECD0
:10738000016A00EB870010ED017AE6EE076ABCECBB
:10739000016AE6EE077AECE796ED007A049AA0EE31
:1073A000267A023386ED007A94ED007AA0EE277AF1
:1073B000164484ED007A1444149A1544BBE6D1EDCA
:1073C000007A079AE0EE077A0133C1ED007A1144A2
:1073D000019A1544B9E617B0BDE8F08F000000002F
:1073E000036990ED010A90ED007A03EB0111D1EDF4
:1073F000017AD1ED006A67EE807A91ED030AE6EE3C
:10740000877A90ED037AD1ED026A20EE070A90EDBB
:10741000027AA6EE870A30EE270A704710B5036895
:1074200040681C6804EB8104FFF7DAFF84ED000A72
:1074300010BD43681A6803681B6803EB81010A608A
:107440007047D0E90032106852681B6800EB810079
:1074500002EB8102D0ED007A92ED007A77EEC77AE6
:1074600003EB8103C3ED007A704710B50121044698
:10747000FFF7E7FF20460221FFF7E3FF2046032145
:10748000FFF7DFFF20460421FFF7DBFF2046052141
:10749000FFF7D7FF20460621FFF7D3FF204607213D
:1074A000FFF7CFFF20460821FFF7CBFF2046092139
:1074B000FFF7C7FF20460A21FFF7C3FF0B21204635
:1074C000FFF7BFFF10BD2DE9F04316469846D1E9FE
:1074D000032399B0CDE904230DF1370403AB24F065
:1074E0000F0407460D4606930DF110090DF10B032D
:1074F000002106A8CDE908340394CDF81C90FFF7CD
:10750000A0FF06A8FFF7B1FF98ED000AD5ED027ABB
:10751000069701230C21059301933368009320EE15
:10752000270A4B4606AA084607910494FFF79AFDDE
:1075300019B0BDE8F08310B503210446FFF779FFC9
:1075400020460421FFF775FF20460521FFF771FF54
:1075500020460621FFF76DFF20460721FFF769FF50
:1075600020460821FFF765FF20460921FFF761FF4C
:1075700020460A21FFF75DFF0B212046FFF759FF48
:1075800010BD2DE9F04300F110068DB00660002318
:10759000D1F81C9003930C460DF1070305460DF13D
:1075A000080803AF05A80021CDE907360296CDF8FB
:1075B00014800697FFF73DFF05A80121FFF739FF6B
:1075C000022105A8FFF735FF05A8FFF7B4FF4FF02C
:1075D0007E530293D4E90323A1680791CDE90823E0
:1075E000484643463A4605A90396FFF76CFF2846EE
:1075F0000DB0BDE8F08370B5031D0360A4B0044670
:10760000D1E90302CB6909930DF1470525F00F0578
:107610000B6A8E680A93CDE905024B6A0B9302A9A7
:1076200028460496FFF7ADFF0A9B2B6428460B9B68
:107630006B640021FFF766FB0121F0EE406AFFF763
:1076400061FB0221B0EE407AFFF75CFB032130EED4
:10765000077AFFF757FB0421F0EE405AFFF752FB81
:10766000052177EE266AB0EE407AFFF74BFB30EE4D
:10767000077A062177EE257A77EEA66AFFF742FBB6
:107680000721F0EE405AFFF73DFB0821B0EE407AAB
:10769000FFF738FB092130EE077AFFF733FB0A21A9
:1076A00037EE256AF0EE405AFFF72CFB0B21B0EEC7
:1076B000407AFFF727FB30EE077A204677EE257AEF
:1076C00077EE867A77EEA67AC4ED017A24B070BDA3
:1076D00030B505682B689B680446302180684B43B1
:1076E0000268A3F130012B6A0A440B446168896C7B
:1076F00000298FB0CCBF806940690C934FF07C515A
:10770000CDE90A02059101A803A9CDE90623FFF7F7
:1077100072FF019B93ED007AE368D3ED037A77EE75
:10772000877A0220C3ED037A0FB030BD10B5D0E9DF
:1077300000329468D0681B6804EB810400EB810080
:1077400090ED007AD4ED007A77EEC77A92ED007A68
:1077500067EE877A03EB8103C3ED007A10BDF0B5C5
:1077600095B08B680293CB6804930B6905930DF178
:10777000370401AB24F00F0406460D461746069366
:107780000DF1030202AB06A80021CDE908240793FE
:107790000194FFF7CBFF06A80121FFF7C7FF06A85A
:1077A0000221FFF7C3FF06A80321FFF7BFFFEA6925
:1077B000A26102ABC4E9042406A804220021CDE999
:1077C0000634E261CDE908760296FFF727FE06A8A7
:1077D0000121FFF723FE06A80221FFF71FFE032168
:1077E00006A8FFF71BFE15B0F0BDF0B59DB004462E
:1077F000011D02A8FFF7FFFED4E90F1205AB0493A9
:107800000DF14705D4E9133625F00F05CDE909122E
:10781000A76B646D0D930DF1070205F1100006A929
:1078200028600897FFF79BFF28460021C5E90864F8
:10783000FFF754FA0121B0EE407AFFF74FFA022128
:1078400030EE077AFFF74AFA0321F0EE406AFFF7BD
:1078500045FA30EE260A029B30EE070A8DED050A46
:1078600093ED000A049BD3ED007A30EE270A1DB099
:10787000F0BDF0B504468268266815685268F7685E
:10788000302000FB01F3306A99B01D441844736A3C
:1078900036690A9002EB0112CDE9045003EB0111A5
:1078A00068464FF07C5303930E93CDE90875CDE9FC
:1078B0000F21CDE913621591FFF797FFE368D3ED30
:1078C000037A37EE800A022083ED030A19B0F0BD77
:1078D0000C235943036803EB81014368D1ED027A1D
:1078E00093ED020A93ED017AD3ED046A93ED066AF3
:1078F00020EE270AD1ED017AA7EE270A93ED007A50
:10790000D1ED007AA7EE270A91ED057AD3ED057A3D
:1079100067EE877A91ED047AE6EE877AD3ED036A13
:1079200091ED037AE6EE877A91ED087AD3ED076A56
:1079300077EE807A93ED080A20EE070A91ED077A38
:10794000A6EE870AD1ED066AB0EE407AA6EE267A58
:1079500093ED0B0AD1ED0B6A93ED0A6A20EE260A2D
:10796000D1ED0A6AA6EE260A93ED096AD1ED096AFD
:10797000A6EE260A30EE070A30EE270A704730B529
:1079800087B04B680A680493CDE90232056801921A
:107990000C2305930024214601A8FFF799FF013429
:1079A000042CA5EC010AF6D107B030BD036842688B
:1079B0001B68126803EB810302EB8102D3ED007AAE
:1079C00092ED007A77EE877AC3ED007A704700B5C2
:1079D00089B003AB049302AB05930DF10703CDE926
:1079E0000630CDE9021004A80021FFF7DFFF04A84C
:1079F0000121FFF7DBFF04A80221FFF7D7FF0321D6
:107A000004A8FFF7D3FF09B05DF804FB10B50368C5
:107A100040681C6804EB8104FFF7A1F984ED000ABB
:107A200010BD00B58DB003684A6808680A92CDE9B8
:107A3000082004220B9202AA039207AA079004923C
:107A400003A80DF107020021CDE905230293FFF7FA
:107A5000DDFF03A80121FFF7D9FF03A80221FFF7EB
:107A6000D5FF032103A8FFF7D1FF0DB05DF804FB9C
:107A7000036803EB0111436891ED010AD3ED017A2C
:107A8000D3ED006A91ED007A67EE807A93ED030AF8
:107A9000E6EE877A91ED037AD3ED026A20EE070ACB
:107AA00091ED027AA6EE870A30EE270A704730B5CC
:107AB0002DED028B91B04A688B680493CDE90232B8
:107AC0000C2301920593CA680B690692CDE907322F
:107AD000CA69099304238C6905680B94CDE90E23C8
:107AE000CDE90C240A930024214601A8FEF790FE5C
:107AF000214606A8B0EE408AFFF7BAFF21460BA840
:107B000038EE408AFEF7D9FED5ED007A30EE080A4D
:107B1000013430EE270A0C2CA5EC010AE4D111B097
:107B2000BDEC028B30BD2DE9F04F0368D3F8008027
:107B3000D8F80C208BB00446002A40F08F80D8F88B
:107B40001020002A40F08A80D8F80860D3F804900A
:107B5000023E4FF0300A002EC0F284806368E26972
:107B6000996CA3680AFB06F5DB69009205F1300BFE
:107B700000295B444FEA06173CDDB1423ADCD9F8F4
:107B80001C2001A96846CDE90123FFF7F8FE236810
:107B9000E069D9693944FFF71AFFA368E26A1B69F3
:107BA0003B440093E36901A96846CDE90123FFF74F
:107BB00038FF23685969A368D86929442844F7F72E
:107BC00008FAA0682368C169226B0D440095C56856
:107BD000DB690069029259443B44CDE903150593E2
:107BE000636B074401A96846CDE90737013EFFF7FB
:107BF0005EFFB0E7D8F81C2001A96846CDE9012353
:107C0000FFF7BDFE2368E069D9693944FFF7DFFE5D
:107C1000A3681B693B440093D4E9073201A9684675
:107C2000CDE90123FFF7FDFE23685969A368D869F0
:107C300029442844F7F7CDF9A0682368C169626A2E
:107C40000D440095DB698568006902923B44594404
:107C50000593CDE90315A36A0744C3E703200BB0DE
:107C6000BDE8F08F0220FAE710B5026883689168DA
:107C700004461868F7F7ADF92046FFF754FF204691
:107C8000FEF786FE022010BDF8B51E464368174673
:107C900001229A630368996203689D6A4FF4107227
:107CA000044600212846C0F76BF8284605F51C73EA
:107CB0004FF07E5240F8342B9842FBD123681F636B
:107CC0002368DE620220F8BD43681A6C32B9DA6BB1
:107CD00022B9986B003818BF012070470120704707
:107CE00090ED020A90ED017AD0ED007A20EE000AC4
:107CF000A7EE070AA7EEA70A70474B680360436028
:107D0000836070471FB500230DF1070202A903939A
:107D1000FFF7F3FF05B05DF804FB2DE9F84F0025F0
:107D200004464FF024084FF0000BA94608FB05F667
:107D30004036002705EB450A20683044FFF7E2FF94
:107D4000236806F561701844FFF7DCFF23680AEB2F
:107D5000070202F5E97103EB810302F50771C3F82D
:107D600000B0236803EB810302F51A71C3F804B075
:107D7000236803EB810302F2B222C3F800B0236848
:107D8000013703EB8202032FC2F8049006F10C06C0
:107D9000D2D10135192DC9D10220BDE8F88F10B517
:107DA000D0E90034226894ED017A1B6802EB81026D
:107DB000D2ED006AC6EE877A03EB8103C3ED007A49
:107DC00010BD00B58BB00B6803938B68049302ABB6
:107DD000069303AB07930DF10703CDE9083002903A
:107DE000002106A8FFF7DBFF06A80121FFF7D7FF58
:107DF000022106A8FFF7D3FF0BB05DF804FB0000DB
:107E00002DE9F04F2DED068B85B018291746DDF8CA
:107E10005090159A064688469A46B0EE40AAF0EE73
:107E2000608A00F29380022F00F2908024250C23B8
:107E30004D4303FB075503689FED458A05F1400B51
:107E40009B4405F571754C002AB1BAF1000F02D0C0
:107E5000B9F1000F2BD15846FFF754FF3068284482
:107E6000FFF750FF04EB08013368CC1904F5E97201
:107E700003EB820383ED008A336804F5077203EB9A
:107E8000820383ED018A336804F51A7203EB8203DF
:107E900083ED008A336804F2B22403EB84040023E8
:107EA0006360022005B0BDEC068BBDE8F08F504644
:107EB000FFF716FF4846B0EE409AFFF711FF39EE84
:107EC000009ADFED247AF1EEC99AF4EEE79AF1EE2A
:107ED00010FAC0D469465846CDF800A0CDED029AFC
:107EE000FFF76FFF3068CDF8009069462844CDED6C
:107EF000029AFFF766FFCAEE297A04EB080332689C
:107F00003B4403F5E97302EB830304EB0801CC194E
:107F100004F50772F5EEC08AC3ED007A3368F1EE1E
:107F200010FA03EB8203D8BFF0EE488AC3ED018A52
:107F3000336804F51A7203EB820383ED008A32681A
:107F400002EB84040123C4F8CC3AAAE70320A9E792
:107F500000000000BD378635F0B52DED028B8BB0EB
:107F60009FED108A039307AF04460D46164605A9F8
:107F70000DF1130238468DED020A8DED068AFFF7EA
:107F8000BCFE129A9DED020A039BCDE90072F0EE51
:107F9000480A324629462046FFF732FF0BB0BDECB7
:107FA000028BF0BD0000000043681A6803681B687C
:107FB00003EB81010A60704710B503210446FFF707
:107FC000F3FF20460421FFF7EFFF20460521FFF7CE
:107FD000EBFF20460621FFF7E7FF20460721FFF7CA
:107FE000E3FF20460821FFF7DFFF20460921FFF7C6
:107FF000DBFF20460A21FFF7D7FF20460B21FFF7C2
:10800000D3FF20460C21FFF7CFFF20460D21FFF7BD
:10801000CBFF20460E21FFF7C7FF0F212046FFF7B9
:10802000C3FF10BD2DE9F0411E4643684FF0010823
:10803000C3F83C8003685963036888B05D6B0195A1
:108040000023029301AB049302AB0446059304A8FA
:108050000DF103030021CDE906351746FFF7A4FF14
:10806000414604A8FFF7A0FF022104A8FFF79CFFE8
:1080700004A8FFF7A1FF4FF07E5129606961A96252
:10808000E9632368DF63236802209E6308B0BDE8CC
:10809000F0810268436802EB810203EB810392EDF9
:1080A000000AD3ED007A30EE670AB0EEC00A7047DE
:1080B00010B591ED027A4468C96802680023B1EEF8
:1080C000477A9C4209DDF1EC016AD2ED007AE7EED5
:1080D000267A0133E2EC017AF3E710BD70B503684C
:1080E0001B689E68C36800220446DA600025013ED2
:1080F000AE4205DD29462046FFF7BBFB0135F7E719
:108100002046FFF7E5FA022070BD0000C368DFEDEE
:10811000166A93ED047AB4EEE67AF1EE10FA06DC14
:10812000D3ED057AF4EEE67AF1EE10FA07DD6FF0A2
:1081300006029A60C3680D4ADA60012070474268FF
:10814000D2ED0C6AB4EEE67AF1EE10FA09D592EDB2
:108150000D7AF4EEC77AF1EE10FA02D5012098609C
:1081600070470020704700BFCAF249710080FF4E7F
:10817000D0E90123D3ED007A92ED007A93ED010A64
:10818000D3ED026A37EE677AD2ED017A77EEC07AE4
:10819000B0EEC77AF0EEE77AB4EEE77AF1EE10FAD5
:1081A00058BFF0EE477A92ED027A92ED030A37EE6D
:1081B000667AD3ED036A30EE660AB0EEC77AB0EEA7
:1081C000C00AB4EEC07AF1EE10FA58BFB0EE470A1A
:1081D000B4EEE70AF1EE10FAD8BFB0EE670A7047C6
:1081E00007B5436800930021836801936846FFF751
:1081F00050FF0121B0EE407AFFF74BFF0221B0EEB5
:10820000406AFFF746FFB4EEC60AF1EE10FAF0EE50
:10821000406AD8BFF0EE466AF4EEC76AF1EE10FA93
:108220004FF00301D8BFF0EE476AFFF732FF042199
:10823000B0EE406AFFF72DFF0521F0EE405AFFF740
:1082400028FFB4EEE50AF1EE10FAB0EE407AD8BF9E
:10825000B0EE657AB4EEC67AF1EE10FAD8BFB0EEA1
:10826000467AB4EEE67AF1EE10FA4FF00601D8BF86
:10827000B0EE667AFFF70DFF0721B0EE406AFFF718
:1082800008FF0821F0EE405AFFF703FFB4EEE50ABD
:10829000F1EE10FAF0EE406AD8BFF0EE656AF4EE47
:1082A000C66AF1EE10FA4FF00901D8BFF0EE466A47
:1082B000FFF7EFFE0A21B0EE406AFFF7EAFE0B215E
:1082C000F0EE405AFFF7E5FEB4EEE50AF1EE10FAE3
:1082D000D8BFB0EE650AB4EEC60AF1EE10FAD8BF08
:1082E000B0EE460AB4EEE60AF1EE10FAD8BFB0EEF0
:1082F000660AB4EEC70AF1EE10FAD8BFB0EE470A2C
:1083000003B05DF804FB2DE9F0472DED028B036807
:108310001B68D3F80880C36800221A614368DB6BCE
:108320008AB0044623B3002508F1FF3AAA451FDDB1
:10833000A368E66B5F68D4F80C9007EB051706EBB3
:108340000516684699ED048ACDE90176FFF710FF1E
:10835000B4EEC08AF1EE10FA06DC05A8CDE9067687
:10836000FFF706FFB0EE408A89ED048A0135DDE7AC
:1083700063689B6B53B300253027454526DAE368D5
:10838000A26893ED048A1268636C07FB05F6334418
:1083900032446846CDE90123FFF722FFB4EEC08ADC
:1083A000F1EE10FA07DDE36893ED040AE3680135A6
:1083B00083ED040AE1E7A268636C1268334405A800
:1083C0001644CDE90663FFF70BFFEFE702200AB082
:1083D000BDEC028BBDE8F0872DE9F0472DED028B57
:1083E00003681B68D3F80880C36800225A61436899
:1083F000DB6B8AB004461BB3002508F1FF3AD4F8C2
:108400000C90AA4599ED058A1ADDE76BA66B07EB80
:10841000051706EB05166846CDE90176FFF7A8FEBD
:10842000B4EEC80AF1EE10FA06D405A8CDE9067636
:10843000FFF79EFEB0EE408A89ED058A0135DEE742
:1084400063689B6B43B300253027E368454593ED94
:10845000058A21DA236C626C07FB05F6334432444B
:108460006846CDE90123FFF7BBFEB4EEC80AF1EE82
:1084700010FA07D5E36893ED050AE368013583ED4B
:10848000050AE2E7236C626C3344324405A8CDE967
:108490000623FFF7A5FEF0E7E36894ED067AD3ED37
:1084A000057A67EE877A0220C3ED057A0AB0BDEC43
:1084B000028BBDE8F08710B5C368044619600AB1A5
:1084C000FFF70CFE2046FFF71EFF2046FFF784FF54
:1084D000022010BD0B6890ED020AD3ED027A90EDF8
:1084E000017A20EE270AD3ED017AA7EE270A90ED54
:1084F000007AD3ED007AA7EE270A7047D0E9003260
:10850000106852681B6800EB810002EB8102D0ED1D
:10851000007A92ED007A77EE877A03EB8103C3ED60
:10852000007A704713B5036840681C688268436826
:1085300002EB810203EB8103D3ED007A92ED007A26
:10854000B4EE677AF1EE10FA48BF1346D3ED007A25
:10855000C368CDED017A04EB810403EB810191ED59
:10856000007AB4EEE77AF1EE10FAD8BF01A90B68F1
:10857000236002B010BDD0E90032106852681B6859
:1085800000EB810002EB8102D0ED007A92ED007ADF
:1085900077EEC77A03EB8103C3ED007A7047D0E929
:1085A0000032106852681B6800EB810002EB810208
:1085B000D0ED007A92ED007A77EE877A03EB8103B3
:1085C000C3ED007A704713B5036840681C68826881
:1085D000436802EB810203EB8103D3ED007A92ED55
:1085E000007AB4EE677AF1EE10FA48BF1346D3ED85
:1085F000007AC368CDED017A04EB810403EB8101BD
:1086000091ED007AB4EEE77AF1EE10FAD8BF01A945
:108610000B68236002B010BD00B58BB04B680393AC
:108620008B6804930B69059301AB069302AB079328
:108630000DF10303CDE908300190002106A8FFF7F2
:10864000C2FF06A80121FFF7BEFF06A80221FFF71F
:10865000BAFF06A80321FFF7B6FF06A80421FFF71B
:10866000B2FF06A80521FFF7AEFF06A80621FFF717
:10867000AAFF06A80721FFF7A6FF06A80821FFF713
:10868000A2FF06A80921FFF79EFF06A80A21FFF70F
:108690009AFF0B2106A8FFF796FF0BB05DF804FBCD
:1086A000D0E90032106852681B6800EB810002EBD1
:1086B0008102D0ED007A92ED007A77EEC77A03EB73
:1086C0008103C3ED007A704710B502210446FFF71D
:1086D00066FF20460321FFF762FF20460421FFF7D3
:1086E0005EFF20460521FFF75AFF20460621FFF7CF
:1086F00056FF20460721FFF752FF20460821FFF7CB
:108700004EFF20460921FFF74AFF20460A21FFF7C6
:1087100046FF0B212046FFF742FF10BD2DE9F04F29
:108720002DED048B03681B6899B09B680293436826
:10873000DB6B0446002B69D0029B002503F1FF3858
:1087400007AF0AAEA84561DDA2685368126A03EB61
:10875000051302EB0512CDE90A23002104AB11A891
:10876000CDE913320792CDE91176FFF7C7FE01215B
:1087700011A8FFF7C3FE022111A8FFF7BFFE0321D6
:1087800011A8FFF7BBFEA3681A6A2368D3E90E019C
:108790004FEA0519E36B0D914A444B44CDE90B2098
:1087A000002104AA11A8CDE913230793CDE911767E
:1087B000FFF7B8FE012111A8FFF7B4FE022111A8AE
:1087C000FFF7B0FE032111A8FFF7ACFEE36B03EB4C
:1087D0000902A3681B6A4B44CDE90A32002104AAAE
:1087E00011A8CDE913230793CDE91176FFF7C3FE56
:1087F000012111A8FFF7BFFE022111A8FFF7BBFE60
:10880000032111A8FFF7B7FE01359BE763689B6B57
:10881000002B00F02E81DFED9A8A0025029B9D42FD
:1088200080F22781A168302303FB05F60B689A19B3
:108830004B6A3344CDE90A320AAA1292002104AAF3
:1088400011A80DF11C08CDE913230793CDF844803E
:10885000FFF7A5FE012111A8FFF7A1FE11A8FFF760
:1088600033FF0022134605EB450143B923688818FE
:1088700003EB8003D3F8CC3A003B18BF012301324D
:10888000032AF2D1A268606C516A30443144002B53
:1088900000F0E080F6F79DFB24236B434033019307
:1088A00005EB45034FF0000B03930DF1100A039AFB
:1088B000236802EB0B0703EB8707D7F8CC2A002AC3
:1088C00048D1019B0BF1010B0C33BBF1030F01935A
:1088D000EDD1636C9A19A3685B6ACDF844801E449D
:1088E0000AAB1293002104AB11A8CDE90A62CDE9CD
:1088F00013360796FFF7D4FE012111A8FFF7D0FE2B
:10890000022111A8FFF7CCFE032111A8FFF7C8FE32
:10891000042111A8FFF7C4FE052111A8FFF7C0FE2E
:10892000062111A8FFF7BCFE072111A8FFF7B8FE2A
:10893000082111A8FFF7B4FE092111A8FFF7B0FE26
:108940000A2111A8FFF7ACFE0B2111A8FFF7A8FE22
:10895000013563E7626C02EB0609019A134493E860
:1089600007008AE8070003F5617393E8070088E8C9
:10897000070007F5E96393ED009ACDF828900023EE
:1089800003220E930AA90C2350460B921093CDF8A4
:108990003490FFF79FFD09F1180103220C23119178
:1089A000129211A906224046B0EE408A1793CDF8E4
:1089B00050901592FFF78EFD30EE080A07F674030B
:1089C00030EE490AD3ED007AB5EEC00AF1EE10FAA6
:1089D000F5EEC07AD8BFB0EE680AF1EE10FAC5BF66
:1089E000B7EE007A77EE877AB0EE687A80EE277A73
:1089F00007F51A6730EE470A87ED007AB5EEC00A30
:108A0000F1EE10FA7FF75DAF636C8DED0C0A334425
:108A100011934FF0030914930C2700230AA911A8FE
:108A20001593CDF848901797CDF834A0FFF740FB89
:108A3000636C1797334403F1180214930AA90623B1
:108A4000CDE9112915938DED0C0ACDF83480FFF78F
:108A50002FFB36E72368DA6A42B11B6B33B1CDE9ED
:108A6000121211A91593FFF7D7FD32E7F6F7B1FA05
:108A70002FE7022019B0BDEC048BBDE8F08F00BFDA
:108A8000000000002DE9F04F044695B0FEF77AF89B
:108A90002046FFF719F930B92046FFF7E5F8022024
:108AA00015B0BDE8F08F6B4B06936B4B079301231A
:108AB0008DF82030694B099323681A6812680B926D
:108AC0001A6852680C921B689F686368D3F84480E8
:108AD000B8F1000F01D0FDF7AFFD012507F1FF3917
:108AE0000DF1140A63681A6AAA42C0F29A80DB6B1D
:108AF00023B300260DF1100BB1451FDDA36BE26B14
:108B000003EB061302EB0612CDE9042300210DF15D
:108B10000F020DA8CDE90F23CDE90DABFEF7A2F8AA
:108B200001210DA8FEF79EF802210DA8FEF79AF884
:108B300003210DA8FEF796F80136DDE763689B6B0D
:108B400073B100264FF0300BBE4209DAD4E91001B0
:108B50000BFB06F319441844F6F73BFA0136F3E72A
:108B60002046FFF781F82046FFF7D8FD2046FEF7A4
:108B700005FA6368DA6A002A29DD012D27DD95FBF5
:108B8000F2F302FB135313BBD4E9020206AB0093CA
:108B9000D2ED050A92ED040A94ED061AE26BD0E9D3
:108BA00000010DAB00F076F89DED0F0AD4ED060A3A
:108BB0009DED097A70EE607AF0EEE77AB4EEE77A2E
:108BC000F1EE10FA03D584ED060A00F049F8626868
:108BD000136DFBB195FBF3F603FB1656B6FA86F65A
:108BE0007609526C82B395FBF3F203FB12530BB17F
:108BF000012D29D14FF0010B424629462046FFF7AF
:108C00005AFCBBF1000F02D02046FDF725FD1EB92E
:108C1000013567E71E46E4E72046FFF777FA0028AC
:108C2000F6D0E3689A680A3204BF6FF001029A60D6
:108C3000E368013D1D6063685B6C002B3FF42FAF60
:108C4000E068FDF73DFD2AE7002EE1D04FF0000B74
:108C5000D2E700BFCDCCCC3D0000FA436F12833A7F
:108C60007047D0E90031B3EC010A0122B0EEC00A2E
:108C700091420DDDF3EC017AF0EEE77AB4EEE70A0B
:108C8000F1EE10FA02F1010248BFB0EE670AEFE719
:108C90007047000070B52DED048B84B01C460C9D10
:108CA0006B69CDE9000368461646B0EE608AB0EE07
:108CB000419AF0EE408AFFF7D4FF6846F0EE409A02
:108CC0000096FFF7CEFFF4EEC09A9FED207A2B7A44
:108CD000F0EE407AF1EE10FA58BFF0EE697A77EED6
:108CE000876A38EE077A88EEA66AC6EE076AB1EEA2
:108CF000E67A29EE077A8DED007AABB1D5ED006A00
:108D0000B4EEE67AF1EE10FA48BFB0EE667AD5ED31
:108D1000016AF4EEC76A4CBF2B466B46F1EE10FABF
:108D200048BF2B1D1B680093009BA3604FF07E5330
:108D300084ED019AC4ED038A84ED048AC4ED057ABA
:108D4000A36104B0BDEC048B70BD00BFFFE6DB2E59
:108D500008B5F0EEE07A2DED028BB0EEC08A38EE69
:108D6000278AB5EE408AF1EE10FA0BD0C0EE087AF1
:108D700080EE880A20EE000AA7EEA70ABBF7E2FE03
:108D800028EE008AB0EE480ABDEC028B08BD000058
:108D900000000000000000000000000000000000D3
:108DA00000000000000000000000000000000000C3
:108DB00000000000000000000000000000000000B3
:108DC00000000000000000000000000000000000A3
:108DD0000000000000000000000000000000000093
:108DE0000000000000000000000000000000000083
:108DF0000000000000000000000000000000000073
:108E00000000000000000000050000000A00000053
:108E1000140000002800000050000000A000000026
:108E2000400100008002000000050000000A000070
:108E300000140000002800000050000000A0000006
:108E400000400100008002000000050000000A0050
:108E50000000000000000000000000000000000012
:108E60000000000000000000000000000000000002
:108E700000000000000000000000000000000000F2
:108E800000000000000000000000000000000000E2
:108E900000000000000000000000000000000D4283
:108EA0004C48656C69F47D000000803F00000000C4
:108EB000000000000000000000000000000080BF73
:108EC000000000000000803F0000000000000000E3
:108ED0000000000000000000000000000000000092
:108EE0006937AC3168212233B40F14336821A233BF
:108EF0003863ED3EDA0F493F5E987B3FDA0FC93F9A
:108F00000000004B000000CBDB0F49BFE4CB164054
:108F1000E4CB16C000000080DB0F4940DB0F49C0E6
:108F20008071313F807131BFD1F71737D1F717B753
:108F30000000003F000000BF0000000000000080B3
:108F4000000FC93F000F494000CB9640000FC940B9
:108F50000053FB4000CB164100ED2F41000F49416B
:108F60000031624100537B41003A8A4100CB964177
:108F7000005CA34100EDAF41007EBC41000FC94140
:108F800000A0D5410031E24100C2EE410053FB4157
:108F900000F20342003A0A420083104200CB16421C
:108FA00000141D42005C234200A5294200ED2F421F
:108FB00000363642007E3C4200C74242000F494222
:108FC000A2000000F9000000830000006E00000015
:108FD0004E000000440000001500000029000000C1
:108FE000FC0000002700000057000000D100000036
:108FF000F500000034000000DD000000C0000000AB
:10900000DB000000620000009500000099000000F5
:109010003C00000043000000900000004100000000
:10902000FE0000005100000063000000AB000000E3
:10903000DE000000BB000000C50000006100000071
:10904000B7000000240000006E0000003A0000009D
:10905000420000004D000000D2000000E0000000CF
:1090600006000000490000002E000000EA00000099
:1090700009000000D1000000920000001C00000068
:10908000FE0000001D000000EB0000001C000000BE
:10909000B100000029000000A70000003E00000011
:1090A000E80000008200000035000000F50000002C
:1090B0002E000000BB0000004400000084000000FF
:1090C000E90000009C000000700000002600000085
:1090D000B40000005F0000007E00000041000000BE
:1090E0003900000091000000D600000039000000A7
:1090F000830000005300000039000000F40000006D
:109100009C000000840000005F0000008B00000055
:10911000BD000000F9000000280000003B00000036
:109120001F000000F800000097000000FF00000092
:10913000DE00000005000000980000000F000000A5
:10914000EF0000002F000000110000008B00000065
:109150005A0000000A0000006D0000001F0000001F
:109160006D000000360000007E000000CF0000000F
:1091700027000000CB00000009000000B70000003D
:109180004F000000460000003F00000066000000A5
:109190009E0000005F000000EA0000002D000000BB
:1091A0007500000027000000BA000000C7000000A2
:1091B000EB000000E5000000F10000007B00000073
:1091C0003D0000000700000039000000F70000002B
:1091D0008A0000005200000092000000EA00000037
:1091E0006B000000FB0000005F000000B100000009
:1091F0001F0000008D0000005D000000080000005E
:10920000560000000300000030000000460000008F
:10921000FC0000007B0000006B000000AB000000C1
:10922000F0000000CF000000BC00000020000000A3
:109230009A000000F4000000360000001D0000004D
:10924000A9000000E30000009100000061000000A0
:109250005E000000E60000001B00000008000000A7
:109260006500000099000000850000005F0000001C
:1092700014000000A0000000680000004000000092
:109280008D000000FF000000D800000080000000FA
:109290004D000000730000002700000031000000B6
:1092A0000600000006000000150000005600000047
:1092B000CA00000073000000A8000000C900000000
:1092C00060000000E20000007B000000C000000021
:1092D0008C0000006B00000004000000070000008C
:1092E000090000000000C93F0000F0390000DA3733
:1092F0000000A2330000842E0000502B0000C22783
:109300000000D0220000C41F0000C61B000044174C
:109310000000004B000000CB002020202020202057
:109320002020282828282820202020202020202015
:109330002020202020202020208810101010101025
:109340001010101010101010100404040404040471
:10935000040404101010101010104141414141410B
:1093600001010101010101010101010101010101ED
:1093700001010101101010101010424242424242FD
:1093800002020202020202020202020202020202BD
:109390000202020210101010200000000000000065
:1093A00000000000000000000000000000000000BD
:1093B00000000000000000000000000000000000AD
:1093C000000000000000000000000000000000009D
:1093D000000000000000000000000000000000008D
:1093E000000000000000000000000000000000007D
:1093F000000000000000000000000000000000006D
:10940000000000000000000000000000000000005C
:10941000000000000000000000000000100000201C
:10942000202020202020202020202020202020203C
:10943000303030303030303030303030303030302C
:1094400005000000190000007D0000000000000081
:10945000000000000000F03F000000000000244079
:1094600000000000000059400000000000408F4054
:10947000000000000088C34000000000006AF840BF
:109480000000000080842E4100000000D0126341E3
:109490000000000084D797410000000065CDCD4159
:1094A000000000205FA00242000000E8764837423A
:1094B000000000A2941A6D42000040E59C30A242D8
:1094C0000000901EC4BCD64200003426F56B0C434D
:1094D0000080E03779C3414300A0D88557347643F4
:1094E00000C84E676DC1AB43003D9160E458E14355
:1094F000408CB5781DAF154450EFE2D6E41A4B44CA
:1095000092D54D06CFF08044F64AE1C7022DB5440E
:10951000B49DD9794378EA44BC89D897B2D29C3CAF
:1095200033A7A8D523F649393DA7F444FD0FA5324A
:109530009D978CCF08BA5B25436FAC642806C80A98
:109540000080E03779C34143176E05B5B5B893463F
:10955000F5F93FE9034F384D321D30F94877825A0B
:109560003CBF737FDD4F1575202020202020202058
:10957000202020202020202030303030303030306B
:109580003030303030303030040607000100000049
:1095900004000000000802400008FF000400000072
:1095A000000802400004FF00020000000004024026
:1095B0008000FF0002000000000402404000FF00A5
:1095C00002000000000402400001FF000200000051
:1095D000000402402000FF000200000000040240DE
:1095E0001000FF0004000000000802400010FF000F
:1095F0000100000000000240040002000100000021
:1096000000000240080003000100000000000240CA
:10961000200005000100000000000240400006009C
:109620000100000000000240800007002F686F6DFD
:10963000652F636368656E2F74696E796D70632D35
:109640006372617A79666C69652F6372617A796693
:109650006C69652D6669726D776172652F737263CF
:109660002F6465636B2F6170692F6465636B5F7333
:1096700070692E63004445434B5F4241434B454E66
:10968000445F4F573A204D656D6F72792065727255
:109690006F723A2077726F6E6720686561646572D9
:1096A0002049440A004445434B5F4241434B454EE9
:1096B000445F4F573A204D656D6F72792065727225
:1096C0006F723A20696E636F7272656374206865A9
:1096D00061646572204352430A004445434B5F4234
:1096E00041434B454E445F4F573A204D656D6F7275
:1096F00079206572726F723A20696E636F7272655B
:10970000637420544C562076657273696F6E0A003C
:109710004445434B5F4241434B454E445F4F573AAC
:10972000204D656D6F7279206572726F723A206993
:109730006E636F727265637420544C5620435243BB
:10974000202578213D25780A006F6E65776972655E
:10975000006465636B6374726C0062634578705477
:109760006573740062634578705465737443664230
:109770006C00626345787054657374525200626382
:10978000426F6C7454657374006368616E6E656CCF
:1097900000706F77657200636F6E74776176650035
:1097A00073746F705F726164696F74657374006263
:1097B00063526164696F54657374006274536E73AD
:1097C000006932634F6B0073746F705F616374691B
:1097D00076654D61726B6572006263416374697690
:1097E000654D61726B65720073746F705F64656361
:1097F0006B0066726F6E74006261636B006C65660D
:109800007400726967687400706F6C6C0062634109
:1098100063746976654D006163746976654D617244
:109820006B65724D6F64654368616E676564006265
:109830006342757A7A6572006263466C6F77006284
:1098400063466C6F77320064697361626C650061B6
:109850006461707469766500666C6F7753746446F2
:10986000697865640073746F705F6D6F74696F6E93
:109870000064656C7461580064656C7461590073B0
:10988000687574746572006D6178526177006D69F6
:109890006E5261770052617773756D006F75746CED
:1098A000696572436F756E7400737175616C0073D6
:1098B00074640062634C656452696E67006869672E
:1098C000686C696768740073746F705F7379737420
:1098D000656D006E65666665637400736F6C6964C0
:1098E00052656400736F6C6964477265656E0073DE
:1098F0006F6C6964426C756500686561646C69676A
:109900006874456E61626C6500656D70747943685A
:10991000617267650066756C6C43686172676500AB
:1099200066616465436F6C6F72006661646554695B
:109930006D650073746F705F72696E670062634C6F
:1099400069676874686F757365340073746F705FEE
:109950006C6F636F00737069577200737069526542
:109960000073746F705F72616E67696E6700626327
:1099700044574D313030300062634C6F636F005498
:1099800057520054446F41320054446F41330073C6
:1099900074646465760073746F705F74646F6132B1
:1099A0000064372D300064302D310064312D3200D9
:1099B00064322D330064332D340064342D3500645B
:1099C000352D360064362D37006363300063633114
:1099D00000636332006363330063633400636335A1
:1099E00000636336006363370064697374372D3036
:1099F0000064697374302D310064697374312D32E1
:109A00000064697374322D330064697374332D34C8
:109A10000064697374342D350064697374352D36B0
:109A20000064697374362D370073746F705F7464EB
:109A30006F61330064697374616E636530006469DB
:109A40007374616E6365310064697374616E63651C
:109A5000320064697374616E6365330064697374A2
:109A6000616E6365340064697374616E63653500AB
:109A700064697374616E6365360064697374616EE2
:109A8000636537007072657373757265300070724C
:109A90006573737572653100707265737375726585
:109AA000320070726573737572653300707265731E
:109AB0007375726534007072657373757265350005
:109AC0007072657373757265360070726573737545
:109AD0007265370072616E67696E6753756363659F
:109AE000737352617465300072616E67696E67509E
:109AF0006572536563300072616E67696E67537596
:109B0000636365737352617465310072616E676976
:109B10006E67506572536563310072616E67696E7E
:109B20006753756363657373526174653200726164
:109B30006E67696E67506572536563320072616E5D
:109B400067696E67537563636573735261746533D8
:109B50000072616E67696E675065725365633300AA
:109B600072616E67696E6753756363657373526183
:109B70007465340072616E67696E67506572536513
:109B800063340072616E67696E67537563636573F2
:109B90007352617465350072616E67696E675065F6
:109BA00072536563350072616E67696E67537563E2
:109BB0006365737352617465360072616E67696EB6
:109BC00067506572536563360072616E67696E67D0
:109BD0005375636365737352617465370072616EA8
:109BE00067696E67506572536563370073746F7091
:109BF0005F7477720066696C7465724D61736B0097
:109C000073746F705F6D756C746972616E67657285
:109C10000062634D756C746972616E676572007382
:109C2000746F705F6F610062634F410073706957BA
:109C3000724270730073706952654270730066619E
:109C40007457724270730073746F705F7573640041
:109C500063616E4C6F67006C6F6767696E67006267
:109C6000635553440062635A52616E6765720062C5
:109C7000635A52616E67657232006D31006D320059
:109C80006D33006D340073746F705F72706D0062BD
:109C90006352706D006269746D61736B0073746FF1
:109CA000705F6C65640073746F705F6D6F746F725A
:109CB00000656E61626C650073746F705F6D6F74C8
:109CC0006F72506F776572536574006C6F77566F63
:109CD0006C7461676500637269746963616C4C6F71
:109CE00077566F6C746167650073746F705F706D29
:109CF000007662617400766261744D560065787416
:109D00005662617400657874566261744D560065E0
:109D10007874437572720063686172676543757227
:109D200072656E7400626174746572794C657665F3
:109D30006C0072737369006973436F6E6E65637450
:109D40006564006E756D52784263006E756D527871
:109D500055630073746F705F726164696F00424D88
:109D60005033585800696D7550686900696D7554B5
:109D70006865746100696D755073690073746F7004
:109D80005F696D755F73656E736F72730079526191
:109D900077007A526177007856617269616E636507
:109DA000007956617269616E6365007A5661726905
:109DB000616E63650073746F705F6779726F004DD9
:109DC00050553635303000414B38393633004C5021
:109DD000533235480073746F705F696D755F7465D9
:109DE0007374730073746F72616765537461747315
:109DF0000073746F726167655265666F726D61742E
:109E00000070726F62650073746F705F7379736C4A
:109E1000696E6B0072657365740073746F705F7543
:109E200073656300656C6C6970736F696458006575
:109E30006C6C6970736F69645900656C6C697073E0
:109E40006F69645A0062626F784D696E5800626291
:109E50006F784D696E590062626F784D696E5A0075
:109E600062626F784D6178580062626F784D6178F8
:109E7000590062626F784D61785A00686F72697A32
:109E80006F6E006D61785370656564007369646519
:109E9000737465705468727368006D61785065659D
:109EA000724C6F6341676500766F72546F6C007619
:109EB0006F7249746572730073746F705F636F6C57
:109EC0004176006C6174656E637900656E48696700
:109ED000684C6576656C0073746F705F636F6D6D51
:109EE000616E6465720072617465526F6C6C0072B1
:109EF000617465506974636800616E67506974636A
:109F00006800616E67526F6C6C00726174655961B4
:109F1000770073746F705F6370706D0076746F6636
:109F20006600766C616E640067726F75706D617348
:109F30006B0073746F705F686C436F6D6D616E64FE
:109F4000657200616C74686F6C6400706F73686F29
:109F50006C6400706F73536574007961774D6F6442
:109F60006500737461624D6F6465526F6C6C007351
:109F70007461624D6F6465506974636800737461E5
:109F8000624D6F64655961770073746F705F666CC2
:109F9000696768746D6F646500656E52616E6765B0
:109FA00053747265616D4650333200656E4C684182
:109FB0006E676C6553747265616D006D617854698C
:109FC0006D654C684D74636853746D006D696E42C5
:109FD000734C684D74636853746D00657874506F8A
:109FE0007353746444657600657874517561745375
:109FF00074644465760073746F705F6C6F63537242
:10A0000076007469636B0073746F705F6C6F635379
:10A0100072765A00717800717900717A0071770058
:10A0200073746F705F6578745F706F7300727852CD
:10A03000617465007478526174650073746F705F49
:10A0400063727470006563686F44656C6179007356
:10A05000746F705F6372747073727600726F6C6C81
:10A060005261746500706974636852617465007947
:10A07000617752617465007A56656C00416C744872
:10A080006F6C640041726D0073746F705F657874FB
:10A09000727800636830006368310063683200637F
:10A0A00068330063683400636835006368360063B2
:10A0B00068370073746F705F65787472785F72616F
:10A0C00077006D6F746F72566172584D31006D6F0D
:10A0D000746F72566172594D31006D6F746F7256A4
:10A0E0006172584D32006D6F746F72566172594DC6
:10A0F00032006D6F746F72566172584D33006D6F20
:10A10000746F72566172594D33006D6F746F725671
:10A110006172584D34006D6F746F72566172594D93
:10A1200034006D6F746F7250617373006261747488
:10A130006572795361670062617474657279506108
:10A140007373006D6F746F7254657374436F756EC3
:10A15000740073746F705F6865616C746800737409
:10A1600061727450726F70546573740073746172AD
:10A1700074426174546573740070726F70546573C7
:10A18000745468726573686F6C640070726F705499
:10A1900065737450574D526174696F0062617454F5
:10A1A00065737450574D526174696F006D617850DA
:10A1B0006F73006D617856656C0073746F705F6BC0
:10A1C000616C6D616E00657272436E7457007374DA
:10A1D0006F705F6D656D547374007265736574574D
:10A1E0000069646C655468727573740073746F7081
:10A1F0005F706F77657244697374007A72616E671D
:10A20000650073746F705F72616E67650062617381
:10A21000655A6163630073746F705F73656E736614
:10A220007573696F6E36006772617669747958006C
:10A2300067726176697479590067726176697479B9
:10A240005A006163635A62617365006973496E699C
:10A250007400697343616C6962726174656400665D
:10A260007265710073746F705F736F756E64006DEB
:10A2700031726571006D32726571006D3372657196
:10A28000006D3472657100767800767900767A0018
:10A29000717561740073746F705F73746174654578
:10A2A0007374696D6174655A0073746F705F737451
:10A2B000617465457374696D617465006374725F80
:10A2C0007961770073746F705F636F6E74726F6C17
:10A2D0006C65720073746F705F6D61670061736CA1
:10A2E0000074656D700070726573737572650073CC
:10A2F000746F705F6261726F0073746F705F61631F
:10A30000630072745374616200696E74546F4F75A8
:10A31000740073746F705F73746162696C697A65DD
:10A32000720073746F705F6374726C7461726765CE
:10A33000745A0073746F705F6374726C74617267C7
:10A34000657400696E66646D7000707265666C7429
:10A3500054696D656F7574006C616E6465645469F1
:10A360006D656F757400746D626C4368636B456EE8
:10A370000073746F705F73757065727669736F7256
:10A3800000696E666F0073746F700063616E666C57
:10A3900079006973466C79696E6700697354756DED
:10A3A000626C65640073746F705F737973006172BF
:10A3B0006D656400636F6D6D616E64657257647482
:10A3C0005761726E696E6700636F6D6D616E646573
:10A3D0007257647454696D656F757400656D65724C
:10A3E00067656E637953746F70006973437261734C
:10A3F00068656400707265666C6967687454696D3D
:10A40000656F7574006C616E64696E6754696D6523
:10A410006F7574004E6F7420696E697469616C6940
:10A420007A6564005072652D666C69676874206394
:10A430006865636B73206E6F7420706173736564FD
:10A44000005072652D666C69676874206368656387
:10A450006B73207061737365640052656164792069
:10A46000746F20666C79004C616E6465640057619E
:10A47000726E696E672C206C6576656C206F7574E2
:10A4800000457863657074696F6E2C20667265652F
:10A490002066616C6C004C6F636B65640074617363
:10A4A0006B44756D7000746573744C6F67506172A6
:10A4B000616D0073656C6674657374506173736568
:10A4C0006400617373657274496E666F00646F41F6
:10A4D000737365727400666C6173680073746F7077
:10A4E0005F637075006C6F674964006C6F674F74D1
:10A4F00068724964006D61746368416C676F0073D2
:10A50000746F705F74646F61456E67696E65007328
:10A5100074527800737445737400737454696D6574
:10A52000007374466F756E640073744363007374D4
:10A530004869740073744D69737300746F660074B6
:10A54000646F6100707265644E5800707265644E8D
:10A5500059006D6561734E58006D6561734E590009
:10A5600073746F705F6B616C6D616E5F7072656448
:10A57000006D6574686F6400627343616C69625258
:10A58000657365740073797374656D5479706500D3
:10A590006273417661696C61626C650073746F709F
:10A5A0005F6C69676874686F7573650076616C6964
:10A5B00064416E676C657300726177416E676C65AC
:10A5C000307800726177416E676C65307900726136
:10A5D00077416E676C65317800726177416E676CA8
:10A5E00065317900616E676C65307800616E676C0B
:10A5F00065307900616E676C65317800616E676CFB
:10A6000065317900616E676C6530785F3100616E2D
:10A61000676C6530795F3100616E676C6531785FBA
:10A620003100616E676C6531795F3100616E676C16
:10A630006530785F3200616E676C6530795F32003B
:10A64000616E676C6531785F3200616E676C653191
:10A65000795F3200616E676C6530785F3300616EE0
:10A66000676C6530795F3300616E676C6531785F68
:10A670003300616E676C6531795F330072617741D9
:10A680006E676C6530786C683200726177416E6716
:10A690006C6530796C683200726177416E676C6509
:10A6A00031786C683200726177416E676C65317920
:10A6B0006C683200616E676C6530785F306C683250
:10A6C00000616E676C6530795F306C683200616E76
:10A6D000676C6531785F306C683200616E676C65FD
:10A6E00031795F306C683200776964746830007764
:10A6F00069647468310077696474683200776964EA
:10A7000074683300636F6D53796E630062735265D2
:10A71000636569766500627341637469766500629A
:10A720007343616C556400627343616C436F6E00E8
:10A730007374617475730073776565705374640026
:10A7400073776565705374643200706F7352740070
:10A75000657374427330527400657374427331527E
:10A76000740064656C746100627347656F56616C58
:10A7700000627343616C56616C00656E4C68526197
:10A780007753747265616D0064697350726F620013
:10A790006C68326D61785261746500726F6C6C5FC9
:10A7A0006B7000726F6C6C5F6B6900726F6C6C5FCA
:10A7B0006B6400726F6C6C5F6B66660070697463CB
:10A7C000685F6B700070697463685F6B69007069C3
:10A7D0007463685F6B640070697463685F6B66665E
:10A7E000007961775F6B70007961775F6B690079E1
:10A7F00061775F6B64007961775F6B666600726199
:10A80000746546696C74456E006F6D7846696C744A
:10A81000437574006F6D7946696C74437574006F8D
:10A820006D7A46696C744375740073746F705F70F1
:10A8300069645F72617465007961774D6178446520
:10A840006C74610061747446696C74456E00617467
:10A850007446696C744375740073746F705F7069CB
:10A86000645F617474697475646500726F6C6C5FA9
:10A870006F75745000726F6C6C5F6F757449007205
:10A880006F6C6C5F6F75744400726F6C6C5F6F758A
:10A890007446460070697463685F6F757450007029
:10A8A000697463685F6F7574490070697463685F89
:10A8B0006F7574440070697463685F6F75744646A1
:10A8C000007961775F6F757450007961775F6F759C
:10A8D0007449007961775F6F757444007961775FBF
:10A8E0006F7574464600636D645F74687275737447
:10A8F00000636D645F726F6C6C00636D645F7069A0
:10A9000074636800636D645F79617700725F726F72
:10A910006C6C00725F706974636800755F6163746A
:10A920005F64796E5F7000755F6163745F64796EF8
:10A930005F7100755F6163745F64796E5F7200645C
:10A94000755F700064755F710064755F7200616EA1
:10A95000675F616363656C5F7265665F7000616EFF
:10A96000675F616363656C5F7265665F7100616EEE
:10A97000675F616363656C5F7265665F72007261D9
:10A9800074655F645B305D00726174655F645B3148
:10A990005D00726174655F645B325D0075665F7057
:10A9A0000075665F710075665F72004F6D65676167
:10A9B0005F665F70004F6D6567615F665F71004F36
:10A9C0006D6567615F665F720073746F705F63745B
:10A9D000726C494E4449007468727573745F746890
:10A9E000726573686F6C6400626F756E645F637428
:10A9F000726C5F696E7075740067315F70006731EB
:10AA00005F710067315F72007265665F6572725FC9
:10AA100070007265665F6572725F71007265665F75
:10AA20006572725F72007265665F726174655F70F5
:10AA3000007265665F726174655F71007265665F62
:10AA4000726174655F720066696C745F6375746FC0
:10AA500066660066696C745F6375746F66665F72C4
:10AA6000006F757465724C6F6F70416374697665C1
:10AA700000616363656C7A007A6478007A647900B7
:10AA80007A647A00695F6572725F7800695F6572E7
:10AA9000725F7900695F6572725F7A0073746F70BC
:10AAA0005F6374726C4D656C006B705F7879006BDE
:10AAB000645F7879006B695F787900695F72616EB5
:10AAC00067655F7879006B705F7A006B645F7A000E
:10AAD0006B695F7A00695F72616E67655F7A006DAE
:10AAE000617373006D617373546872757374006B76
:10AAF000525F7879006B525F7A006B775F787900EC
:10AB00006B775F7A006B695F6D5F7879006B695F67
:10AB10006D5F7A006B645F6F6D6567615F72700077
:10AB2000695F72616E67655F6D5F787900695F72FA
:10AB3000616E67655F6D5F7A004E6F6E65005049AC
:10AB400044004D656C6C696E676572004272657396
:10AB50006369616E696E69004F75744F6654726502
:10AB600065006163747561746F7254687275737493
:10AB7000007461755F7879007A6574615F78790037
:10AB80007461755F7A007A6574615F7A00746175CB
:10AB90005F7270006D6978696E675F666163746F7C
:10ABA0007200636F6C6C5F666169726E65737300CF
:10ABB00073746F705F6374726C41747400706F7340
:10ABC0005265665F7800706F735265665F790070DA
:10ABD0006F735265665F7A0076656C535F780076B6
:10ABE000656C535F790076656C535F7A0076656CAF
:10ABF0005265665F780076656C5265665F790076AF
:10AC0000656C5265665F7A00616E67535F726F6C48
:10AC10006C00616E67535F706974636800616E6792
:10AC2000535F79617700616E67465F726F6C6C008D
:10AC3000616E67465F706974636800616E67465F46
:10AC4000796177006163635265665F780061636371
:10AC50005265665F79006163635265665F7A006181
:10AC60006363535F7800616363535F79006163637B
:10AC7000535F7A00616363465F7800616363465F98
:10AC80007900616363465F7A0061636346545F786D
:10AC90000061636346545F790061636346545F7A81
:10ACA000006163634572725F78006163634572722D
:10ACB0005F79006163634572725F7A007068695FF3
:10ACC00074696C64650074686574615F74696C6450
:10ACD0006500545F74696C646500545F696E6E65ED
:10ACE0007200545F696E6E65725F6600545F696ED4
:10ACF0006372656D656E74656400636D645F706832
:10AD00006900636D645F74686574610073746F706B
:10AD10005F706F734374726C496E6469004B5F7847
:10AD2000695F78004B5F78695F79004B5F78695F96
:10AD30007A004B5F6478695F78004B5F6478695F85
:10AD400079004B5F6478695F7A0070715F636C6152
:10AD50006D70696E6700784B666600794B666600B9
:10AD60007A4B66660074687275737442617365002D
:10AD70007468727573744D696E00724C696D697494
:10AD800000704C696D6974007856656C4D6178008F
:10AD90007956656C4D6178007A56656C4D61780026
:10ADA00073746F705F706F7343746C506964007676
:10ADB000784B700076784B690076784B6400767833
:10ADC0004B46460076794B700076794B6900767970
:10ADD0004B640076794B464600767A4B7000767A63
:10ADE0004B6900767A4B6400767A4B464600737462
:10ADF0006F705F76656C43746C5069640074617247
:10AE000067657456580074617267657456590074AA
:10AE10006172676574565A00746172676574580090
:10AE20007461726765745900626F64795658006284
:10AE30006F6479565900626F64795800626F647963
:10AE400059005658700056586900565864005658B4
:10AE50006666005659700056596900565964005686
:10AE600059666600565A7000565A6900565A640070
:10AE7000565A66660073746F705F706F7343746CBC
:10AE8000004B525F78004B525F79004B525F7A0063
:10AE90004B775F78004B775F79004B775F7A004B99
:10AEA000706F735F5078004B706F735F5079004B19
:10AEB000706F735F507A004B706F735F4478004B14
:10AEC000706F735F4479004B706F735F447A0074E6
:10AED0006872757374536900746F72717565780068
:10AEE000746F727175657900746F727175657A002F
:10AEF000727079780072707979007270797A007264
:10AF00007079647800727079647900727079647A0B
:10AF1000006572726F725F706F7378006572726F26
:10AF2000725F706F7379006572726F725F706F73AA
:10AF30007A006572726F725F76656C780065727206
:10AF40006F725F76656C79006572726F725F76659D
:10AF50006C7A006F6D65676178006F6D6567617908
:10AF6000006F6D6567617A006F6D6567617278006B
:10AF70006F6D6567617279006F6D656761727A00E8
:10AF800073746F705F6374726C4C6565004B495FDE
:10AF900078004B495F79004B495F7A004A5F78003F
:10AFA0004A5F79004A5F7A004B706F735F505F6C45
:10AFB000696D6974004B706F735F445F6C696D6994
:10AFC00074004B706F735F4978004B706F735F490B
:10AFD00079004B706F735F497A004B706F735F49F4
:10AFE0005F6C696D6974007265736574457374692B
:10AFF0006D6174696F6E00726F6275737454646F03
:10B000006100726F6275737454777200704E4163A1
:10B01000635F787900704E4163635F7A00704E56CB
:10B02000656C00704E506F7300704E417474006D0B
:10B030004E4261726F006D4E4779726F5F726F6C36
:10B040006C7069746368006D4E4779726F5F7961E7
:10B050007700696E697469616C5800696E6974691A
:10B06000616C5900696E697469616C5A00696E6936
:10B070007469616C596177006C6857696E0073740C
:10B080006F705F6F75746C6965726600737461745C
:10B090006558007374617465590073746174655AFE
:10B0A000007374617465505800737461746550590D
:10B0B000007374617465505A007374617465443030
:10B0C0000073746174654431007374617465443253
:10B0D00000766172580076617259007661725A008A
:10B0E00076617250580076617250590076617250E4
:10B0F0005A007661724430007661724431007661A4
:10B1000072443200713000713100713200713300CD
:10B110007274557064617465007274507265640075
:10B12000727446696E616C00727441706E64007274
:10B130007452656A0073746F705F657374696D61D2
:10B14000746F7200436F6D706C656D656E746172C3
:10B1500079004B616C6D616E006573744261726F52
:10B160006D6574657200657374416363656C6572C7
:10B170006174696F6E006573744779726F73636F82
:10B180007065006573745377656570416E676C65B3
:10B190000073656E736F7249640062617365537406
:10B1A0006174696F6E496400737765657049640006
:10B1B0007377656570416E676C650065737459617E
:10B1C000774572726F72007961774572726F7200A3
:10B1D000657374466C6F77006573744162736F6C4E
:10B1E00075746548656967687400657374544F4683
:10B1F0000065737444697374616E63650064697398
:10B2000074616E636500657374506F736500657378
:10B2100074506F736974696F6E00736F75726365D4
:10B220000065737454444F4100696441006964428D
:10B230000064697374616E63654469666600657372
:10B2400074416C70686141736C00657374416C701B
:10B2500068615A720076656C466163746F7200763D
:10B26000656C5A416C706861007641636344656146
:10B270006462616E640073746F705F706F734573A6
:10B2800074416C7400657374696D617465645A000F
:10B29000657374565A0076656C6F636974795A00E9
:10B2A00072785F73746174650074785F737461742D
:10B2B000650073746F705F4454525F503250007277
:10B2C00065766973696F6E30007265766973696F50
:10B2D0006E31006D6F6469666965640073746F70C8
:10B2E0005F6669726D776172650048454144004E42
:10B2F000410032663333633935626435636200007E
:10B3000049970408C5E7000899E800085197040820
:10B310003DE9000865E90008756E6E616D656400C1
:10B320004445434B5F444953434F564552593A2095
:10B330004261636B656E6420666F756E643A2025AA
:10B34000730A004445434B5F494E464F3A205761CC
:10B35000726E696E6721204E6F2064726976657225
:10B3600020666F756E6420666F72206465636B2E55
:10B370000A004445434B5F494E464F3A20455252DE
:10B380004F523A2044726976657220506572697036
:10B390006820757361676520636F6E666C6963749E
:10B3A00073207769746820612070726576696F75A3
:10B3B000736C7920656E756D657261746564206467
:10B3C00065636B206472697665722E204E6F20640F
:10B3D00065636B732077696C6C20626520696E69A8
:10B3E0007469616C697A6564210A004445434B5F66
:10B3F000494E464F3A204552524F523A20447269C4
:10B40000766572204770696F207573616765206388
:10B410006F6E666C6963747320776974682061204D
:10B4200070726576696F75736C7920656E756D6580
:10B430007261746564206465636B2064726976650B
:10B44000722E204E6F206465636B732077696C6C7D
:10B4500020626520696E697469616C697A6564212E
:10B460000A004445434B5F494E464F3A20574152EC
:10B470004E494E473A2054776F206465636B7320C2
:10B480007265717569726520646966666572656E5C
:10B490007420657374696D61746F72730A000000C3
:10B4A000000000000000000000000000000000009C
:10B4B000000000000000000000000000000000008C
:10B4C0000000000019000000FDED0008D1EE0008AA
:10B4D000A9F10008651003084D100308BD1003080A
:10B4E000010000000000000094C72B119D96010090
:10B4F0000000000000000000000000004445434B35
:10B500005F434F52453A202564206465636B28737E
:10B510002920666F756E640A004445434B5F434FB4
:10B5200052453A2043616C6C696E6720494E49541C
:10B53000206F6E2064726976657220257320666FB5
:10B5400072206465636B2025690A004445434B5FA4
:10B55000434F52453A2043616C6C696E6720494EF7
:10B56000495420666F72206465636B2025690A0068
:10B570004445434B5F434F52453A204465636B203B
:10B5800025692074657374205B4F4B5D2E0A00445F
:10B5900045434B5F434F52453A204465636B20253A
:10B5A000692074657374205B4641494C5D2E0A0026
:10B5B00045543A2050696E3A257320213D20256478
:10B5C000205B4641494C5D0A00000000BCFF0000C2
:10B5D0005A97040800000000FFFFFFFF0000000072
:10B5E000000000000000000000000000F9F4000866
:10B5F00045543A20626352706D20647269766572B8
:10B60000206E6F7420666F756E640A000008024039
:10B61000000454583100000000080240000852584D
:10B620003100000000000240200053434B000000A6
:10B630000000024040004D4F53490000000002400E
:10B6400080004D49534F0000000402400001494F63
:10B6500031000000000802400010494F3400000093
:10B66000FFFE00006497040800000000FFFFFFFFDA
:10B67000000000000000000000000000ADF800081D
:10B68000D1F70008BCFE000072970408000000001B
:10B69000E00300000C0000000000000000000000BB
:10B6A0000000000035F9000845545F424F4C543A01
:10B6B0002050696E3A257320213D202564205B4689
:10B6C00041494C5D0A000000BCFD00007E97040863
:10B6D00000000000FFFFFFFF00000000000000006E
:10B6E0000000000000000000F5F500085241444948
:10B6F0004F5445535400000000000000AF97040869
:10B700000000000000000000000000000000000039
:10B710000000000025FB000861FA00085175616C0B
:10B7200069737973302E41005175616C6973797357
:10B73000312E30004143544956455F4D41524B45EF
:10B74000523A20496E636F6D70617469626C652056
:10B750006465636B2046570A004143544956454D82
:10B7600041524B45522D4445434B004143544956A9
:10B77000455F4D41524B45523A204465636B20462C
:10B78000572025730A000000010000009CD3040824
:10B79000BC1100000D98040800000000000000002B
:10B7A00000000100000000000000000099FC0008FB
:10B7B00035FC0008BC0400002F980408004300007A
:10B7C0000000000000000000000000000000000079
:10B7D00021FD0008000000004572726F722077683A
:10B7E000696C6520696E697469616C697A696E67F4
:10B7F0002074686520504D57333930312073656EA1
:10B80000736F720A00464C4F57000000BC0A0000DC
:10B81000389804080C1C00004000000002000000E2
:10B820000000000000000000B9FE000869FF0008E9
:10B83000BC0F00003F9804080C1C000040000000F2
:10B8400002000000000000000000000011FF0008DE
:10B8500085FE00080102030405000708090A0B0021
:10B8600072696E6754696D6572004040FF20204028
:10B8700008081000000000000000000000000000A8
:10B8800000000000000000000000000000000000B8
:10B890002000001000000800000410101008080824
:10B8A000040404200000100000080000040000024E
:10B8B00000000000BC010000B39804080020000054
:10B8C0006000000000000000000000000000000018
:10B8D000AD0D010800000000100000009DFF0008F1
:10B8E0006D0D0108490D010814000000140000004E
:10B8F0001400000017000000A1FF0008250D01083A
:10B90000010D0108202020080808020202000000A2
:10B910000000000000000000000000000000000027
:10B9200000000000000000004C48006C6564546991
:10B930006D657200BC1000003D9904080300000012
:10B940000000000002000100D4B404080000000060
:10B95000C91201080000000044574D3A2045727298
:10B960006F72207768696C6520696E697469616CB3
:10B97000697A696E672044574D313030300A00448F
:10B98000574D3A204661696C656420746F20636F7F
:10B990006E66696775726520445731303030210D0D
:10B9A0000A004C50530044574D3A204175746F6D56
:10B9B00061746963206D6F64653A206465746563C2
:10B9C0007465642025730A0044574D3A2053776903
:10B9D000746368696E6720746F206D6F64652025DD
:10B9E000730A0000BC06000078990408001C0000DF
:10B9F0001300000002010000000000000000000031
:10BA0000E1130108B91301081300000005EE000856
:10BA1000F5EF000800000000160000000DEE000821
:10BA2000B9F00008000000000000000019EE000856
:10BA3000E1F0000851F20008120000001FEE0008BB
:10BA400015F1000885F200081400000025EE00083A
:10BA500019F1000889F200082F686F6D652F636384
:10BA600068656E2F74696E796D70632D6372617A8B
:10BA700079666C69652F6372617A79666C69652D88
:10BA80006669726D776172652F7372632F64656387
:10BA90006B2F647269766572732F7372632F6C708B
:10BAA0007354646F61325461672E63002F686F6D49
:10BAB000652F636368656E2F74696E796D70632D91
:10BAC0006372617A79666C69652F6372617A7966EF
:10BAD0006C69652D6669726D776172652F7372632B
:10BAE0002F6465636B2F647269766572732F73724E
:10BAF000632F6C707354646F61335461672E6300FD
:10BB00002F686F6D652F636368656E2F74696E793A
:10BB10006D70632D6372617A79666C69652F6372EB
:10BB2000617A79666C69652D6669726D7761726597
:10BB30002F7372632F6465636B2F6472697665720D
:10BB4000732F7372632F6C70735477725461672E06
:10BB5000630066616C7365004D523A20496E6974EA
:10BB60002025732073656E736F72205B4F4B5D0AE7
:10BB7000004D523A20496E69742025732073656E1A
:10BB8000736F72205B4641494C5D0A004D520000C4
:10BB9000BC0C0000119C04080C0000000000000018
:10BBA000000000000000000000000000812B0108E0
:10BBB000E12A01084F413A2043616E6E6F74207490
:10BBC000657374204F41206465636B206120736549
:10BBD000636F6E642074696D650A004F413A2049B5
:10BBE0006E69742066726F6E742073656E736F7207
:10BBF000205B4F4B5D0A004F413A20496E6974202B
:10BC000066726F6E742073656E736F72205B46414F
:10BC1000494C5D0A004F413A20496E6974206261C7
:10BC2000636B2073656E736F72205B4F4B5D0A0010
:10BC30004F413A20496E6974206261636B207365DD
:10BC40006E736F72205B4641494C5D0A004F413A6A
:10BC500020496E69742075702073656E736F722051
:10BC60005B4F4B5D0A004F413A20496E6974207565
:10BC7000702073656E736F72205B4641494C5D0A9C
:10BC8000004F413A20496E6974206C6566742073D8
:10BC9000656E736F72205B4F4B5D0A004F413A2017
:10BCA000496E6974206C6566742073656E736F727B
:10BCB000205B4641494C5D0A004F413A20496E697C
:10BCC000742072696768742073656E736F72205B8D
:10BCD0004F4B5D0A004F413A20496E6974207269EA
:10BCE0006768742073656E736F72205B4641494CC0
:10BCF0005D0A0000BC0B0000279C04080C0000003B
:10BD00000000000000000000000000000000000033
:10BD1000AD2D0108C92B01087553443A20457272B4
:10BD20006F72207768696C6520696E697469616CEF
:10BD3000697A696E6720755344206465636B0A00F5
:10BD40007553443A206D6F756E742053442D4361D2
:10BD50007264205B4F4B5D2E0A005553444C4F4795
:10BD6000007553443A206D6F756E742053442D4313
:10BD7000617264205B4641494C5D2E0A0075534454
:10BD80003A20757364206465636B2077726974650B
:10BD9000206661696C7572652025640A002F686FE2
:10BDA0006D652F636368656E2F74696E796D70635E
:10BDB0002D6372617A79666C69652F6372617A7935
:10BDC000666C69652D6669726D776172652F737235
:10BDD000632F6465636B2F647269766572732F736A
:10BDE00072632F7573646465636B2E63007573648F
:10BDF00054696D6572007553443A204C6F676769EA
:10BE00006E6720746F3A2025730A0066697865644E
:10BE10004672657175656E63790028002E00755352
:10BE2000443A2057726F746520256C642042207458
:10BE30006F3A2025732028256C64206F6620256CBE
:10BE400064206576656E7473290A007553443A2040
:10BE50004661696C656420746F206F70656E206642
:10BE6000696C653A2025730A007553443A2077615E
:10BE7000697420666F722073656E736F72730A0047
:10BE80006F6E3A007553443A20556E6B6E6F776E45
:10BE9000206576656E742025730A007553443A2038
:10BEA000556E6B6E6F776E206C6F6720766172696E
:10BEB00061626C652025732E25730A007553443A20
:10BEC00020536B6970206C6F6720766172696162C4
:10BED0006C652025733A2025732E257320286F75F5
:10BEE00074206F662073746F72616765290A00752C
:10BEF00053443A20536B697020636F6E6669672004
:10BF00006166746572206576656E742025732028DD
:10BF10006F7574206F662073746F72616765290A8C
:10BF2000007553443A20436F6E66696720726561FD
:10BF300064205B4F4B5D2E0A00636F6E6669672E4F
:10BF4000747874007553443A20436F6E66696720B5
:10BF500072656164205B4641494C5D2E0A00755351
:10BF6000443A206D616C6C6F632062756666657221
:10BF700020256420627974657320007553443A204B
:10BF80005B4F4B5D2E0A00555344575249544500B0
:10BF90007553443A205B4641494C5D2E0A0000002F
:10BFA000BC0800005F9C0408001C0000800000002A
:10BFB0000000000000000000000000005D2F0108EC
:10BFC0003D2F01085A52414E47455200BC0900001E
:10BFD000659C04080C000000000000000000000048
:10BFE00000000000000000009D3C0108ED3C01083D
:10BFF0005A52323A205A2D646F776E2073656E73F1
:10C000006F72205B4F4B5D0A005A52414E474552BA
:10C0100032005A52323A205A2D646F776E2073657F
:10C020006E736F72205B4641494C5D0A0000000050
:10C03000BC0E00006F9C04080C0000000000000013
:10C04000000000000000000000000000113D010899
:10C05000053D0108000000008F9C0408000000005E
:10C06000600300000000000000000000000000006D
:10C07000793E010800000000414B383936333A2040
:10C0800053656C662074657374202573205B46418C
:10C09000494C5D2E206C6F773A2025642C2068690E
:10C0A00067683A2025642C206D656173757265643C
:10C0B0003A2025640A00414B383936333A2053651B
:10C0C0006C662074657374205B4F4B5D2E0A0045CF
:10C0D0004550524F4D3A2049324320636F6E6E6592
:10C0E0006374696F6E205B4F4B5D2E0A00454550AF
:10C0F000524F4D3A2049324320636F6E6E65637430
:10C10000696F6E205B4641494C5D2E0A002F686FB7
:10C110006D652F636368656E2F74696E796D7063EA
:10C120002D6372617A79666C69652F6372617A79C1
:10C13000666C69652D6669726D776172652F7372C1
:10C14000632F647269766572732F7372632F69321D
:10C15000635F6472762E630000540040000020008C
:10C160001F00000020000000801A060002000000EE
:10C170000004024040000000060000000200000031
:10C1800000040240800000000700000004000000DE
:10C190000000200000000002106002400B000000C0
:10C1A0002000001008000010005C0040000080002B
:10C1B0004800000049000000801A0600010000004D
:10C1C0000000024000010000080000000400000020
:10C1D0000008024000020000090000000400000006
:10C1E0000000200000000006406002400D0000003A
:10C1F00000002010000008102F686F6D652F63632A
:10C2000068656E2F74696E796D70632D6372617AE3
:10C2100079666C69652F6372617A79666C69652DE0
:10C220006669726D776172652F7372632F647269CC
:10C23000766572732F7372632F6C65642E63006C66
:10C240006564203C204C45445F4E554D0000000085
:10C2500004000000020000000100000004000000D3
:10C2600008000000000000000000000001000000C5
:10C2700001000000010000000100000000000000BB
:10C28000000C024000080240000802400008024082
:10C2900000080240000000002F686F6D652F636387
:10C2A00068656E2F74696E796D70632D6372617A43
:10C2B00079666C69652F6372617A79666C69652D40
:10C2C0006669726D776172652F7372632F6472692C
:10C2D000766572732F7372632F6C685F626F6F7411
:10C2E0006C6F616465722E63006164647265737360
:10C2F000203E3D204C485F46575F41444452006C0D
:10C30000656E677468203C3D204C485F464C415345
:10C31000485F504147455F53495A45004C5053329E
:10C3200035483A2053656C66207465737420257314
:10C33000205B4641494C5D2E206C6F773A202530BA
:10C340002E32662C20686967683A2025302E3266C6
:10C350002C206D656173757265643A2025302E322C
:10C36000660A0074656D7065726174757265002F80
:10C37000686F6D652F636368656E2F74696E796D84
:10C3800070632D6372617A79666C69652F6372617F
:10C390007A79666C69652D6669726D776172652F51
:10C3A0007372632F647269766572732F7372632F71
:10C3B0006D6F746F72732E63006964203C204E426F
:10C3C000525F4F465F4D4F544F5253006272757328
:10C3D0006865640062727573686C657373004D54B0
:10C3E000522D4452563A205573696E6720257320AA
:10C3F0006D6F746F72206472697665720A00000056
:10C400000000000001000000020000000300000026
:10C4100001000000010000000000024000800F0049
:10C42000010000000100000000000000000000000A
:10C4300000000100010000000000004000000000BA
:10C4400001000000180100000000000088600240A8
:10C45000000000063400004000021000750C0208C5
:10C46000CD0C0208A50A0208850C02080100000094
:10C470000100000000000240020001000100000075
:10C4800001000000000000000000000000000100AA
:10C49000010000000000004000000000010000005A
:10C4A0001801000000000000A0600240000000062B
:10C4B0003800004000041100790C0208D10C020879
:10C4C000150B0208950C0208010000000200000094
:10C4D0000004024000040A00010000000100000006
:10C4E000000000000000000000000100010000004A
:10C4F00000000040000000000100000018010000E2
:10C500000000000028600240000000063C000040DF
:10C5100000080C007D0C0208D50C0208950B0208DF
:10C52000A90C020801000000020000000004024003
:10C5300000080B00010000000100000000000000E6
:10C5400000000000000001000100000000000040A9
:10C5500000000000010000001801000000000000C1
:10C56000B8600240000000064000004000102F00AC
:10C57000810C0208D90C0208110C0208B90C02083F
:10C580003200B6030000FFFF409CD007E803E80339
:10C5900000000000B8017003BA024B020000000066
:10C5A0000000000000004D5055363530303A205321
:10C5B000656C662074657374202573205B46414961
:10C5C0004C5D2E206C6F773A2025302E32662C2061
:10C5D000686967683A2025302E32662C206D6561C7
:10C5E00073757265643A2025302E32660A006779C9
:10C5F000726F2058006779726F2059006779726FE7
:10C60000205A006163632058006163632059006110
:10C610006363205A00003C0A560A700A8B0AA60A75
:10C62000C10ADD0AF80A150B310B4E0B6B0B880B98
:10C63000A50BC30BE10B000C1E0C3D0C5D0C7C0C20
:10C640009C0CBD0CDD0CFE0C1F0D410D630D850D0A
:10C65000A80DCB0DEE0D120E360E5A0E7F0EA40E47
:10C66000CA0EEF0E160F3C0F630F8B0FB30FDB0FCD
:10C6700003102C1056108010AA10D41000112B118A
:10C6800057118311B011DE110B1239126812971273
:10C69000C712F712271359138A13BC13EF1322146E
:10C6A00055148914BE14F31429155F159515CD156D
:10C6B00004163D167616AF16E91624175F179B175A
:10C6C000D817151852189118CF180F194F1990191B
:10C6D000D119131A561A9A1ADE1A221B681BAE1B9E
:10C6E000F51B3D1C851CCE1C181D621DAD1DF91DC2
:10C6F000461E941EE21E311F811FD11F232075206C
:10C70000C8201C217121C7211D227422CD2226237D
:10C710008023DA2336249324F1244F25AF250F26D6
:10C720007126D32636279B2700286728CE2836294E
:10C73000A0290B2A762AE32A512BC02B302CA12CBE
:10C74000132D862DFB2D712EE82E602FD92F5330FF
:10C75000CF304C31CA314A32CA324C33D0335434E0
:10C76000DA346235EA35743600378D371B38AA382B
:10C770003C39CE39623AF83A8F3B273CC13C5D3DAB
:10C78000FA3D983E383FDA3F7E402341CA4172422B
:10C790001C43C84376442545D64589463D47F44762
:10C7A000AC486649224ADF4A9F4B614C244DEA4D12
:10C7B000B14E7B4F46501451E351B55289535E54EC
:10C7C00036551156ED56CB57AC588F59745A5C5BA1
:10C7D000465C325D215E125F0560FB60F361EE62D4
:10C7E000EB63EB64ED65F266FA670469116A206B2E
:10C7F000336C486D5F6E7A6F9770B871DB7201743D
:10C800002A7556768577B778EC79247B5F7C9D7D99
:10C81000DF7E24806C815B48617264206661756C88
:10C82000742068616E646C65725D0A005230203D50
:10C830002025780A005231203D2025780A00523206
:10C84000203D2025780A005233203D2025780A001B
:10C85000523132203D2025780A004C52203D2025BF
:10C86000780A005043203D2025780A00505352207A
:10C870003D2025780A0042464152203D2025780A75
:10C880000043465352203D2025780A004846535223
:10C89000203D2025780A0044465352203D2025782B
:10C8A0000A0041465352203D2025780A004D656D0F
:10C8B0004D616E616765004275734661756C740009
:10C8C00055736167654661756C7400504D573A2029
:10C8D0004D6F74696F6E20636869702069643A20D7
:10C8E000307825783A307825780A002F686F6D65A2
:10C8F0002F636368656E2F74696E796D70632D6345
:10C9000072617A79666C69652F6372617A79666C97
:10C9100069652D6669726D776172652F7372632F19
:10C92000647269766572732F7372632F75617274A6
:10C93000312E6300756172743171756575652021E2
:10C940003D204E554C4C002F686F6D652F6363681A
:10C95000656E2F74696E796D70632D6372617A797B
:10C96000666C69652F6372617A79666C69652D669C
:10C9700069726D776172652F7372632F6472697665
:10C980006572732F7372632F756172745F7379733D
:10C990006C696E6B2E6300552D534C4B3A205354EB
:10C9A0004D20646D61506175736564436F756E747D
:10C9B00065723A20256C640A00552D534C4B3A2081
:10C9C00053544D20646D61547853747265616D5099
:10C9D0006175736564436F756E7465723A20256C7A
:10C9E000640A00552D534C4B3A2053544D20646D2E
:10C9F00061526573756D6564436F756E7465723AE7
:10CA000020256C640A00552D534C4B3A2053544D4D
:10CA100020646D61547853747265616D52657375ED
:10CA20006D6564436F756E7465723A20256C640A97
:10CA300000552D534C4B3A2053544D20646D615397
:10CA4000656E645768696C654E72664275666665A8
:10CA50007246756C6C3A20256C640A00564C583A44
:10CA6000204661696C6564205648562063616C6994
:10CA700062726174696F6E0A00564C583A204661C2
:10CA8000696C65642070686173652063616C6962BC
:10CA9000726174696F6E0A005359533A2054686585
:10CAA0002073797374656D20726573756D6564208C
:10CAB0006166746572207761746368646F6720745F
:10CAC000696D656F7574205B5741524E494E475DE5
:10CAD0000A002F686F6D652F636368656E2F746938
:10CAE0006E796D70632D6372617A79666C69652FFA
:10CAF0006372617A79666C69652D6669726D7761BA
:10CB000072652F7372632F647269766572732F7307
:10CB100072632F7773323831325F6366322E63006F
:10CB20000A4D616C6C6F63206661696C6564210AF3
:10CB3000004D616C6C6F63206661696C6564000A0E
:10CB4000537461636B206F766572666C6F77210A30
:10CB500000537461636B206F766572666C6F77004B
:10CB60006C656473657154696D6572004C4544531E
:10CB70004551434D44002F686F6D652F63636865B1
:10CB80006E2F74696E796D70632D6372617A796648
:10CB90006C69652F6372617A79666C69652D666967
:10CBA000726D776172652F7372632F68616C2F737A
:10CBB00072632F6F775F7379736C696E6B2E63008E
:10CBC0004F573A20436D6420307825582074696DA2
:10CBD000656F75742E0A006C656E677468203C3D45
:10CBE000204F575F4D41585F53495A4500505752A7
:10CBF0004D474E54000000000000404085EB71405E
:10CC0000B81E754014AE7740C3F5784048E17A40CD
:10CC1000A4707D4000008040AE47814033338340A4
:10CC20002F686F6D652F636368656E2F74696E7909
:10CC30006D70632D6372617A79666C69652F6372BA
:10CC4000617A79666C69652D6669726D7761726566
:10CC50002F7372632F68616C2F7372632F7261641C
:10CC6000696F6C696E6B2E6300702D3E73697A6517
:10CC7000203C3D20435254505F4D41585F44415445
:10CC8000415F53495A4500637274705061636B652C
:10CC90007444656C6976657279007851756575655F
:10CCA00053656E6428637274705061636B6574447D
:10CCB000656C69766572792C2026736C702D3E6CDC
:10CCC000656E6774682C203029203D3D20706450CB
:10CCD00041535300494D553A20424D493038382090
:10CCE0004779726F20636F6E6E656374696F6E2033
:10CCF0005B4F4B5D2E0A00494D553A20424D49305D
:10CD00003838204779726F20636F6E6E656374697F
:10CD10006F6E205B4641494C5D0A00494D553A20F3
:10CD2000424D4930383820416363656C20636F6E33
:10CD30006E656374696F6E205B4F4B5D0A00494DF1
:10CD4000553A20424D4930383820416363656C20A4
:10CD5000636F6E6E656374696F6E205B4641494C0C
:10CD60005D0A00494D553A20424D5033383820492C
:10CD7000324320636F6E6E656374696F6E205B4F24
:10CD80004B5D0A00494D553A20424D503339302011
:10CD900049324320636F6E6E656374696F6E205B0A
:10CDA0004F4B5D0A00494D553A20424D503358587B
:10CDB0002049324320636F6E6E656374696F6E2025
:10CDC0005B4641494C5D0A0053454E534F52530058
:10CDD000494D553A20424D49303838206779726FB5
:10CDE0002072657475726E696E6720783D302079A7
:10CDF0003D30207A3D30205B4641494C45445D0A38
:10CE000000494D553A20424D4930383820677972F3
:10CE10006F2073656C662D74657374205B4F4B5D7A
:10CE20000A00494D553A20424D493038382067793B
:10CE3000726F2073656C662D74657374205B464158
:10CE4000494C45445D0A00494D553A20424D493010
:10CE500038383A205573696E672049324320696E2D
:10CE6000746572666163652E0A00494D553A205516
:10CE70006E696E697469616C697A65640A00494D0E
:10CE8000553A20424D49303838206163632073653C
:10CE90006C662D74657374205B4F4B5D0A00494DC1
:10CEA000553A20424D49303838206163632073651C
:10CEB0006C662D74657374205B4641494C45445D36
:10CEC0000A00494D553A2041434320636F6E66691D
:10CED00067205B4641494C5D0A004D50553932355B
:10CEE000302049324320636F6E6E656374696F6EE4
:10CEF000205B4F4B5D2E0A004D50553932353020A6
:10CF000049324320636F6E6E656374696F6E205B98
:10CF10004641494C5D2E0A00414B38393633204991
:10CF2000324320636F6E6E656374696F6E205B4F72
:10CF30004B5D2E0A00414B383936332049324320AD
:10CF4000636F6E6E656374696F6E205B4641494C1A
:10CF50005D2E0A004C50533235482049324320633D
:10CF60006F6E6E656374696F6E205B4F4B5D2E0A4A
:10CF7000004C50533235482049324320636F6E6E67
:10CF8000656374696F6E205B4641494C5D2E0A00F3
:10CF90004572726F72207768696C6520696E69747A
:10CFA00069616C697A696E672073656E736F722050
:10CFB0007461736B0D0A004779726F207661726934
:10CFC000616E63652074657374205B4F4B5D0A006E
:10CFD000416363206C6576656C2074657374205BB7
:10CFE0004F4B5D0A00416363206C6576656C20746D
:10CFF00065737420526F6C6C3A25302E32662C208B
:10D0000050697463683A25302E3266205B46414988
:10D010004C5D0A004779726F2076617269616E63B8
:10D02000652074657374205B4641494C5D0A0000BD
:10D030000000000025CA010871CA010809CA0108D8
:10D040009DCA0108D9C9010815CA010869C90108A2
:10D0500085C90108A1C90108BDC90108E5CA0108BF
:10D060008DCB010801000000CDCE0108F9D10108E7
:10D07000B1CE010875D2010881CE0108BDCE0108EC
:10D0800011CE01082DCE010849CE010865CE010858
:10D09000E1D3010855D401085B4F4B5D005B46416D
:10D0A000494C5D0053544F524147453A2052656602
:10D0B0006F726D617474696E672073746F726167EB
:10D0C00065202E2E2E0A0053544F524147453A20D8
:10D0D00053746F7261676520636865636B202573A5
:10D0E0002E0A0053544F524147453A204572726F01
:10D0F000723A2043616E6E6F7420666F726D617458
:10D100002073746F72616765210A0053544F524156
:10D1100047453A20557365642073746F7261676583
:10D120003A202564206974656D2073746F7265649C
:10D130002C2025642042797465732F256420427960
:10D14000746573202825642525290A0053544F52FD
:10D150004147453A20467261676D656E7461746936
:10D160006F6E3A20256425250A0053544F524147DB
:10D17000453A20456666696369656E63793A20447D
:10D180006174613A202564204279746573202825F2
:10D19000642525292C204B6579733A20256420428B
:10D1A00079746573202825642525292C204D657404
:10D1B00061646174613A202564204279746573204A
:10D1C0002825642525290A00534C3A204E52462032
:10D1D0004164647265737320726563656976656422
:10D1E0003A2025640A00534C3A204E5246204368A8
:10D1F000616E2072656365697665643A2025640A0C
:10D2000000534C3A204E524620526174652072659C
:10D210006365697665643A2025640A00534C3A20B8
:10D220004E52462044726F707065643A2025640A3D
:10D2300000534C3A204E524620756172742065723C
:10D24000726F7220636F64653A2025640A00534C44
:10D250003A204E52462075617274206572726F7268
:10D2600020636F756E743A2025640A00534C3A208F
:10D270004E5246207561727420636865636B7375E6
:10D280006D2031206661696C20636F756E743A2081
:10D2900025640A00534C3A204E5246207561727440
:10D2A00020636865636B73756D2032206661696CFD
:10D2B00020636F756E743A2025640A00534C3A203F
:10D2C000556E6B6E6F776E207061636B65743A2577
:10D2D000582E0A005359534C494E4B007379736CC6
:10D2E000696E6B54696D6572002F686F6D652F6391
:10D2F0006368656E2F74696E796D70632D637261FA
:10D300007A79666C69652F6372617A79666C696592
:10D310002D6669726D776172652F7372632F686114
:10D320006C2F7372632F7379736C696E6B2E63004D
:10D33000736C702D3E6C656E677468203C3D2053A5
:10D3400059534C494E4B5F4D545500534C3A205362
:10D3500079736C696E6B204E524620646562756706
:10D360002070726F626520696E697469616C697A98
:10D3700065640A004269746372617A652041420003
:10D3800053544D3332205669727475616C20436F6B
:10D390006D506F727420696E204853206D6F646504
:10D3A000004372617A79666C696520322E78005686
:10D3B000435020436F6E6669670056435020496EA4
:10D3C0007465726661636500526177204352545000
:10D3D00020696E7465726661636500303132333482
:10D3E00035363738394142434445462F686F6D65BD
:10D3F0002F636368656E2F74696E796D70632D633A
:10D4000072617A79666C69652F6372617A79666C8C
:10D4100069652D6669726D776172652F7372632F0E
:10D4200068616C2F7372632F7573626C696E6B2EFB
:10D430006300702D3E73697A65203C205359534C2C
:10D44000494E4B5F4D5455005553424C494E4B008D
:10D45000464154333220202000222A3A3C3E3F7C71
:10D460007F002B2C3B3D5B5D0043554541414141D5
:10D470004345454549494941414592924F4F4F5592
:10D4800055594F554F9C4F9E9F41494F55A5A5A6B5
:10D49000A7A8A9AAABACADAEAFB0B1B2B3B441418D
:10D4A00041B8B9BABBBCBDBEBFC0C1C2C3C4C5418F
:10D4B00041C8C9CACBCCCDCECFD1D14545454949CC
:10D4C0004949D9DADBDCDD49DF4FE14F4F4F4FE609
:10D4D000E8E85555555959EEEFF0F1F2F3F4F5F649
:10D4E000F7F8F9FAFBFCFDFEFF01030507090E1032
:10D4F000121416181C1E61001A03E0001703F8002E
:10D500000703FF000100780100013001320106012C
:10D51000390110014A012E017901060180014D00F7
:10D520004302810182018201840184018601870115
:10D53000870189018A018B018B018D018E018F0189
:10D5400090019101910193019401F60196019701D7
:10D55000980198013D029B019C019D0120029F01C1
:10D56000A001A001A201A201A401A401A601A7019A
:10D57000A701A901AA01AB01AC01AC01AE01AF0149
:10D58000AF01B101B201B301B301B501B501B701FA
:10D59000B801B801BA01BB01BC01BC01BE01F70171
:10D5A000C001C101C201C301C401C501C401C70159
:10D5B000C801C701CA01CB01CA01CD011001DD01BB
:10D5C00001008E01DE011201F3010300F101F401FB
:10D5D000F401F8012801220212013A020900652C27
:10D5E0003B023B023D02662C3F02400241024102E7
:10D5F00046020A0153024000810186015502890159
:10D600008A0158028F015A0290015C025D025E029B
:10D610005F02930161026202940164026502660284
:10D620006702970196016A02622C6C026D026E021B
:10D630009C01700271029D01730274029F017602C7
:10D640007702780279027A027B027C02642C7E02E5
:10D650007F02A60181028202A9018402850286025C
:10D660008702AE014402B101B20145028D028E0271
:10D670008F0290029102B7017B030300FD03FE03BA
:10D68000FF03AC0304008603880389038A03B10304
:10D690001103C2030200A303A303C4030803CC03C2
:10D6A00003008C038E038F03D8031801F2030A00D2
:10D6B000F903F303F403F503F603F703F703F903A0
:10D6C000FA03FA0330042003500410076004220117
:10D6D0008A043601C1040E01CF040100C004D00445
:10D6E00044016105260400007D1D0100632C001E1D
:10D6F0009601A01E5A01001F0806101F0606201FD3
:10D700000806301F0806401F0606511F0700591F54
:10D71000521F5B1F541F5D1F561F5F1F601F0806AF
:10D72000701F0E00BA1FBB1FC81FC91FCA1FCB1F07
:10D73000DA1FDB1FF81FF91FEA1FEB1FFA1FFB1F81
:10D74000801F0806901F0806A01F0806B01F0400CF
:10D75000B81FB91FB21FBC1FCC1F0100C31FD01FB1
:10D760000206E01F0206E51F0100EC1FF31F010087
:10D77000FC1F4E2101003221702110028421010082
:10D780008321D0241A05302C2F04602C0201672C31
:10D790000601752C0201802C6401002D260841FF32
:10D7A0001A030000C700FC00E900E200E400E0000A
:10D7B000E500E700EA00EB00E800EF00EE00EC0017
:10D7C000C400C500C900E600C600F400F600F2007F
:10D7D000FB00F900FF00D600DC00F800A300D80031
:10D7E000D7009201E100ED00F300FA00F100D10052
:10D7F000AA00BA00BF00AE00AC00BD00BC00A10092
:10D80000AB00BB0091259225932502252425C1005C
:10D81000C200C000A9006325512557255D25A2003F
:10D82000A5001025142534252C251C2500253C2574
:10D83000E300C3005A255425692566256025502537
:10D840006C25A400F000D000CA00CB00C800310154
:10D85000CD00CE00CF0018250C2588258425A600F4
:10D86000CC008025D300DF00D400D200F500D50025
:10D87000B500FE00DE00DA00DB00D900FD00DD00AF
:10D88000AF00B400AD00B1001720BE00B600A70085
:10D89000F700B800B000A800B700B900B300B200AC
:10D8A000A025A000030201020201030007060800F0
:10D8B00024252600020401070300FFFF09FFFFFFE4
:10D8C000FFFF0A06415050002F686F6D652F63639C
:10D8D00068656E2F74696E796D70632D6372617AFD
:10D8E00079666C69652F6372617A79666C69652DFA
:10D8F0006669726D776172652F7372632F6D6F64E5
:10D90000756C65732F7372632F636F6D6D616E64D9
:10D9100065722E6300736574706F696E74517565FE
:10D920007565007072696F72697479517565756596
:10D93000007065656B526573756C74203D3D207099
:10D940006454525545000000000000000000000033
:10D9500000000000000000000000000000000000C7
:10D9600000000000000000000000000000000000B7
:10D9700000000000000000000000000000000000A7
:10D980000000000000000000000000000000000097
:10D990000000000000000000000000000000000087
:10D9A0000000000000000000000000000000000077
:10D9B0000000000000000000000000000000000067
:10D9C0000000000000000000000000000000000057
:10D9D0000000000000000000000000000000000047
:10D9E0000000000000000000000000000000000037
:10D9F0000000000000000000000000000000000027
:10DA00000000000000000000000000000000000016
:10DA10000000000000000000000000000000000006
:10DA200000000000000000000000000000000000F6
:10DA300000000000000000000000000000000000E6
:10DA400000000000000000000000000000000000D6
:10DA500000000000000000000000000000000000C6
:10DA600000000000000000000000000000000000B6
:10DA700000000000000000000000000000000000A6
:10DA80000000000000000000000000000000000096
:10DA90000000000000000000000000000000000086
:10DAA0000000000000000000000000000000000076
:10DAB0000000000000000000000000000000000066
:10DAC0000000000000000000000000003C463E0A8C
:10DAD000002F686F6D652F636368656E2F74696EC4
:10DAE000796D70632D6372617A79666C69652F63F5
:10DAF00072617A79666C69652D6669726D7761729B
:10DB0000652F7372632F6D6F64756C65732F7372FD
:10DB1000632F637274705F636F6D6D616E646572A5
:10DB20005F67656E657269632E6300646174616C22
:10DB3000656E203D3D2073697A656F662873747247
:10DB4000756374206D616E75616C5061636B657493
:10DB50005F732900646174616C656E203D3D2073C4
:10DB6000697A656F662873747275637420686F765E
:10DB700065725061636B65745F73290064617461E1
:10DB80006C656E203D3D2073697A656F66287374FD
:10DB900072756374207A44697374616E6365506151
:10DBA000636B65745F732900646174616C656E20DA
:10DBB0003D3D2073697A656F66287374727563746E
:10DBC0002076656C6F636974795061636B65745F0F
:10DBD000732900646174616C656E203D3D2073693A
:10DBE0007A656F662873747275637420616C74480B
:10DBF0006F6C645061636B65745F7329006461745A
:10DC0000616C656E203E3D203900646174616C6515
:10DC10006E203D3D2039202B2028322A76616C75FC
:10DC200065732D3E6864722E6E756D41757843681C
:10DC3000616E6E656C732900646174616C656E2041
:10DC40003D3D2073697A656F6628737472756374DD
:10DC50002066756C6C53746174655061636B657498
:10DC60005F732900706B2D3E73697A65203E20300A
:10DC700000000000AD54020861580208155802085F
:10DC8000995602085556020801560208AD58020876
:10DC9000AF540208C15502087D55020835550208E7
:10DCA000D5540208434D44484C002F686F6D652FD2
:10DCB000636368656E2F74696E796D70632D63722E
:10DCC000617A79666C69652F6372617A79666C69CD
:10DCD000652D6669726D776172652F7372632F6D42
:10DCE0006F64756C65732F7372632F637274705FEA
:10DCF000636F6D6D616E6465722E63006461746143
:10DD00006C656E203D3D2073697A656F662873747B
:10DD100072756374206E6F74696679536574706F81
:10DD2000696E747353746F705061636B657429000E
:10DD30002F686F6D652F636368656E2F74696E79E8
:10DD40006D70632D6372617A79666C69652F637299
:10DD5000617A79666C69652D6669726D7761726545
:10DD60002F7372632F6D6F64756C65732F7372639D
:10DD70002F637274705F636F6D6D616E6465725F47
:10DD8000727079742E6300656E4C684D74636853CD
:10DD9000746D002F686F6D652F636368656E2F74F7
:10DDA000696E796D70632D6372617A79666C6965ED
:10DDB0002F6372617A79666C69652D6669726D7719
:10DDC0006172652F7372632F6D6F64756C65732F4D
:10DDD0007372632F637274705F6C6F63616C697AC6
:10DDE0006174696F6E5F736572766963652E630037
:10DDF00072616E6765496E646578203C3D204E42D5
:10DE0000525F4F465F52414E4745535F494E5F5008
:10DE100041434B455400435254502D5458004352F3
:10DE200054502D5258002F686F6D652F63636865DD
:10DE30006E2F74696E796D70632D6372617A796685
:10DE40006C69652F6372617A79666C69652D6669A4
:10DE5000726D776172652F7372632F6D6F64756C6D
:10DE600065732F7372632F637274702E6300717504
:10DE7000657565735B706F727449645D203D3D200C
:10DE80004E554C4C007175657565735B706F72749F
:10DE900049645D004269746372617A65204372610E
:10DEA0007A79666C696500435254502D535256007E
:10DEB0004845414C54483A20416363206E6F697372
:10DEC0006520666C6F6F722076617269616E636542
:10DED00020582B593A25662C20285A3A2566290ABB
:10DEE000004845414C54483A204D6F746F72204DA4
:10DEF00025642076617269616E636520582B593AFA
:10DF000020252E326620285A3A252E3266292C20CA
:10DF1000766F6C74616765207361673A252E32668F
:10DF20000A004845414C54483A2049646C653A25FA
:10DF30002E3266207361673A20252E32660A004829
:10DF400045414C54483A204261747465727920739B
:10DF5000616720647572696E67206C6F61642074FC
:10DF60006573742028252E3266203E20252E3266C9
:10DF700029205B4641494C45445D2E0A00484541F5
:10DF80004C54483A2049646C653A252E3266562036
:10DF90007361673A20252E32665620283C20252EB4
:10DFA00032665629205B4F4B5D0A004845414C5470
:10DFB000483A2050726F70656C6C6572207465739E
:10DFC00074206F6E204D2564205B4641494C5D2EC8
:10DFD000206C6F773A2025302E32662C20686967D6
:10DFE000683A2025302E32662C206D65617375727B
:10DFF00065643A2025302E32660A004845414C546B
:10E00000483A2050726F70656C6C6572207465734D
:10E0100074206F6E204D2564205B504153535D2E5C
:10E02000206C6F773A2025302E32662C2068696785
:10E03000683A2025302E32662C206D65617375722A
:10E0400065643A2025302E32660A004845414C541A
:10E05000483A2050726F70656C6C657220746573FD
:10E0600074206F6E204D25642E204E6F20746872D0
:10E070006573686F6C64207365742E206D656173C1
:10E08000757265643A2025302E32660A002F686F5B
:10E090006D652F636368656E2F74696E796D70634B
:10E0A0002D6372617A79666C69652F6372617A7922
:10E0B000666C69652D6669726D776172652F737222
:10E0C000632F6D6F64756C65732F7372632F6C6F44
:10E0D000672E63006C6F67427946756E6374696F73
:10E0E0006E2D3E6163717569726555496E743800B5
:10E0F0006C6F67427946756E6374696F6E2D3E6111
:10E10000637175697265496E7438006C6F67427926
:10E1100046756E6374696F6E2D3E616371756972C9
:10E120006555496E743136006C6F67427946756E7D
:10E130006374696F6E2D3E61637175697265496EB6
:10E14000743136006C6F67427946756E6374696F1F
:10E150006E2D3E6163717569726555496E74333217
:10E16000006C6F67427946756E6374696F6E2D3E01
:10E1700061637175697265496E743332006C6F67E3
:10E18000427946756E6374696F6E2D3E6171756973
:10E190007265466C6F6174005741524E494E473A62
:10E1A000204C4F47207061636B6574732064726FFD
:10E1B000702064657465637465642028256C75201F
:10E1C0007061636B657473206C6F7374290A0070DF
:10E1D0006C6F7000436C69656E7420757365732095
:10E1E0006F6C64206C6F6767696E672041504921CE
:10E1F0000A00702E73697A65203C3D2043525450CA
:10E200005F4D41585F444154415F53495A45006C4A
:10E210006F6754696D6572006C6F6756617249640F
:10E22000497356616C6964287661726964290000DB
:10E2300001020401020404020102040000000400BF
:10E24000010204566572696669636174696F6E20C4
:10E250006661696C65643A206578706563746564AD
:10E260003A2025642C2061637475616C3A20256422
:10E270002C20616464723A20256C750A002F686F47
:10E280006D652F636368656E2F74696E796D706359
:10E290002D6372617A79666C69652F6372617A7930
:10E2A000666C69652D6669726D776172652F737230
:10E2B000632F6D6F64756C65732F7372632F6D655B
:10E2C0006D2E630068616E646C65724465662D3EF8
:10E2D0007479706520213D2068616E646C6572738D
:10E2E0005B695D2D3E74797065006E724F664861A2
:10E2F0006E646C657273203C204D41585F4E525FD6
:10E3000048414E444C4552530072656769737472BC
:10E310006174696F6E456E61626C6564006F774D04
:10E32000656D48616E646C6572203D3D2030006D06
:10E33000656D4964203C206E724F6648616E646C66
:10E34000657273006F774D656D48616E646C6572C0
:10E350000000000015000000498D02084F8D0208E2
:10E36000658D02084D454D004D5350205265717525
:10E370006573742068617320696E76616C696420CE
:10E38000707265616D626C652025642025640A00E9
:10E390004D53502052657175657374206861732008
:10E3A000696E76616C696420646972656374696F13
:10E3B0006E2025640A004D535020526571756573B7
:10E3C000742068617320696E76616C696420637281
:10E3D000632028256420213D202564290A005265F8
:10E3E00071756573743A2025640A00526563656926
:10E3F00076656420696E76616C6964206F7220694D
:10E400006D70726F7065726C7920666F726D617479
:10E41000746564204D535020726571756573740A7C
:10E420000043463220005265636569766564207555
:10E430006E737570706F72746564204D53502072E6
:10E440006571756573743A2025640A002F686F6DD5
:10E45000652F636368656E2F74696E796D70632DC7
:10E460006372617A79666C69652F6372617A796625
:10E470006C69652D6669726D776172652F73726361
:10E480002F6D6F64756C65732F7372632F7061727B
:10E49000616D5F6C6F6769632E6300506172616DBF
:10E4A00020415049205631206E6F74207375707072
:10E4B0006F7274656420616E796D6F7265210A00F8
:10E4C00070726D2F002F686F6D652F636368656EC6
:10E4D0002F74696E796D70632D6372617A79666CE1
:10E4E00069652F6372617A79666C69652D666972F8
:10E4F0006D776172652F7372632F6D6F64756C65D4
:10E50000732F7372632F6C69676874686F757365B6
:10E510002F6C69676874686F7573655F73746F7269
:10E520006167652E63006261736553746174696F1E
:10E530006E203C3D203900504152414D5F564152C2
:10E5400049445F49535F56414C494428766172699A
:10E5500064290028706172616D735B766172696411
:10E560002E696E6465785D2E74797065202620288A
:10E57000504152414D5F545950455F494E54207CA3
:10E5800020504152414D5F524F4E4C592929203D58
:10E590003D20504152414D5F545950455F494E54C2
:10E5A000005741524E494E473A20506172616D20EA
:10E5B000757064617465206E6F742073656E740A83
:10E5C000000204080000000000000000000000003D
:10E5D000FFFFFFFF504152414D005761726E696E5F
:10E5E000673A2073706972616C20616E676C652098
:10E5F000736174757261746564206174203270692E
:10E600000A005761726E696E673A207370697261B1
:10E610006C20616E676C65207361747572617465DE
:10E6200064206174202D3270690A005761726E692E
:10E630006E673A2072616469757320736574207423
:10E640006F20302028776173206E6567617469766A
:10E650006529200A00504C4154464F524D2D5352CB
:10E660005600000103070000010000000100000047
:10E670000200000006000000180000007800000002
:10E68000D0020000B01300006D34774643496E7429
:10E6900066004261642076616C756520666F722049
:10E6A00065666665637420283E206E6566666563F0
:10E6B00074290A00536F756E6454696D65720000A9
:10E6C0007800000001000000050110004901100061
:10E6D000880110000B020800FE000000000000008E
:10E6E000000000000000000000000000000000002A
:10E6F000000000000000000000000000000000001A
:10E700000000000000000000000000000000000009
:10E7100000000000000000000000000000000000F9
:10E7200000000000000000000000000000000000E9
:10E7300000000000000000000000000000000000D9
:10E7400000000000000000000000000000000000C9
:10E7500000000000000000000000000000000000B9
:10E7600000000000000000000000000000000000A9
:10E770000000000000000000000000000000000099
:10E780000000000000000000000000000000000089
:10E790000000000000000000000000000000000079
:10E7A0000000000000000000000000000000000069
:10E7B0000000000000000000000000000000000059
:10E7C0000000000000000000000000000000000049
:10E7D0000000000000000000000000000000000039
:10E7E0000000000000000000000000000000000029
:10E7F0000000000000000000000000000000000019
:10E80000000000000000000078000000010000008F
:10E8100025010400B8010400FE0000000000000013
:10E8200000000000000000000000000000000000E8
:10E8300000000000000000000000000000000000D8
:10E8400000000000000000000000000000000000C8
:10E8500000000000000000000000000000000000B8
:10E8600000000000000000000000000000000000A8
:10E870000000000000000000000000000000000098
:10E880000000000000000000000000000000000088
:10E890000000000000000000000000000000000078
:10E8A0000000000000000000000000000000000068
:10E8B0000000000000000000000000000000000058
:10E8C0000000000000000000000000000000000048
:10E8D0000000000000000000000000000000000038
:10E8E0000000000000000000000000000000000028
:10E8F0000000000000000000000000000000000018
:10E900000000000000000000000000000000000007
:10E9100000000000000000000000000000000000F7
:10E9200000000000000000000000000000000000E7
:10E9300000000000000000000000000000000000D7
:10E9400000000000000000000000000000000000C7
:10E9500078000000010000003700040000001000F3
:10E960006E00040000001000FF0000000000000026
:10E970000000000000000000000000000000000097
:10E980000000000000000000000000000000000087
:10E990000000000000000000000000000000000077
:10E9A0000000000000000000000000000000000067
:10E9B0000000000000000000000000000000000057
:10E9C0000000000000000000000000000000000047
:10E9D0000000000000000000000000000000000037
:10E9E0000000000000000000000000000000000027
:10E9F0000000000000000000000000000000000017
:10EA00000000000000000000000000000000000006
:10EA100000000000000000000000000000000000F6
:10EA200000000000000000000000000000000000E6
:10EA300000000000000000000000000000000000D6
:10EA400000000000000000000000000000000000C6
:10EA500000000000000000000000000000000000B6
:10EA600000000000000000000000000000000000A6
:10EA70000000000000000000000000000000000096
:10EA80000000000000000000000000000000000086
:10EA900000000000000000007800000001000000FD
:10EAA00025010800B801080025010800FF0000004A
:10EAB0000000000000000000000000000000000056
:10EAC0000000000000000000000000000000000046
:10EAD0000000000000000000000000000000000036
:10EAE0000000000000000000000000000000000026
:10EAF0000000000000000000000000000000000016
:10EB00000000000000000000000000000000000005
:10EB100000000000000000000000000000000000F5
:10EB200000000000000000000000000000000000E5
:10EB300000000000000000000000000000000000D5
:10EB400000000000000000000000000000000000C5
:10EB500000000000000000000000000000000000B5
:10EB600000000000000000000000000000000000A5
:10EB70000000000000000000000000000000000095
:10EB80000000000000000000000000000000000085
:10EB90000000000000000000000000000000000075
:10EBA0000000000000000000000000000000000065
:10EBB0000000000000000000000000000000000055
:10EBC0000000000000000000000000000000000045
:10EBD0000000000000000000000000000000000035
:10EBE0007800000001000000050110002501100060
:10EBF000490110005D01100088011000B8011000EB
:10EC0000ED011000FF000000000000000000000007
:10EC100000000000000000000000000000000000F4
:10EC200000000000000000000000000000000000E4
:10EC300000000000000000000000000000000000D4
:10EC400000000000000000000000000000000000C4
:10EC500000000000000000000000000000000000B4
:10EC600000000000000000000000000000000000A4
:10EC70000000000000000000000000000000000094
:10EC80000000000000000000000000000000000084
:10EC90000000000000000000000000000000000074
:10ECA0000000000000000000000000000000000064
:10ECB0000000000000000000000000000000000054
:10ECC0000000000000000000000000000000000044
:10ECD0000000000000000000000000000000000034
:10ECE0000000000000000000000000000000000024
:10ECF0000000000000000000000000000000000014
:10ED00000000000000000000000000000000000003
:10ED100000000000000000000000000000000000F3
:10ED2000000000000000000078000000010000006A
:10ED30000501020025010200490102005D010200F7
:10ED400088010200B8010200ED010200FF0000008E
:10ED500000000000000000000000000000000000B3
:10ED600000000000000000000000000000000000A3
:10ED70000000000000000000000000000000000093
:10ED80000000000000000000000000000000000083
:10ED90000000000000000000000000000000000073
:10EDA0000000000000000000000000000000000063
:10EDB0000000000000000000000000000000000053
:10EDC0000000000000000000000000000000000043
:10EDD0000000000000000000000000000000000033
:10EDE0000000000000000000000000000000000023
:10EDF0000000000000000000000000000000000013
:10EE00000000000000000000000000000000000002
:10EE100000000000000000000000000000000000F2
:10EE200000000000000000000000000000000000E2
:10EE300000000000000000000000000000000000D2
:10EE400000000000000000000000000000000000C2
:10EE500000000000000000000000000000000000B2
:10EE600000000000000000000000000000000000A2
:10EE700078000000010000001604100016041000C5
:10EE8000FE00000000000000000000000000000084
:10EE90000000000000000000000000000000000072
:10EEA0000000000000000000000000000000000062
:10EEB0000000000000000000000000000000000052
:10EEC0000000000000000000000000000000000042
:10EED0000000000000000000000000000000000032
:10EEE0000000000000000000000000000000000022
:10EEF0000000000000000000000000000000000012
:10EF00000000000000000000000000000000000001
:10EF100000000000000000000000000000000000F1
:10EF200000000000000000000000000000000000E1
:10EF300000000000000000000000000000000000D1
:10EF400000000000000000000000000000000000C1
:10EF500000000000000000000000000000000000B1
:10EF600000000000000000000000000000000000A1
:10EF70000000000000000000000000000000000091
:10EF80000000000000000000000000000000000081
:10EF90000000000000000000000000000000000071
:10EFA0000000000000000000000000000000000061
:10EFB00000000000000000007800000001000000D8
:10EFC000DC000400DC000400DC000400AE000600ED
:10EFD00005011000DC000400AE0006000501100071
:10EFE000DC00020049010400490104004901040059
:10EFF0005D01060005011000CF000400AE00060010
:10F0000005011000DC000200B8010400DC0006006D
:10F01000DC001000B80104009F0106008801100008
:10F0200071011000490110005D0108000000080096
:10F03000E900080037010400250106001501100051
:10F0400005011000F600100005010800000008008E
:10F05000AE000800CF000400AE000600DC00100087
:10F0600005010400DC000600050110004901020052
:10F07000B8010400DC000600DC001000B801040048
:10F080009F01060088011000710110004901100065
:10F090005D01080000000800E900080037010400D5
:10F0A0002501060015011000710110004901100032
:10F0B0005D01080000000800E900080037010400B5
:10F0C000250106001501100005011000F6001000D2
:10F0D0000501080000000800AE000800CF00040091
:10F0E000AE00060005011000DC000400AE000600C2
:10F0F00005011000DC00020000000200FF0000001B
:10F100007800000001000000B8010800FE000000C7
:10F1100000000000000000000000000000000000EF
:10F1200000000000000000000000000000000000DF
:10F1300000000000000000000000000000000000CF
:10F1400000000000000000000000000000000000BF
:10F1500000000000000000000000000000000000AF
:10F16000000000000000000000000000000000009F
:10F17000000000000000000000000000000000008F
:10F18000000000000000000000000000000000007F
:10F19000000000000000000000000000000000006F
:10F1A000000000000000000000000000000000005F
:10F1B000000000000000000000000000000000004F
:10F1C000000000000000000000000000000000003F
:10F1D000000000000000000000000000000000002F
:10F1E000000000000000000000000000000000001F
:10F1F000000000000000000000000000000000000F
:10F2000000000000000000000000000000000000FE
:10F2100000000000000000000000000000000000EE
:10F2200000000000000000000000000000000000DE
:10F2300000000000000000000000000000000000CE
:10F240000000000000000000780000000100000045
:10F2500005010800FE0000000000000000000000A2
:10F26000000000000000000000000000000000009E
:10F27000000000000000000000000000000000008E
:10F28000000000000000000000000000000000007E
:10F29000000000000000000000000000000000006E
:10F2A000000000000000000000000000000000005E
:10F2B000000000000000000000000000000000004E
:10F2C000000000000000000000000000000000003E
:10F2D000000000000000000000000000000000002E
:10F2E000000000000000000000000000000000001E
:10F2F000000000000000000000000000000000000E
:10F3000000000000000000000000000000000000FD
:10F3100000000000000000000000000000000000ED
:10F3200000000000000000000000000000000000DD
:10F3300000000000000000000000000000000000CD
:10F3400000000000000000000000000000000000BD
:10F3500000000000000000000000000000000000AD
:10F36000000000000000000000000000000000009D
:10F37000000000000000000000000000000000008D
:10F38000000000000000000000000000000000007D
:10F390008C00000001000000B9000400F600040029
:10F3A000B9001000F600080025010400F600040072
:10F3B00025010400F6001000250108007101040079
:10F3C00025010400710104002501100071010800ED
:10F3D000B8010400DC00040025010400DC0010007A
:10F3E0002501080071010200FF000000000000007C
:10F3F000000000000000000000000000000000000D
:10F4000000000000000000000000000000000000FC
:10F4100000000000000000000000000000000000EC
:10F4200000000000000000000000000000000000DC
:10F4300000000000000000000000000000000000CC
:10F4400000000000000000000000000000000000BC
:10F4500000000000000000000000000000000000AC
:10F46000000000000000000000000000000000009C
:10F47000000000000000000000000000000000008C
:10F48000000000000000000000000000000000007C
:10F49000000000000000000000000000000000006C
:10F4A000000000000000000000000000000000005C
:10F4B000000000000000000000000000000000004C
:10F4C000000000000000000000000000000000003C
:10F4D0000000000000000000535441423A20574110
:10F4E000524E494E473A2073746162696C697A657D
:10F4F00072206C6F6F702072617465206973206F69
:10F5000066662028256C75290A00535441423A202A
:10F510004552524F523A2073746162696C697A6540
:10F52000725461736B20697320626C6F636B696ED8
:10F53000670A002F686F6D652F636368656E2F74AF
:10F54000696E796D70632D6372617A79666C696535
:10F550002F6372617A79666C69652D6669726D7761
:10F560006172652F7372632F6D6F64756C65732F95
:10F570007372632F73746162696C697A65722E634A
:10F5800000535441423A205761697420666F7220DB
:10F5900073656E736F722063616C69627261746906
:10F5A0006F6E2E2E2E0A00535441423A205374613E
:10F5B0007274696E672073746162696C697A6572CE
:10F5C000206C6F6F700A00524154455F535550458F
:10F5D000525649534F520053544142494C495A459F
:10F5E00052005355503A2053757065727669736FA7
:10F5F0007220696E666F202D2D2D0A005355503AEA
:10F600002053746174653A2025730A005355503AAB
:10F6100020436F6E646974696F6E733A2028307886
:10F62000256C78290A005355503A20202025732054
:10F63000283078256C78293A2025750A00535550D2
:10F640003A20526561647920746F20666C790A00F3
:10F650005355503A2044697361726D696E670A00B0
:10F660005355503A204C6F636B65642C2072656271
:10F670006F6F742072657175697265640A00535505
:10F68000503A20437261736865642C207265636F21
:10F69000766572792072657175697265640A000019
:10F6A000AEA3040892A304089BA30408B4A304080F
:10F6B000C8A30408DCA30408EAA30408F4A304080C
:10F6C00005A4040814A4040824A4040841A40408FC
:10F6D0005AA4040894A3040867A404087FA5040896
:10F6E0006EA4040881A4040896A40408ECA30408EA
:10F6F0002F686F6D652F636368656E2F74696E790F
:10F700006D70632D6372617A79666C69652F6372BF
:10F71000617A79666C69652D6669726D776172656B
:10F720002F7372632F6D6F64756C65732F737263C3
:10F730002F7379736C6F61642E63007461736B4314
:10F740006F756E74203C205441534B5F4D41585FA0
:10F75000434F554E54005359534C4F41443A205453
:10F7600061736B2064756D700A005359534C4F419F
:10F77000443A204C6F616409537461636B206C657B
:10F780006674094E616D650A007461736B546F7025
:10F79000496E646578203C205441534B5F4D41587D
:10F7A0005F434F554E54005359534C4F41443A20F8
:10F7B000252E326620092575200925730A00216946
:10F7C0006E697469616C697A6564007379734C6FF2
:10F7D00061644D6F6E69746F7254696D6572002F4C
:10F7E000686F6D652F636368656E2F74696E796DE0
:10F7F00070632D6372617A79666C69652F637261DB
:10F800007A79666C69652D6669726D776172652FAC
:10F810007372632F6D6F64756C65732F7372632FD2
:10F8200073797374656D2E630053595354454D00BD
:10F830004D4F44494649454400434C45414E0053D1
:10F8400059533A202D2D2D2D2D2D2D2D2D2D2D2D96
:10F850002D2D2D2D2D2D2D2D2D2D2D2D2D2D2D2DD8
:10F860000A005359533A202573206973207570207C
:10F87000616E642072756E6E696E67210A0053595D
:10F88000533A2050726F64756374696F6E207265AD
:10F890006C656173652025730A005359533A204201
:10F8A00075696C642025733A2573202825732920F7
:10F8B00025730A005359533A204920616D2030784E
:10F8C00025303858253038582530385820616E6436
:10F8D000204920686176652025644B42206F6620B0
:10F8E000666C617368210A005359533A2041626F74
:10F8F000757420746F2072756E2074657374732034
:10F90000696E2073797374656D2E632E0A005359E6
:10F91000533A2073797374656D205B4641494C5DA1
:10F920000A005359533A20636F6E666967626C6FC1
:10F93000636B205B4641494C5D0A005359533A20A2
:10F9400073746F72616765205B4641494C5D0A00C4
:10F950005359533A20636F6D6D205B4641494C5DAE
:10F960000A005359533A20636F6D6D616E6465727E
:10F97000205B4641494C5D0A005359533A20737449
:10F980006162696C697A6572205B4641494C5D0A27
:10F99000005359533A20657374696D61746F724BEB
:10F9A000616C6D616E5461736B205B4641494C5DC7
:10F9B0000A005359533A206465636B205B46414902
:10F9C0004C5D0A005359533A20736F756E64205B87
:10F9D0004641494C5D0A005359533A206D656D20EC
:10F9E0005B4641494C5D0A005359533A20435254F7
:10F9F00050206D656D205B4641494C5D0A005359AE
:10FA0000533A207761746368646F674E6F726D61FB
:10FA10006C5374617274205B4641494C5D0A00531B
:10FA200059533A2063664173736572744E6F726DF9
:10FA3000616C5374617274205B4641494C5D0A00ED
:10FA40005359533A20706565724C6F63616C697AE3
:10FA50006174696F6E205B4641494C5D0A005359E1
:10FA6000533A2053656C662074657374207061731B
:10FA7000736564210A005359533A205374617274B8
:10FA800020666F726365642E0A005359533A20460C
:10FA900072656520686561703A202564206279741A
:10FAA00065730A005359533A204E52463531207639
:10FAB000657273696F6E3A2025730A005041535383
:10FAC0005448524F554748002F686F6D652F636348
:10FAD00068656E2F74696E796D70632D6372617ADB
:10FAE00079666C69652F6372617A79666C69652DD8
:10FAF0006669726D776172652F7372632F6D6F64C3
:10FB0000756C65732F7372632F7663705F657363B3
:10FB10005F706173737468726F7567682E630078C5
:10FB2000517565756553656E6446726F6D495352C4
:10FB3000287074527851756575652C202643682CA1
:10FB40002026784869676865725072696F726974B7
:10FB5000795461736B576F6B656E29203D3D207042
:10FB60006454525545007265636569766543685013
:10FB700074720078517565756553656E642870748C
:10FB8000547851756575652C202643682C203029E2
:10FB9000203D3D207064545255450078517565757F
:10FBA0006553656E64287074547851756575652C5D
:10FBB000202643682C20706F72744D41585F444575
:10FBC0004C415929203D3D20706454525545002F29
:10FBD000686F6D652F636368656E2F74696E796DEC
:10FBE00070632D6372617A79666C69652F637261E7
:10FBF0007A79666C69652D6669726D776172652FB9
:10FC00007372632F7574696C732F696E7465726695
:10FC10006163652F63665F6D6174682E6800415291
:10FC20004D5F4D4154485F53554343455353203D29
:10FC30003D20726573756C7400286164647265732D
:10FC40007320262030783329203D3D2030002F6856
:10FC50006F6D652F636368656E2F74696E796D7063
:10FC6000632D6372617A79666C69652F6372617A5C
:10FC700079666C69652D6669726D776172652F733F
:10FC800072632F6D6F64756C65732F7372632F6B66
:10FC9000616C6D616E5F636F72652F6B616C6D611E
:10FCA0006E5F636F72652E6300486D2D3E6E756DDD
:10FCB000526F7773203D3D203100486D2D3E6E75AB
:10FCC0006D436F6C73203D3D204B435F5354415453
:10FCD000455F44494D002169736E616E2848504864
:10FCE0005229002F686F6D652F636368656E2F74EE
:10FCF000696E796D70632D6372617A79666C69657E
:10FD00002F6372617A79666C69652D6669726D77A9
:10FD10006172652F7372632F6D6F64756C65732FDD
:10FD20007372632F6C69676874686F7573652F6C85
:10FD300069676874686F7573655F636F72652E635A
:10FD400000756172743151756575654D61784C65EA
:10FD50006E6774682829203E3D20554152545F4605
:10FD600052414D455F4C454E475448004C483A205F
:10FD700046504741206E6F7420626F6F7465642E29
:10FD8000204C69676874686F757365206469736176
:10FD9000626C6564210A004C483A205761726E69B2
:10FDA0006E673A206E6F742067657474696E6720A1
:10FDB000646174612066726F6D20616C6C20736584
:10FDC0006E736F72730A004C483A2020202564201D
:10FDD0002D204F4B0A004C483A2020202564202D2E
:10FDE000206572726F720A004C483A20476F742087
:10FDF00063616C6962726174696F6E2066726F6DA7
:10FE00002025303858206F6E206368616E6E656CF7
:10FE10002025640A005B504153535D004C48464C1A
:10FE20003A2043616E6E6F7420636F6D6D756E69FD
:10FE3000636174652077697468206C6967687468A9
:10FE40006F75736520626F6F746C6F616465722C7F
:10FE50002061626F7274696E67210A004C48464CDB
:10FE60003A204C69676874686F75736520626F6FBC
:10FE7000746C6F616465722076657273696F6E3A37
:10FE80002025640A004C48464C3A20426974737439
:10FE90007265616D2043524333323A202578202524
:10FEA000730A004C48464C3A204669726D7761727D
:10FEB000652076657273696F6E20256420766572A1
:10FEC00069666965642C20626F6F74696E6720646F
:10FED00065636B210A004C48464C3A205468652003
:10FEE0006465636B2062697473747265616D20640C
:10FEF0006F6573206E6F74206D6174636820746821
:10FF000065207265717569726564206269747374C5
:10FF10007265616D2E0A004C48464C3A20576520A8
:10FF200072657175697265206C69676874686F7550
:10FF300073652062697473747265616D206F6620E9
:10FF400073697A6520256420616E642043524333CF
:10FF5000322025782E0A004C48464C3A204C6561E8
:10FF600076696E6720746865206465636B20696ECE
:10FF700020626F6F746C6F61646572206D6F646571
:10FF8000202E2E2E0A0000008C1A0020A81A002015
:10FF900000000000000000006C682F7379732F30A0
:10FFA0002F67656F2F006C682F7379732F302F6365
:10FFB000616C2F004C485F53544F52453A205741D3
:10FFC000524E494E473A204661696C656420746F11
:10FFD00020706572736973742063616C6962726109
:10FFE00074696F6E206461746120666F7220626153
:10FFF00073652073746174696F6E2025690A006CE3
:020000040805ED
:10000000682F7379732F302F74797065006C682FA7
:1000100076657200434F4E54524F4C4C45523A2035
:100020005573696E67202573202825642920636F26
:100030006E74726F6C6C65720A0000000000000044
:10004000000000000000000039AB0408E12F0308A5
:10005000F92F0308FD2F03083EAB0408192F0308EE
:10006000252F0308292F030842AB04081122030897
:10007000492203084D220308D2A90408F5330308D6
:10008000313D0308093403084CAB04083957030811
:10009000455703084957030889AF04089DF0030832
:1000A00081E6030885E6030858AB04082F686F6DE6
:1000B000652F636368656E2F74696E796D70632D4B
:1000C0006372617A79666C69652F6372617A7966A9
:1000D0006C69652D6669726D776172652F737263E5
:1000E0002F6D6F64756C65732F7372632F657374F6
:1000F000696D61746F722F657374696D61746F726D
:100100005F6B616C6D616E2E630072756E5461730E
:100110006B53656D6170686F7265004B414C4D416A
:100120004E004553544B414C4D414E3A204174745E
:10013000697475646520726576657273696F6E2087
:1001400064656163746976617465642062792064B2
:1001500065636B0A004553544B414C4D414E3A2068
:100160005741524E494E473A204B616C6D616E20AB
:1001700070726564696374696F6E20726174652062
:100180006F66662028256C75290A004553544B413B
:100190004C4D414E3A205374617465206F75742044
:1001A0006F6620626F756E64732C20726573657460
:1001B00074696E670A00455354494D41544F523A91
:1001C000205573696E6720257320282564292065D2
:1001D0007374696D61746F720A00000001000000A1
:1001E000FAAD040807000000FDB10408010000009A
:1001F0001AB204080100000091B1040801000000D7
:100200009AB1040801000000A8B10408070000002A
:1002100057A7040807000000B0B10408010000005F
:1002200029B20408010000002DB2040807000000F4
:1002300031B2040807000000C7B104080000000044
:1002400000000000000000000000000039AB0408BE
:100250006557030800000000695703086D5703083D
:1002600044B104085559030800000000095C030864
:100270001159030852B10408303B43463230005054
:100280004C4154464F524D3A204C6F7720696E7462
:100290006572666572656E6365206D6F64652E209C
:1002A0004E5246353120545820706F776572206F5A
:1002B000666673657420627920256464622E0D0A77
:1002C000005359533A204173736572742066616913
:1002D0006C65642025733A25640A005359533A200B
:1002E0004E6F2061737365727420696E666F726DF4
:1002F0006174696F6E20666F756E640A005359539E
:100300003A20417373657274206661696C6564207C
:1003100061742025733A25640A005359533A2048E2
:100320006172646661756C742E2072303A202558B3
:100330002C2072313A2025582C2072323A20255830
:100340002C2072333A2025582C207231323A202545
:10035000582C206C723A2025582C2070633A2025A6
:10036000582C207073723A2025580A005359533A7A
:1003700020417373657274206661696C65643A200C
:1003800025730A005359533A2041737365727420E0
:100390006661696C65642C2062757420756E6B6E85
:1003A0006F776E20747970650A005359533A205460
:1003B00068652073797374656D20726573756D65FA
:1003C000642061667465722061206661696C656491
:1003D00020617373657274205B5741524E494E47DA
:1003E0005D0A00434647424C4B3A207625642C2058
:1003F000766572696669636174696F6E205B4F4BE5
:100400005D0A00434647424C4B3A20566572696686
:1004100069636174696F6E205B4641494C5D0A00F7
:10042000303132333435363738394142434445462A
:10043000060000004572726F723A207461626C654A
:1004400020636F72727570746564210A0045727260
:100450006F723A206D656D6F72792066756C6C21D4
:10046000000000000C510700244D07005445070010
:10047000843D07009C390700CC310700E42D0700BC
:10048000FC2907001426070074160700EC02070079
:100490004CF306007CEB0600C4DF060024D0060007
:1004A0006CC40600000000005BC9332FCBD50000F0
:1004B00000000000920E493CB10AC93C2BC3163D16
:1004C0002EFB483D752B7B3D04A9963D80B6AF3D84
:1004D00036BDC83D2FBCE13D73B2FA3D87CF093E22
:1004E0008340163EB5AB223EA2102F3ECF6E3B3E60
:1004F000C2C5473E0115543E135C603E7F9A6C3E78
:10050000CCCF783EC07D823E938E883E229A8E3E2E
:1005100032A0943E86A09A3EE59AA03E128FA63E57
:10052000D47CAC3EEF63B23E2A44B83E491DBE3E89
:1005300015EFC33E53B9C93ECA7BCF3E4136D53EC7
:1005400080E8DA3E4F92E03E7533E63EBBCBEB3EB1
:10055000EA5AF13ECBE0F63E275DFC3EE4E7003F81
:100560003D9C033F824B063F9BF5083F6B9A0B3F38
:10057000DA390E3FCDD3103F2A68133FD9F6153F25
:10058000C07F183FC6021B3FD17F1D3FCBF61F3FE8
:100590009967223F25D2243F5636273F1594293F9D
:1005A0004AEB2B3FDE3B2E3FBB85303FC9C8323F75
:1005B000F304353F233A373F4268393F3B8F3B3F97
:1005C000F9AE3D3F67C73F3F70D8413F01E2433F2F
:1005D00003E4453F65DE473F12D1493FF8BB4B3F3F
:1005E000029F4D3F207A4F3F3D4D513F4918533FA9
:1005F00031DB543FE595563F5348583F6AF2593F27
:100600001A945B3F532D5D3F05BE5E3F2146603F20
:1006100097C5613F5A3C633F59AA643F880F663FC4
:10062000D86B673F3CBF683FA7096A3F0C4B6B3FE5
:100630005E836C3F93B26D3F9ED86E3F73F56F3F04
:100640000809713F5213723F4714733FDD0B743F2B
:100650000BFA743FC6DE753F07BA763FC58B773F0E
:10066000F853783F9812793F9DC7793F02737A3FDC
:10067000BE147B3FCDAC7B3F283B7C3FC9BF7C3F5A
:10068000AC3A7D3FCCAB7D3F23137E3FB0707E3FC5
:100690006DC47E3F580E7F3F6D4E7F3FAB847F3FE2
:1006A0000FB17F3F97D37F3F43EC7F3F11FB7F3FED
:1006B0000000803F11FB7F3F43EC7F3F97D37F3F9C
:1006C0000FB17F3FAB847F3F6D4E7F3F580E7F3F22
:1006D0006DC47E3FB0707E3F23137E3FCCAB7D3F29
:1006E000AC3A7D3FC9BF7C3F283B7C3FCDAC7B3FD4
:1006F000BE147B3F02737A3F9DC7793F9812793FC2
:10070000F853783FC58B773F07BA763FC6DE753F13
:100710000BFA743FDD0B743F4714733F5213723F63
:100720000809713F73F56F3F9ED86E3F93B26D3FDE
:100730005E836C3F0C4B6B3FA7096A3F3CBF683F31
:10074000D86B673F880F663F59AA643F5A3C633FA6
:1007500097C5613F2146603F05BE5E3F532D5D3F1B
:100760001A945B3F6AF2593F5348583FE595563F0C
:1007700031DB543F4918533F3D4D513F207A4F3FA5
:10078000029F4D3FF8BB4B3F12D1493F65DE473FCB
:1007900003E4453F01E2433F70D8413F67C73F3F15
:1007A000F9AE3D3F3B8F3B3F4268393F233A373FED
:1007B000F304353FC9C8323FBB85303FDE3B2E3F97
:1007C0004AEB2B3F1594293F5636273F25D2243F2D
:1007D0009967223FCBF61F3FD17F1D3FC6021B3FCB
:1007E000C07F183FD9F6153F2A68133FCDD3103F7D
:1007F000DA390E3F6B9A0B3F9BF5083F824B063F61
:100800003D9C033FE4E7003F275DFC3ECBE0F63E26
:10081000EA5AF13EBBCBEB3E7533E63E4F92E03EEB
:1008200080E8DA3E4136D53ECA7BCF3E53B9C93E59
:1008300015EFC33E491DBE3E2A44B83EEF63B23EAB
:10084000D47CAC3E128FA63EE59AA03E86A09A3E8E
:1008500032A0943E229A8E3E938E883EC07D823E88
:10086000CCCF783E7F9A6C3E135C603E0115543EBF
:10087000C2C5473ECF6E3B3EA2102F3EB5AB223ED7
:100880008340163E87CF093E73B2FA3D2FBCE13D4F
:1008900036BDC83D80B6AF3D04A9963D752B7B3D66
:1008A0002EFB483D2BC3163DB10AC93C920E493C74
:1008B00000000000920E49BCB10AC9BC2BC316BD92
:1008C0002EFB48BD752B7BBD04A996BD80B6AFBD80
:1008D00036BDC8BD2FBCE1BD73B2FABD87CF09BE1E
:1008E000834016BEB5AB22BEA2102FBECF6E3BBE5C
:1008F000C2C547BE011554BE135C60BE7F9A6CBE74
:10090000CCCF78BEC07D82BE938E88BE229A8EBE2A
:1009100032A094BE86A09ABEE59AA0BE128FA6BE53
:10092000D47CACBEEF63B2BE2A44B8BE491DBEBE85
:1009300015EFC3BE53B9C9BECA7BCFBE4136D5BEC3
:1009400080E8DABE4F92E0BE7533E6BEBBCBEBBEAD
:10095000EA5AF1BECBE0F6BE275DFCBEE4E700BF7D
:100960003D9C03BF824B06BF9BF508BF6B9A0BBF34
:10097000DA390EBFCDD310BF2A6813BFD9F615BF21
:10098000C07F18BFC6021BBFD17F1DBFCBF61FBFE4
:10099000996722BF25D224BF563627BF159429BF99
:1009A0004AEB2BBFDE3B2EBFBB8530BFC9C832BF71
:1009B000F30435BF233A37BF426839BF3B8F3BBF93
:1009C000F9AE3DBF67C73FBF70D841BF01E243BF2B
:1009D00003E445BF65DE47BF12D149BFF8BB4BBF3B
:1009E000029F4DBF207A4FBF3D4D51BF491853BFA5
:1009F00031DB54BFE59556BF534858BF6AF259BF23
:100A00001A945BBF532D5DBF05BE5EBF214660BF1C
:100A100097C561BF5A3C63BF59AA64BF880F66BFC0
:100A2000D86B67BF3CBF68BFA7096ABF0C4B6BBFE1
:100A30005E836CBF93B26DBF9ED86EBF73F56FBF00
:100A4000080971BF521372BF471473BFDD0B74BF27
:100A50000BFA74BFC6DE75BF07BA76BFC58B77BF0A
:100A6000F85378BF981279BF9DC779BF02737ABFD8
:100A7000BE147BBFCDAC7BBF283B7CBFC9BF7CBF56
:100A8000AC3A7DBFCCAB7DBF23137EBFB0707EBFC1
:100A90006DC47EBF580E7FBF6D4E7FBFAB847FBFDE
:100AA0000FB17FBF97D37FBF43EC7FBF11FB7FBFE9
:100AB000000080BF11FB7FBF43EC7FBF97D37FBF98
:100AC0000FB17FBFAB847FBF6D4E7FBF580E7FBF1E
:100AD0006DC47EBFB0707EBF23137EBFCCAB7DBF25
:100AE000AC3A7DBFC9BF7CBF283B7CBFCDAC7BBFD0
:100AF000BE147BBF02737ABF9DC779BF981279BFBE
:100B0000F85378BFC58B77BF07BA76BFC6DE75BF0F
:100B10000BFA74BFDD0B74BF471473BF521372BF5F
:100B2000080971BF73F56FBF9ED86EBF93B26DBFDA
:100B30005E836CBF0C4B6BBFA7096ABF3CBF68BF2D
:100B4000D86B67BF880F66BF59AA64BF5A3C63BFA2
:100B500097C561BF214660BF05BE5EBF532D5DBF17
:100B60001A945BBF6AF259BF534858BFE59556BF08
:100B700031DB54BF491853BF3D4D51BF207A4FBFA1
:100B8000029F4DBFF8BB4BBF12D149BF65DE47BFC7
:100B900003E445BF01E243BF70D841BF67C73FBF11
:100BA000F9AE3DBF3B8F3BBF426839BF233A37BFE9
:100BB000F30435BFC9C832BFBB8530BFDE3B2EBF93
:100BC0004AEB2BBF159429BF563627BF25D224BF29
:100BD000996722BFCBF61FBFD17F1DBFC6021BBFC7
:100BE000C07F18BFD9F615BF2A6813BFCDD310BF79
:100BF000DA390EBF6B9A0BBF9BF508BF824B06BF5D
:100C00003D9C03BFE4E700BF275DFCBECBE0F6BE22
:100C1000EA5AF1BEBBCBEBBE7533E6BE4F92E0BEE7
:100C200080E8DABE4136D5BECA7BCFBE53B9C9BE55
:100C300015EFC3BE491DBEBE2A44B8BEEF63B2BEA7
:100C4000D47CACBE128FA6BEE59AA0BE86A09ABE8A
:100C500032A094BE229A8EBE938E88BEC07D82BE84
:100C6000CCCF78BE7F9A6CBE135C60BE011554BEBB
:100C7000C2C547BECF6E3BBEA2102FBEB5AB22BED3
:100C8000834016BE87CF09BE73B2FABD2FBCE1BD4B
:100C900036BDC8BD80B6AFBD04A996BD752B7BBD62
:100CA0002EFB48BD2BC316BDB10AC9BC920E49BC70
:100CB000000000802F686F6D652F636368656E2F7D
:100CC00074696E796D70632D6372617A79666C698F
:100CD000652F6372617A79666C69652D6669726DDC
:100CE000776172652F76656E646F722F46726565E7
:100CF00052544F532F6576656E745F67726F7570CF
:100D0000732E630070784576656E7447726F7570E8
:100D1000427566666572007853697A65203D3D20AC
:100D200073697A656F6628204576656E7447726FC1
:100D300075705F74202900784576656E7447726F10
:100D40007570002820757842697473546F57616913
:100D500074466F722026206576656E744556454E42
:100D6000545F424954535F434F4E54524F4C5F427D
:100D7000595445532029203D3D2030007578426963
:100D80007473546F57616974466F7220213D20302F
:100D9000002128202820785461736B4765745363C1
:100DA000686564756C657253746174652829203DAB
:100DB0003D207461736B5343484544554C45525F25
:100DC00053555350454E444544202920262620287B
:100DD00020785469636B73546F5761697420213DA7
:100DE0002030202920290028207578426974735406
:100DF0006F5365742026206576656E744556454EA2
:100E0000545F424954535F434F4E54524F4C5F42DC
:100E1000595445532029203D3D2030002F686F6DE7
:100E2000652F636368656E2F74696E796D70632DCD
:100E30006372617A79666C69652F6372617A79662B
:100E40006C69652D6669726D776172652F76656E66
:100E5000646F722F4672656552544F532F706F72D4
:100E60007461626C652F4743432F41524D5F434D80
:100E700034462F706F72742E6300757843726974F4
:100E80006963616C4E657374696E67203D3D207EB9
:100E900030554C002820706F72744E5649435F499C
:100EA0004E545F4354524C5F524547202620706F8A
:100EB0007274564543544143544956455F4D41531E
:100EC0004B2029203D3D20300075784372697469BC
:100ED00063616C4E657374696E6700706F72744302
:100EE0005055494420213D20706F7274434F525435
:100EF00045585F4D375F723070315F494400706F05
:100F00007274435055494420213D20706F727443E0
:100F10004F525445585F4D375F723070305F4944CF
:100F200000756343757272656E745072696F726991
:100F30007479203E3D2075634D6178537973436128
:100F40006C6C5072696F72697479002820706F72CE
:100F50007441495243525F524547202620706F72B8
:100F6000745052494F524954595F47524F55505F40
:100F70004D41534B2029203C3D20756C4D617850EC
:100F8000524947524F555056616C7565002F686F36
:100F90006D652F636368656E2F74696E796D70631C
:100FA0002D6372617A79666C69652F6372617A79F3
:100FB000666C69652D6669726D776172652F7665FD
:100FC0006E646F722F4672656552544F532F706F67
:100FD000727461626C652F4D656D4D616E672F682F
:100FE0006561705F342E63002820282028207369F3
:100FF0007A655F7420292070784E6577426C6F6344
:101000006B4C696E6B2029202620706F72744259D8
:1010100054455F414C49474E4D454E545F4D4153F9
:101020004B2029203D3D20300028202820282073F7
:10103000697A655F74202920707652657475726EC6
:101040002029202620282073697A655F74202920B2
:10105000706F7274425954455F414C49474E4D453B
:101060004E545F4D41534B2029203D3D20300028F8
:101070002070784C696E6B2D3E78426C6F636B53B9
:10108000697A6520262078426C6F636B416C6C6FC7
:101090006361746564426974202920213D20300019
:1010A00070784C696E6B2D3E70784E657874467220
:1010B0006565426C6F636B203D3D204E554C4C0086
:1010C0002F686F6D652F636368656E2F74696E7925
:1010D0006D70632D6372617A79666C69652F6372D6
:1010E000617A79666C69652D6669726D7761726582
:1010F0002F76656E646F722F4672656552544F533A
:101100002F71756575652E6300707851756575650D
:1011100000757851756575654C656E677468203E1D
:101120002028205542617365547970655F742029C9
:10113000203000707853746174696351756575650A
:1011400020213D204E554C4C002128202820707530
:1011500063517565756553746F7261676520213DD4
:10116000204E554C4C2029202626202820757849D1
:1011700074656D53697A65203D3D20302029202912
:10118000002128202820707563517565756553749A
:101190006F72616765203D3D204E554C4C202920E3
:1011A000262620282075784974656D53697A652054
:1011B000213D203020292029007853697A65203D7F
:1011C0003D2073697A656F66282051756575655F86
:1011D00074202900282075784974656D53697A65F3
:1011E000203D3D20302029207C7C2028207578510E
:1011F000756575654C656E677468203D3D202820D7
:1012000078517565756553697A65496E427974657B
:1012100073202F2075784974656D53697A6520298C
:10122000202900212820282070764974656D546F8C
:101230005175657565203D3D204E554C4C2029204B
:101240002626202820707851756575652D3E7578A5
:101250004974656D53697A6520213D2028205542E7
:10126000617365547970655F742029203055202999
:10127000202900212820282078436F7079506F732F
:101280006974696F6E203D3D2071756575654F56B7
:10129000455257524954452029202626202820709F
:1012A0007851756575652D3E75784C656E67746807
:1012B00020213D203120292029006354784C6F6380
:1012C0006B20213D207175657565494E54385F4D21
:1012D000415800707851756575652D3E7578497473
:1012E000656D53697A65203D3D2030002128202816
:1012F00020707851756575652D3E757851756575E9
:101300006554797065203D3D207175657565515551
:101310004555455F49535F4D555445582029202672
:1013200026202820707851756575652D3E752E78BC
:1013300053656D6170686F72652E784D7574657850
:10134000486F6C64657220213D204E554C4C20291D
:1013500020290028207078517565756520290021A5
:10136000282028202820707642756666657220291C
:10137000203D3D204E554C4C20292026262028205B
:1013800028207078517565756520292D3E7578493E
:1013900074656D53697A6520213D2028205542618E
:1013A0007365547970655F74202920305520292099
:1013B000290078496E6865726974616E63654F6370
:1013C000637572726564203D3D20706446414C53E4
:1013D00045002128202820707642756666657220B7
:1013E0003D3D204E554C4C2029202626202820709B
:1013F0007851756575652D3E75784974656D5369CD
:101400007A6520213D20282055426173655479700A
:10141000655F7420292030552029202900635278E7
:101420004C6F636B20213D207175657565494E5485
:10143000385F4D4158002F686F6D652F6363686595
:101440006E2F74696E796D70632D6372617A79663F
:101450006C69652F6372617A79666C69652D66695E
:10146000726D776172652F76656E646F722F46724A
:10147000656552544F532F7461736B732E630078FC
:101480005461736B0070785443422D3E75635374FE
:1014900061746963616C6C79416C6C6F63617465D4
:1014A00064203D3D2074736B535441544943414C77
:1014B0004C595F414C4C4F43415445445F53544158
:1014C000434B5F414E445F54434200707578537400
:1014D00061636B42756666657220213D204E554CF6
:1014E0004C0070785461736B42756666657220219A
:1014F0003D204E554C4C007853697A65203D3D2087
:1015000073697A656F6628205443425F742029000E
:1015100075785363686564756C657253757370652F
:101520006E646564203D3D20300070785443420075
:10153000785461736B546F526573756D65004944DF
:101540004C45007852657475726E20213D2065729D
:1015500072434F554C445F4E4F545F414C4C4F4388
:101560004154455F52455155495245445F4D454DA3
:101570004F52590028206C6973744C4953545F4989
:10158000535F454D5054592820707844656C6179FB
:1015900065645461736B4C6973742029202900754C
:1015A000785363686564756C657253757370656EA6
:1015B00064656400707850726576696F7573576101
:1015C0006B6554696D650028207854696D65496EB6
:1015D0006372656D656E74203E2030552029006C65
:1015E00069737443555252454E545F4C4953545F8E
:1015F0004C454E4754482820262820707852656173
:1016000064795461736B734C697374735B20757880
:10161000546F705072696F72697479205D2029204F
:1016200029203E20300070784576656E744C6973D1
:1016300074007078556E626C6F636B6564544342DE
:101640000075785363686564756C65725375737063
:10165000656E64656420213D20706446414C5345AD
:1016600000707854696D654F7574007078546963C3
:101670006B73546F57616974007078544342203D16
:101680003D20707843757272656E745443420070E9
:10169000785443422D3E75784D757465786573486E
:1016A000656C6400707854434220213D207078437B
:1016B000757272656E74544342007578496E646544
:1016C00078546F57616974203C20636F6E66696758
:1016D0005441534B5F4E4F54494649434154494F3F
:1016E0004E5F41525241595F454E54524945530055
:1016F0007578496E646578546F4E6F7469667920A9
:101700003C20636F6E6669675441534B5F4E4F5484
:10171000494649434154494F4E5F41525241595FF6
:10172000454E545249455300785461736B546F4E83
:101730006F7469667900785469636B436F756E7472
:10174000203D3D2028205469636B547970655F7497
:1017500020292030006C6973744C4953545F4954FC
:10176000454D5F434F4E5441494E4552282026284F
:101770002070785443422D3E784576656E744C69EE
:1017800073744974656D20292029203D3D204E55F4
:101790004C4C00546D725100546D722053766300AE
:1017A0002F686F6D652F636368656E2F74696E793E
:1017B0006D70632D6372617A79666C69652F6372EF
:1017C000617A79666C69652D6669726D776172659B
:1017D0002F76656E646F722F4672656552544F5353
:1017E0002F74696D6572732E63007852657475721B
:1017F0006E0028207854696D6572506572696F6457
:10180000496E5469636B73203E2030202900785361
:10181000697A65203D3D2073697A656F662820549A
:10182000696D65725F74202900707854696D657206
:10183000427566666572007854696D65720078520B
:101840006573756C74002820707854696D65722D0D
:101850003E7854696D6572506572696F64496E5463
:1018600069636B73203E20302029002F686F6D65FF
:101870002F636368656E2F74696E796D70632D6375
:1018800072617A79666C69652F6372617A79666CC8
:1018900069652D6669726D776172652F76656E6414
:1018A0006F722F4672656552544F532F7374726571
:1018B000616D5F6275666665722E63006D656D733E
:1018C000657428207075634275666665722C2028E1
:1018D00020696E7420292078577269746556616C8E
:1018E00075652C207842756666657253697A654223
:1018F000797465732029203D3D20707563427566BB
:101900006665720078436F756E74203E20282073E0
:10191000697A655F7420292030002820784E657828
:101920007448656164202B207846697273744C6535
:101930006E6774682029203C3D207078537472656E
:10194000616D4275666665722D3E784C656E677492
:101950006800282078436F756E74202D20784669C2
:101960007273744C656E6774682029203C3D20704A
:101970007853747265616D4275666665722D3E7846
:101980004C656E67746800707853747265616D425F
:10199000756666657200707654784461746100788B
:1019A00052657175697265645370616365203E208C
:1019B00078446174614C656E6774684279746573CC
:1019C00000707853747265616D4275666665722D3C
:1019D0003E785461736B57616974696E67546F53D5
:1019E000656E64203D3D204E554C4C00C6BBB3A3F4
:1019F0008F7F6D543B1F00244154616A6E706E6985
:101A0000645D5245331B0015232A313E474C515625
:101A1000897A6958452F190015304F697F93A0A91D
:101A2000B2C5938575634B321D00182D3F4C57622C
:101A3000747A848E00010A02020554494E594D50B1
:101A4000432D453A2057616974696E6720666F724D
:101A50002061637469766174696F6E202E2E2E0A80
:101A60000054494E594D50432D453A204F4F542074
:101A70006163746976617465643A20686F6C642090
:101A8000706F733D28252E32662C252E32662C254C
:101A90002E3266290A0054494E594D50430054498C
:101AA0004E594D50432D453A20436F6D6D616E6424
:101AB00065722F736574706F696E74206D6F6465E5
:101AC00020656E61626C65640A0054494E594D5040
:101AD000432D453A204D50433A20706F733D2825E1
:101AE0002E32662C252E32662C252E326629207247
:101AF00065663D28252E32662C252E32662C252E35
:101B00003266290A0054494E594D50432D453A201A
:101B10004D50433A20753D28252E32662C252E3215
:101B2000662C252E32662C252E3266292069746596
:101B3000723D256420736F6C76653D256C757573F9
:101B40000A007573655265660079617752656600B3
:101B500073746F705F7669735961770072784F6B39
:101B6000006372634572720062616452780064754A
:101B700070527800696E76616C6964007144726FAE
:101B80007000737461636B4672656500726573659E
:101B90007473007374617465547800737461746550
:101BA00044726F700073746F705F676174653800A2
:101BB00063616D5961770063616D467764006361AD
:101BC0006D4C6566740073746F705F666C6F7743FD
:101BD000616C0073746F705F666C6F774F627343F4
:101BE000746C007769726553657100736571476144
:101BF0007000736571526573657400747261636B14
:101C0000527800747261636B426164007472616344
:101C10006B44757000747261636B4761700074721D
:101C200061636B53657100747261636B4E00747213
:101C300061636B56657200747261636B5469636BA8
:101C40000064657074684E006677644465707468FB
:101C50000064657074684D6F7400646570746847E3
:101C6000656F0064657074685369670064657074BB
:101C70006853796E630064657074685345727200CE
:101C800074726B537570706F72740074726B5369F9
:101C9000676D610074726B41676500626173656CAA
:101CA000696E65006C6F6F6D4E006C6F6F6D526189
:101CB000746500654272616B6500676170385473CA
:101CC000006167654D73006E6577436F756E7400D4
:101CD0006D6170566F746573007761734E65770040
:101CE000666C61677300647400666C6F77583000CF
:101CF000666C6F77583100666C6F77583200666C8F
:101D00006F77583300666C6F77583400666C6F7766
:101D1000583500666C6F77583600666C6F775837A9
:101D200000666C6F77583800666C6F7759300066C4
:101D30006C6F77593100666C6F77593200666C6F43
:101D400077593300666C6F77593400666C6F77593A
:101D50003500666C6F77593600666C6F77593700BF
:101D6000666C6F775938007369676D61300073690D
:101D7000676D6131007369676D6132007369676D0A
:101D80006133007369676D6134007369676D613534
:101D9000007369676D6136007369676D6137007341
:101DA00069676D613800636F6E663000636F6E66E1
:101DB0003100636F6E663200636F6E663300636F6F
:101DC0006E663400636F6E663500636F6E66360054
:101DD000636F6E663700636F6E663800626F64799A
:101DE000567800626F647956790073796E634F6B31
:101DF0000073796E634572720073796E634D697317
:101E000073007265735830007265735831007265E3
:101E1000735832007265735833007265735834001A
:101E20007265735835007265735836007265735861
:101E3000370072657358380076456666300076451F
:101E40006666310076456666320076456666330022
:101E50007645666634007645666635007645666684
:101E60003600764566663700764566663800696EE8
:101E7000763000696E763100696E763200696E7672
:101E80003300696E763400696E763500696E763699
:101E900000696E763700696E76380072616E67652C
:101EA000300072616E6765310072616E6765320085
:101EB00072616E6765330072616E676534007261CE
:101EC0006E6765350072616E6765360072616E67B8
:101ED00065370072616E6765380072616E676553C1
:101EE0006967300072616E676553696731007261BE
:101EF0006E6765536967320072616E676553696723
:101F0000330072616E6765536967340072616E6792
:101F100065536967350072616E676553696736009E
:101F200072616E6765536967370072616E676553EA
:101F30006967380076616C6964300076616C696449
:101F4000310076616C6964320076616C69643300DB
:101F500076616C6964340076616C69643500766121
:101F60006C6964360076616C6964370076616C690F
:101F70006438006278300062783100627832006242
:101F80007833006278340062783500627836006217
:101F90007837006278380062793000627931006207
:101FA00079320062793300627934006279350062F7
:101FB00079360062793700627938006E6561725651
:101FC000616C6964006E656172496478006E656178
:101FD0007252616E6765006E6561724278006E656F
:101FE00061724279006E6561725778006E65617248
:101FF0005779006F627356616C6964006F62734851
:10200000697473006F62735374617274006F6273EA
:10201000436F756E74006F627352616E6765006F17
:10202000627342656172006F62734278006F62731F
:102030004279006F62735778006F62735779006F4F
:1020400062735261646975730072656A65637400D6
:1020500072656A4D6F74696F6E0072656A59617757
:102060000072656A44657074680072656A446973D9
:10207000700072656A47726F7570006167674469C6
:10208000737000796177526174696F0064657044A0
:102090006973616772006772704469737000677278
:1020A0007053636F72650063796C56616C6964008C
:1020B00063796C436F6E660063796C41676500639A
:1020C000796C42780063796C42790063796C577857
:1020D0000063796C57790063796C52616469757338
:1020E0000063796C52656A6563740063796C496E4C
:1020F0006E6F760063796C566172580063796C5626
:102100006172590063796C436F765859006D617044
:102110005065616B006D6170416374697665006D37
:10212000617042657374007265736574436E740008
:1021300073746F705F666C6F774F62735278006470
:1021400075706C69636174650073746F705F70653E
:1021500072636570744D61700073616D706C6500C1
:102160006D617844616E6765720063747244616E7C
:10217000676572006D696E54746300636F72726993
:10218000646F72006E43737472006D617267696E82
:102190005078006D6178536C61636B0073756D539B
:1021A0006C61636B00736C61636B436F7374006687
:1021B00061696C536F6C7665006E656172496E661D
:1021C000006C6566744E78006C6566744E790072BA
:1021D000696768744E780072696768744E79006741
:1021E00061746543656C6C730073746F705F7065C8
:1021F000726365707400636F6E73747261696E00F0
:102200006C6F674F6E6C79006D617852616E6765B7
:10221000006E6F6D53706565640064616E67657212
:10222000546872006261736550780064726F6E6505
:1022300052616400736166657479006C6F6F6B61E5
:102240006865616400736C61636B50656E006B530D
:102250007461727400676174654F70656E006761C8
:1022600074655468720067617465496E73657400C3
:1022700067617465436170006761746552616E6780
:10228000650067617465556E63006761746500651C
:1022900078705200657870410072656A0073746FDF
:1022A000705F7669734675736500677800677900BB
:1022B000677A006462675700646267480064626717
:1022C000520064626741676500726561736F6E00FA
:1022D0006C74636800747800747A00706861736568
:1022E0000073746F705F7669734761746500696E1F
:1022F0006A007363686564007374643000737464A7
:102300005200666F7600696E634D696E0072476FAA
:102310006F6400724661720077466C720077437595
:1023200074006D6178496E006741780067417900FB
:1023300067417A00674278006742790067427A0015
:102340006C6F6F705700737065656400646972002C
:1023500073746F705F63697263756974006E617620
:10236000456E007468726F7567680073746F705F94
:10237000676174654E617600667800637800696D08
:10238000675700696D67480063726E480067617443
:102390006557006761746548006D6E744677640028
:1023A0006D6E745570006D6E74506974006D6E744E
:1023B00059617700724D696E00724D6178006D61F0
:1023C0007841676500616374697665006170706C5F
:1023D0007900636F756E740066697273744B006D7B
:1023E000617267696E0076696F6C00636C6561721B
:1023F00000656666437800656666437900656666D3
:1024000052616400666C6F7743660066727A56614B
:102410006C69640066727A43780066727A43790068
:1024200066727A4366006D706355730069746572F5
:102430000073746F705F6F627300706964506173D2
:102440007300757365466C6F7700667265657A65B3
:102450000066727A436C6561720066727A416674D6
:10246000657200637A0072616469757300686569FA
:10247000676874006163744D6172670073696465B5
:102480000064656C61794D730090190833009019F0
:10249000083500901908360090190837002F686F2A
:1024A0006D652F636368656E2F74696E796D7063F7
:1024B0002D6372617A79666C69652F617070732F14
:1024C000636F6E74726F6C6C65725F74696E796D38
:1024D00070635F656967656E2F7372632F676174E0
:1024E00065385F6C696E6B2E6300675F737461742F
:1024F000655478517565756520213D204E554C4CCD
:102500000047415445385258007461736B437265FB
:1025100061746564203D3D20706450415353004711
:102520004154453854580074785461736B43726554
:1025300061746564203D3D207064504153530076C2
:102540006973696F6E206C696E6B3A205541525405
:10255000312F5553415254334025642073746172B6
:102560007465640A0000000001000000FFFFFFFF27
:10257000000000000000000000000000000000005B
:1025800001000000FFFFFFFF69746572202020003A
:102590006F626A65637469766520202020707269B5
:1025A000207265732020202064756120726573207D
:1025B00020202072686F0025346900202531322EDA
:1025C000346500202025392E3265007374617475DE
:1025D000733A20202020202020202020202020208E
:1025E0002025690A006E756D626572206F6620692C
:1025F0007465726174696F6E733A2025690A006FA1
:102600007074696D616C206F626A65637469766568
:102610003A20202020252E34660A000043000000C6
:10262000504F5349580000002E000000494E46000C
:10263000696E66004E414E006E616E00303132337D
:1026400034353637383961626364656600000000EE
:1026500030313233343536373839414243444546D8
:1026600000000000286E756C6C290000300000002E
:102670004E614E00496E66696E6974790000000013
:1026800042616C6C6F632073756363656564656438
:10269000000000002E2E2F2E2E2F2E2E2F2E2E2F0E
:1026A0002E2E2F2E2E2F2E2E2F2E2E2F6E65776C48
:1026B00069622F6C6962632F7374646C69622F6442
:1026C000746F612E630000002E2E2F2E2E2F2E2EC3
:1026D0002F2E2E2F2E2E2F2E2E2F2E2E2F2E2E2F14
:1026E0006E65776C69622F6C6962632F7374646CBA
:1026F00069622F6D707265632E6300002C20667511
:102700006E6374696F6E3A20000000006173736538
:102710007274696F6E2022257322206661696C6570
:10272000643A2066696C6520222573222C206C692E
:102730006E65202564257325730A00008100000062
:10274000A597040800000000000000000000000041
:102750000800000089970408580B002000000000C2
:10276000000000000000000091970408590B0020B1
:102770000000000000000000080000009797040817
:10278000882B0020000000000000000080000000F6
:10279000A0970408000000000000000000000000F6
:1027A00081000000CC970408000000000000000039
:1027B0000000000038010000F2970408600B0020C0
:1027C000000000000000000038010000F897040835
:1027D000610B002000000000000000003801000034
:1027E000FD970408620B00200000000000000000BC
:1027F0003801000002980408630B0020000000006C
:1028000000000000380100009CD304085F0B00208A
:102810000000000000000000080000000898040804
:102820008E2B00200000000000000000800000004F
:10283000C79704080000000000000000000000002E
:1028400081000000ED970408000000000000000077
:102850000000000068000000D997040864270020E9
:10286000000000000000000080000000E89704085D
:1028700000000000000000000000000081000000D7
:10288000ED970408000000000000000000000000B8
:10289000680000002F980408652700200000000051
:1028A0000000000080000000E8970408000000001D
:1028B000000000000000000081000000ED97040807
:1028C00000000000000000000000000068000000A0
:1028D00038980408B12B0020000000000000000020
:1028E000680000003F980408B22B002000000000A0
:1028F0000000000080000000E897040800000000CD
:10290000000000000000000081000000ED970408B6
:10291000000000000000000000000000680000004F
:10292000B3980408662700200000000000000000A3
:1029300080000000E897040800000000000000008C
:102940000000000081000000ED9704080000000076
:102950000000000000000000680000003D9904082D
:102960006727002000000000000000008000000039
:10297000E8970408000000000000000000000000CC
:1029800081000000ED970408000000000000000036
:1029900000000000680000006E990408682700200D
:1029A00000000000000000006800000078990408A2
:1029B00068270020000000000000000080000000E8
:1029C000E89704080000000000000000000000007C
:1029D00081000000ED9704080000000000000000E6
:1029E0000000000068000000119C04086927002016
:1029F000000000000000000080000000E8970408CC
:102A00000000000000000000000000008100000045
:102A1000ED97040800000000000000000000000026
:102A200048000000279C04086A27002000000000DE
:102A30000000000080000000E8970408000000008B
:102A4000000000000000000081000000ED97040875
:102A5000000000000000000000000000680000000E
:102A60005F9C04086B2700200000000000000000AD
:102A700080000000E897040800000000000000004B
:102A80000000000081000000ED9704080000000035
:102A9000000000000000000068000000659C0408C1
:102AA0006C270020000000000000000080000000F3
:102AB000E89704080000000000000000000000008B
:102AC00081000000ED9704080000000000000000F5
:102AD00000000000680000006F9C04086D270020C3
:102AE000000000000000000080000000E8970408DB
:102AF0000000000000000000000000008100000055
:102B00006A980408000000000000000000000000B7
:102B10000800000047980408B52B002000000000C2
:102B200000000000080000004F980408B42B0020AB
:102B30000000000000000000260000005898040873
:102B40006C0B00200000000000000000800000006E
:102B5000659804080000000000000000000000006C
:102B60008100000038990408000000000000000007
:102B70000000000038010000D4980408880B0020F1
:102B800000000000000000006A000000D398040864
:102B9000702C002000000000000000002800000051
:102BA000DB980408F60B0020000000000000000085
:102BB00028000000E4980408F50B00200000000045
:102BC0000000000028000000EF980408F40B00202B
:102BD000000000000000000028000000F998040830
:102BE0001C2C002000000000000000002600000057
:102BF00009990408D80B0020000000000000000024
:102C00002600000015990408E00B002000000000D9
:102C1000000000002A00000020990408102C002069
:102C20000000000000000000260000002A990408AF
:102C3000DC0B00200000000000000000800000000D
:102C400033990408000000000000000000000000AC
:102C500081000000CC980408000000000000000083
:102C60000000000028000000BD980408642C00202B
:102C7000000000000000000080000000C798040869
:102C800000000000000000000000000081000000C3
:102C9000CC980408000000000000000000000000C4
:102CA00008000000E49D0408F85B002041D80108FA
:102CB0000000000008000000F19D0408F15B002006
:102CC00099D701080000000080000000C7980408A0
:102CD0000000000000000000000000008100000073
:102CE000CC98040800000000000000000000000074
:102CF000280000009DA4040800AE00200000000091
:102D00000000000080000000C798040800000000D8
:102D1000000000000000000081000000CC980408C2
:102D20000000000000000000000000006000000043
:102D3000B3A404081CB30020000000000000000041
:102D400008000000C2A4040859AE002000000000E2
:102D50000000000008000000A6A404081DB3002025
:102D6000000000000000000008000000CDA40408DE
:102D700058AE0020FDDB02080000000080000000CB
:102D8000C7980408000000000000000000000000D8
:102D900081000000509904080000000000000000BD
:102DA00000000000280000009CD30408FE0B002057
:102DB0000000000000000000800000004B990408A3
:102DC0000000000000000000000000008100000082
:102DD0009B990408000000000000000000000000B3
:102DE000060000008F990408300E0020000000004B
:102DF0000000000080000000969904080000000018
:102E00000000000000000000810000002E9A04086D
:102E100000000000000000000000000006000000AC
:102E20008F990408C032002000000000000000005C
:102E300080000000299A0408000000000000000043
:102E40000000000081000000059C04080000000054
:102E5000000000000000000009000000F59B0408CD
:102E60007C0E002000000000000000008000000038
:102E7000009C0408000000000000000000000000AA
:102E8000810000004C9C04080000000000000000CD
:102E90000000000068000000509C04086A3900200F
:102EA000000000000000000028000000579C0408FB
:102EB00068370020000000000000000080000000D3
:102EC000479C040800000000000000000000000013
:102ED00081000000A29C0408000000000000000027
:102EE0000000000008000000959C04084D400020F0
:102EF000F959010800000000800000009D9C0408B2
:102F00000000000000000000000000008100000040
:102F1000BD9C04080000000000000000000000004C
:102F200028000000B19C04080443002000000000B9
:102F300000000000290000007A9C0408FC420020E8
:102F40000000000000000000290000007D9C040833
:102F5000FE420020000000000000000029000000E8
:102F6000809C0408004300200000000000000000D6
:102F700029000000839C0408024300200000000098
:102F80000000000080000000B89C04080000000061
:102F9000000000000000000081000000929C040876
:102FA00000000000000000000000000036010000EA
:102FB000CB9C040854130020000000000000000017
:102FC00036010000D69C04085013002000000000C9
:102FD0000000000080000000E99C040800000000E0
:102FE000000000000000000081000000819D040836
:102FF0000000000000000000000000004800000089
:103000005E9D040800510020000000000000000048
:1030100016010000659D0408E85000200000000033
:1030200000000000160100006C9D0408F85000200C
:10303000000000000000000016010000759D04085B
:10304000F0500020000000000000000080000000A0
:103050007C9D04080000000000000000000000004B
:1030600081000000819D04080000000000000000B5
:103070000000000048000000C79D0408DE5B00203F
:10308000000000000000000048000000CE9D040881
:10309000015100200000000000000000800000003E
:1030A0007C9D0408000000000000000000000000FB
:1030B00081000000DA9D040800000000000000000C
:1030C0000000000048000000BF9D0408DF5B0020F6
:1030D000000000000000000048000000C79D040838
:1030E000DC5B002000000000000000004800000041
:1030F000CE9D0408DD5B0020000000000000000001
:1031000016010000659D0408EC500020000000003E
:1031100000000000160100006C9D0408FC50002017
:10312000000000000000000016010000759D04086A
:10313000F4500020000000000000000080000000AB
:10314000D59D040800000000000000000000000001
:10315000810000000C9E0408000000000000000038
:103160000000000008000000019E0408406C0020E0
:10317000000000000000000080000000079E04081E
:1031800000000000000000000000000081000000BE
:103190001F9E040800000000000000000000000066
:1031A00008000000149E040898700020F9E201084D
:1031B00000000000800000001A9E040800000000CB
:1031C000000000000000000081000000BD9E040817
:1031D00000000000000000000000000028000000C7
:1031E000B19C0408387800200000000000000000B6
:1031F00026000000249E0408EC14002000000000BB
:1032000000000000260000002F9E0408F01400209B
:103210000000000000000000260000003A9E0408A4
:10322000F414002000000000000000000600000070
:10323000459E0408F8140020000000000000000073
:10324000060000004E9E0408FC1400200000000050
:103250000000000006000000579E04080015002032
:10326000000000000000000006000000609E04084E
:10327000041500200000000000000000060000000F
:10328000699E0408081500200000000000000000EE
:1032900006000000729E04080C15002000000000CB
:1032A00000000000060000007B9E040810150020AE
:1032B000000000000000000006000000839E0408DB
:1032C00014150020000000000000000006000000AF
:1032D0008C9E04081815002000000000000000006B
:1032E000020000009A9E04081C1500200000000047
:1032F0000000000006000000A89E04082015002021
:10330000000000000000000002000000AF9E040862
:1033100024150020000000000000000080000000D4
:10332000B89E04080000000000000000000000003B
:1033300081000000DC9E0408000000000000000086
:103340000000000028000000CB9E0408007A002046
:10335000000000000000000080000000D79E04086C
:1033600000000000000000000000000081000000DC
:10337000179F04080000000000000000000000008B
:1033800016010000E69E0408381500200000000029
:103390000000000016010000EF9E04083015002018
:1033A000000000000000000016010000F99E040863
:1033B0002C15002000000000000000001601000095
:1033C000029F0408341500200000000000000000E7
:1033D000160100000A9F04083C15002000000000B0
:1033E0000000000080000000129F040800000000A0
:1033F000000000000000000081000000379F04086A
:103400000000000000000000000000002600000096
:103410001C9F04084415002000000000000000006C
:1034200026000000229F0408401500200000000034
:103430000000000028000000289F0408F07B002006
:10344000000000000000000080000000329F04081F
:1034500000000000000000000000000081000000EB
:103460008E9F040800000000000000000000000023
:1034700028000000439F04083C9300200000000047
:1034800000000000280000004B9F04083E9300202D
:10349000000000000000000028000000539F040806
:1034A0003F93002000000000000000000800000022
:1034B0005A9F04084B150020000000000000000087
:1034C00028000000629F0408491500200000000049
:1034D00000000000280000006F9F0408481500202D
:1034E0000000000000000000280000007D9F04088C
:1034F0004093002000000000000000008000000059
:10350000899F040800000000000000000000000087
:1035100081000000FB9F0408000000000000000084
:103520000000000028000000999F04084D9300202F
:10353000000000000000000028000000AB9F04080D
:103540004C93002000000000000000002800000054
:1035500087DD04083E940020000000000000000009
:1035600028000000BB9F0408541500200000000044
:103570000000000028000000CC9F04085515002022
:10358000000000000000000026000000DB9F04088F
:103590004C15002000000000000000002600000084
:1035A000E89F040850150020000000000000000003
:1035B00080000000F69F04080000000000000000EA
:1035C000000000008100000054A00408000000007A
:1035D00000000000000000000900000045A00408F1
:1035E00004950020000000000000000080000000A2
:1035F0004FA00408000000000000000000000000D0
:103600008100000057A10408000000000000000035
:1036100000000000280000005EA1040809960020B8
:103620000000000000000000280000006CA1040859
:103630000896002000000000000000003601000095
:1036400079A104080496002000000000000000009A
:10365000390100008BA10408029600200000000040
:1036600000000000390100009CA10408D89500204A
:1036700000000000000000008000000052A10408CB
:1036800000000000000000000000000081000000B9
:10369000BFA10408000000000000000000000000BE
:1036A00026000000ACA104087415002000000000F2
:1036B0000000000026000000B3A1040878150020D7
:1036C000000000000000000080000000BAA1040813
:1036D0000000000000000000000000008100000069
:1036E000BFA104080000000000000000000000006E
:1036F00028000000E7AF040804DA00200000000002
:103700000000000028000000F7AF040805DA0020E0
:1037100000000000000000002800000002B00408C3
:1037200006DA002000000000000000003601000062
:103730000CB0040844D90020000000000000000084
:103740003601000015B0040848D900200000000030
:1037500000000000360100001DB004084CD9002014
:1037600000000000000000003601000023B0040843
:1037700050D90020000000000000000036010000C9
:1037800029B0040854D90020000000000000000007
:10379000360100002FB0040858D9002000000000B6
:1037A000000000003601000036B004085CD900209B
:1037B00000000000000000003601000047B00408CF
:1037C00060D900200000000000000000260000007A
:1037D00052B0040864D9002000000000000000007E
:1037E000260000005BB0040868D90020000000003B
:1037F000000000002600000064B004086CD900201E
:103800000000000000000000260000006DB0040869
:1038100070D90020000000000000000080000000BF
:10382000BAA1040800000000000000000000000031
:1038300081000000D3A10408000000000000000087
:103840000000000008000000DAA10408089700202A
:10385000000000000000000080000000CEA104086D
:1038600000000000000000000000000081000000D7
:10387000F1A10408000000000000000000000000AA
:103880003A010000E1A104088015002000000000BA
:103890000000000080000000ECA10408000000000F
:1038A0000000000000000000810000001BA20408CE
:1038B00000000000000000000000000036010000D1
:1038C000C2A70408901500200000000000000000BE
:1038D00036010000CBA704088C1500200000000072
:1038E00000000000060000000DA20408841500205E
:1038F00000000000000000008000000016A2040884
:103900000000000000000000000000008100000036
:1039100069A2040800000000000000000000000090
:1039200038010000D4980408B0A200200000000074
:10393000000000006A000000D3980408742C0020E6
:103940000000000000000000290000005FA2040841
:103950004C16002000000000000000008000000065
:1039600064A2040800000000000000000000000045
:103970008100000017A30408000000000000000000
:1039800000000000280000003AB10408C9A200208D
:10399000000000000000000028000000C9A2040888
:1039A000C8A200200000000000000000800000000D
:1039B00012A3040800000000000000000000000046
:1039C0008100000017A304080000000000000000B0
:1039D000000000002800000086A30408D4AD0020E9
:1039E00000000000000000008000000012A3040896
:1039F0000000000000000000000000008100000046
:103A000076A3040800000000000000000000000091
:103A10000800000043A30408F0AD002000000000EF
:103A200000000000190100004AA304086E160020DF
:103A300000000000000000001901000058A3040865
:103A40006C160020000000000000000018010000BB
:103A500066A30408701600200000000000000000AB
:103A60008000000071A304080000000000000000B6
:103A70000000000081000000E1A404080000000034
:103A8000000000000000000069000000D6A4040847
:103A9000227AFF1F00000000000000006A00000002
:103AA000371F0508107AFF1F00000000000000000B
:103AB0006A0000003E1F0508147AFF1F0000000086
:103AC000000000006A000000451F0508187AFF1F6B
:103AD000000000000000000080000000DCA40408DA
:103AE0000000000000000000000000008100000055
:103AF00004A5040800000000000000000000000011
:103B000028000000E5A40408DCC500100000000047
:103B10000000000028000000EBA40408DDC5001030
:103B2000000000000000000008000000F5A40408E8
:103B3000F0C5001000000000000000008000000040
:103B4000FFA40408000000000000000000000000C6
:103B500081000000A1A50408000000000000000092
:103B6000000000002800000071A50408781A002059
:103B700000000000000000002800000078A50408F4
:103B800088D0002000000000000000002800000095
:103B900085A50408881A002000000000000000002D
:103BA0006900000090A5040874D000200000000007
:103BB00000000000800000009CA504080000000038
:103BC000000000000000000081000000A1A5040822
:103BD00000000000000000000000000026000000BF
:103BE00037A70408101B00200000000000000000A0
:103BF0002600000040A70408141B0020000000005D
:103C000000000000800000009CA5040800000000E7
:103C1000000000000000000081000000A1A50408D1
:103C2000000000000000000000000000080000008C
:103C30007AA70408181B0020000000000000000004
:103C4000800000009CA504080000000000000000A7
:103C50000000000081000000A1A504080000000091
:103C600000000000000000000900000090A7040808
:103C70005C1B00200000000000000000800000002D
:103C80009CA50408000000000000000000000000E7
:103C9000810000005EA80408000000000000000091
:103CA00000000000160100009BA70408441C00202F
:103CB000000000000000000016010000A3A7040897
:103CC000481C002000000000000000001601000059
:103CD000ABA704084C1C00200000000000000000FE
:103CE00016010000B3A70408501C002000000000CB
:103CF0000000000016010000BCA70408841B00207F
:103D0000000000000000000016010000C5A7040824
:103D1000881B0020000000000000000016010000C9
:103D2000CEA704088C1B002000000000000000004B
:103D300016010000D7A70408901B00200000000017
:103D40000000000016010000E1A70408041D002087
:103D5000000000000000000016010000E8A70408B1
:103D6000081D0020000000000000000016010000F7
:103D7000EFA704080C1D0020000000000000000058
:103D800016010000F6A70408101D00200000000026
:103D9000000000001601000038A80408F4D7002035
:103DA00000000000000000001001000044A804080A
:103DB000ECD7002000000000000000001601000009
:103DC0004EA80408601B0020000000000000000056
:103DD0008000000059A80408000000000000000056
:103DE00000000000810000002FA80408000000006F
:103DF0000000000000000000160100009BA704085E
:103E0000A41C0020000000000000000016010000BB
:103E1000A3A70408A81C0020000000000000000068
:103E200016010000ABA70408AC1C00200000000035
:103E30000000000016010000B3A70408B01C002019
:103E4000000000000000000016010000BCA70408EC
:103E5000E41B00200000000000000000160100002C
:103E6000C5A70408E81B00200000000000000000B7
:103E700016010000CEA70408EC1B00200000000083
:103E80000000000016010000D7A70408F01B002066
:103E9000000000000000000016010000E1A7040877
:103EA000641D00200000000000000000160100005A
:103EB000E8A70408681D00200000000000000000C2
:103EC00016010000EFA704086C1D00200000000090
:103ED0000000000016010000F6A70408701D002075
:103EE000000000000000000010010000FEA7040810
:103EF000F0D70020000000000000000016010000C4
:103F000009A80408641B0020000000000000000055
:103F10001601000014A80408681B0020000000001F
:103F200000000000160100001FA804086C1B002000
:103F30000000000000000000800000002AA8040823
:103F400000000000000000000000000081000000F0
:103F5000CEA90408000000000000000000000000DE
:103F600006000000D7A90408F41E0020000000008D
:103F70000000000006000000E8A90408B01D0020B1
:103F8000000000000000000006000000F9A904087D
:103F9000B41E002000000000000000000600000029
:103FA000FEA90408B81E0020000000000000000068
:103FB0000600000003AA0408BC1E00200000000048
:103FC0000000000006000000F51E0508C01E0020CD
:103FD00000000000000000000600000008AA04081D
:103FE000C41E0020000000000000000006000000C9
:103FF00012AA0408C81E00200000000000000000F3
:10400000060000001CAA0408CC1E002000000000CE
:10401000000000000600000026AA0408D01E0020B0
:1040200000000000000000000600000031AA0408A3
:10403000D41E002000000000000000000600000068
:104040003CAA0408D81E0020000000000000000068
:10405000060000001DA90408DC1E0020000000006E
:10406000000000000600000029A90408E01E00204E
:1040700000000000000000000600000035A9040850
:10408000E41E002000000000000000000600000008
:1040900047AA0408E81E00200000000000000000FD
:1040A0000600000053AA0408EC1E002000000000D7
:1040B000000000000800000061AA0408F01E0020B3
:1040C000000000000000000080000000C9A90408F2
:1040D000000000000000000000000000810000005F
:1040E000A1AA040800000000000000000000000079
:1040F00036010000A9AA0408001F002000000000EB
:104100000000000036010000AFAA0408041F0020D0
:10411000000000000000000036010000B5AA0408FD
:10412000081F002000000000000000001601000031
:10413000BBAA04080C1F00200000000000000000C3
:1041400036010000C6AA0408101F0020000000006D
:104150000000000036010000CBAA0408141F002054
:10416000000000000000000036010000D0AA040892
:10417000181F0020000000000000000016010000D1
:10418000D5AA04081C1F0020000000000000000049
:1041900036010000DFAA0408F81E0020000000001D
:1041A0000000000036010000E4AA0408FC1E002004
:1041B000000000000000000036010000EFAA040823
:1041C000201F002000000000000000003601000059
:1041D000F5AA0408301F00200000000000000000C5
:1041E00036010000FAAA0408241F00200000000085
:1041F000000000003601000000AB0408341F00205E
:1042000000000000000000003601000005AB0408BB
:10421000281F002000000000000000003601000000
:104220000DAB0408381F0020000000000000000053
:104230003601000014AB0408401F002000000000FD
:10424000000000001601000020AB04082C1F002015
:104250000000000000000000160100002DAB040863
:104260003C1F002000000000000000008000000053
:104270009CAA0408000000000000000000000000EC
:1042800081000000B5AB0408000000000000000041
:10429000000000000600000071AB04089820002018
:1042A00000000000000000000600000078AB0408D9
:1042B000A420002000000000000000000600000014
:1042C00080AB04089C2000200000000000000000DB
:1042D0000600000086AB0408A820002000000000B3
:1042E00000000000060000008DAB040894200020B0
:1042F00000000000000000000600000094AB04086D
:1043000090200020000000000000000006000000D7
:10431000A2AB0408A0200020000000000000000064
:1043200080000000B0AB04080000000000000000A6
:10433000000000008100000011AD04080000000032
:104340000000000000000000060000001DAD040891
:10435000BC2000200000000000000000060000005B
:1043600024AD0408C0200020000000000000000070
:10437000060000002BAD0408C4200020000000004F
:10438000000000000600000032AD0408AC20002050
:104390000000000000000000060000003AAD040824
:1043A000B020002000000000000000000600000017
:1043B00042AD0408B420002000000000000000000E
:1043C000060000004AAD040868220020000000003A
:1043D00000000000800000000CAD04080000000098
:1043E000000000000000000081000000A5AD0408EE
:1043F00000000000000000000000000016010000A6
:10440000B0AD0408CC230020000000000000000034
:1044100016010000B5AD0408D02300200000000004
:104420000000000016010000BAAD0408D4230020EB
:1044300000000000000000001601000056AD040856
:10444000D82300200000000000000000160100003A
:10445000C5AD040838240020000000000000000062
:1044600016010000CAAD04083C2400200000000032
:104470000000000016010000CFAD04084024002019
:104480000000000000000000160100005BAD040801
:10449000442400200000000000000000160100007D
:1044A000DAAD0408A4240020000000000000000091
:1044B00016010000DFAD0408A82400200000000061
:1044C0000000000016010000E4AD0408AC24002048
:1044D00000000000000000001601000060AD0408AC
:1044E000B0240020000000000000000019010000BE
:1044F00065AD0408FC24002000000000000000005E
:104500001901000070AD0408FE2400200000000026
:1045100000000000160100007AAD0408702200209F
:1045200000000000000000001601000081AD04083A
:104530006C220020000000000000000016010000B6
:1045400088AD0408002500200000000000000000E5
:104550001601000090AD04080425002000000000B2
:10456000000000001601000098AD04080825002096
:10457000000000000000000080000000A0AD040862
:1045800000000000000000000000000081000000AA
:10459000F3AD04080000000000000000000000006F
:1045A00016010000AFAD04088822002000000000C2
:1045B0000000000016010000B4AD04088C220020A9
:1045C000000000000000000016010000B9AD040862
:1045D00090220020000000000000000016010000F2
:1045E000BEAD04089422002000000000000000007E
:1045F00016010000C4AD0408F422002000000000F1
:104600000000000016010000C9AD0408F8220020D7
:10461000000000000000000016010000CEAD0408FC
:10462000FC22002000000000000000001601000035
:10463000D3AD0408002300200000000000000000AB
:1046400016010000D9AD040860230020000000001E
:104650000000000016010000DEAD04086423002005
:10466000000000000000000016010000E3AD040897
:104670006823002000000000000000001601000078
:10468000E8AD04086C2300200000000000000000DA
:1046900080000000EEAD04080000000000000000F3
:1046A000000000008100000085AF04080000000049
:1046B00000000000000000000600000081AE0408B9
:1046C00000200020000000000000000006000000A4
:1046D00086AE040804200020000000000000000056
:1046E000060000008BAE0408082000200000000037
:1046F00000000000060000008DAF04081820002014
:1047000000000000000000000600000092AF040856
:104710001C20002000000000000000000600000037
:1047200097AF0408202000200000000000000000D7
:104730000600000090AE04080C20002000000000DD
:10474000000000000600000095AE040810200020C4
:104750000000000000000000060000009AAE0408FF
:1047600014200020000000000000000006000000EF
:104770009CAF0408A01F0020000000000000000003
:1047800006000000A0AF0408A41F002000000000E5
:104790000000000006000000A4AF0408A81F0020CD
:1047A0000000000000000000060000009FAE0408AA
:1047B000AC1F002000000000000000000600000008
:1047C000A7AE0408B01F0020000000000000000099
:1047D00006000000AFAE0408B41F00200000000077
:1047E0000000000006000000A8AF0408B81F002069
:1047F000000000000000000006000000B7AE040842
:10480000BC1F0020000000000000000006000000A7
:10481000BFAE0408C01F0020000000000000000020
:1048200006000000C7AE0408C41F002000000000FE
:104830000000000006000000B5AF0408C81F0020FB
:10484000000000000000000006000000C2AF0408E5
:10485000CC1F002000000000000000000600000047
:10486000CAAF0408D01F00200000000000000000B4
:1048700006000000D2AF0408D41F00200000000092
:104880000000000006000000DAAF0408D81F002076
:10489000000000000000000006000000DFAA04087D
:1048A000981F0020000000000000000080000000B1
:1048B00080AF0408000000000000000000000000BD
:1048C000810000007BB2040800000000000000002E
:1048D00000000000360100003EB20408A4250020BC
:1048E0000000000000000000360100004AB2040889
:1048F000A0250020000000000000000016010000BC
:1049000055B20408A82500200000000000000000A7
:10491000160100005FB20408B0250020000000006E
:10492000000000003601000069B20408AC25002038
:1049300000000000000000008000000076B20408C3
:1049400000000000000000000000000081000000E6
:10495000E1B20408000000000000000000000000B8
:104960006A000000BFB20408A804050800000000A7
:104970000000000069000000C9B20408AC0405088A
:10498000000000000000000068000000D3B204082E
:10499000A4040508000000000000000080000000E2
:1049A000DCB204080000000000000000000000006D
:1049B00081000000551B05080000000000000000F9
:1049C0000000000008000000421B0508FCB30120A5
:1049D000000000000000000006000000491B050860
:1049E000F8B301200000000000000000800000007B
:1049F000501B05080000000000000000000000003F
:104A000081000000CB1B0508000000000000000032
:104A10000000000006000000B01B050870B5012072
:104A2000000000000000000006000000B71B0508A1
:104A300068B5012000000000000000000600000032
:104A4000BE1B05086CB5012000000000000000003E
:104A500080000000C61B05080000000000000000E8
:104A60000000000081000000D81B050800000000C5
:104A7000000000000000000008000000149E040870
:104A8000A4B80120000000000000000008000000A1
:104A90009CD30408E0260020000000000000000075
:104AA00080000000D31B050800000000000000008B
:104AB0000000000081000000EE2105080000000059
:104AC000000000000000000008000000B19C040885
:104AD0007026002000000000000000000800000018
:104AE000F6210508642600200000000000000000F8
:104AF0000800000000220508F5B3012000000000B6
:104B000000000000060000007B9E040888260020AC
:104B1000000000000000000006000000C39E040822
:104B200090260020000000000000000006000000A9
:104B30000822050898260020000000000000000060
:104B400006000000112205089C260020000000003D
:104B500000000000060000001A2205086826002058
:104B600000000000000000000600000024220508EC
:104B70006026002000000000000000000600000089
:104B80002B2205086C260020000000000000000019
:104B90000600000034220508A026002000000000C6
:104BA00000000000060000003B22050894260020BB
:104BB000000000000000000006000000452205087B
:104BC000A4260020000000000000000008000000F3
:104BD0004E2205088C260020000000000000000086
:104BE0000800000055220508712600200000000082
:104BF00000000000060000005E2205088426002058
:104C00000000000000000000060000006622050809
:104C100074260020000000000000000006000000D4
:104C2000702205088026002000000000000000001F
:104C300006000000782205087C2600200000000005
:104C400000000000060000008222050878260020EF
:104C5000000000000000000080000000E9210508BD
:104C600000000000000000000000000081000000C3
:104C700055230508000000000000000000000000AF
:104C8000080000004B220508F2B2012000000000DD
:104C90000000000006000000282305082026002050
:104CA0000000000000000000060000002C230508A2
:104CB000F4B2012000000000000000000600000027
:104CC000302305082426002000000000000000001A
:104CD00006000000342305082826002000000000FC
:104CE0000000000006000000382305082C260020E4
:104CF0000000000000000000060000003C23050842
:104D00003026002000000000000000000600000027
:104D1000402305083C2600200000000000000000A1
:104D200006000000462305081C26002000000000A5
:104D300000000000000000004C2305081826002099
:104D40000000000000000000800000005023050863
:104D500000000000000000000000000081000000D2
:104D600070230508000000000000000000000000A3
:104D7000080000005D230508DCB3012000000000EE
:104D8000000000000600000063230508382600200C
:104D90000000000000000000060000004623050897
:104DA0003426002000000000000000008000000009
:104DB0006B23050800000000000000000000000058
:104DC00081000000A2220508000000000000000091
:104DD00000000000080000004B220508F6B3012087
:104DE000000000000000000008000000EE2205089E
:104DF000F7B30120000000000000000008000000E0
:104E0000F2220508C4260020000000000000000077
:104E100006000000F8220508BC2600200000000063
:104E20000000000006000000FD220508C02600204A
:104E3000000000000000000006000000022305083A
:104E4000A82600200000000000000000060000006E
:104E500006230508AC26002000000000000000002A
:104E6000060000000D230508B82600200000000001
:104E7000000000000600000013230508B4260020EF
:104E800000000000000000000600000018230508D4
:104E9000CC260020000000000000000006000000FA
:104EA0001D230508C82600200000000000000000A7
:104EB0000600000022230508B026002000000000A4
:104EC00000000000800000009D2205080000000096
:104ED000000000000000000081000000E62205083C
:104EE00000000000000000000000000006000000BC
:104EF00078230508F02600200000000000000000D4
:104F00000600000033170508F4260020000000000A
:104F100000000000060000007B230508E8260020B2
:104F2000000000000000000006000000C89E040809
:104F3000EC26002000000000000000000600000039
:104F40007E2305080027002000000000000000006C
:104F50000600000083230508FC2600200000000056
:104F6000000000000600000088230508E426002059
:104F70000000000000000000060000008D2305086E
:104F800010270020000000000000000006000000C4
:104F900093230508F8260020000000000000000010
:104FA0000600000099230508DCC501200000000070
:104FB0000000000006000000A0230508E4C5012051
:104FC000000000000000000006000000A623050805
:104FD000E0C5012000000000000000000600000005
:104FE000AD230508E8C50120000000000000000016
:104FF00006000000B42305080C2700200000000074
:105000000000000006000000B92305080827002062
:1050100000000000000000000A000000BE23050898
:1050200004270020000000000000000080000000B5
:10503000E122050800000000000000000000000060
:105040008100000036240508000000000000000078
:105050000000000008000000B19C0408E4B3012037
:105060000000000000000000080000000022050809
:10507000542600200000000000000000080000008E
:105080003A240508EFB301200000000000000000F2
:105090000800000042240508F4B3012000000000CD
:1050A00000000000080000004A240508EDB30120BC
:1050B0000000000000000000080000005124050866
:1050C000ECB3012000000000000000000A00000016
:1050D0005A240508E8B30120000000000000000089
:1050E000060000007B230508442600200000000085
:1050F0000000000006000000C89E040848260020AA
:105100000000000000000000060000006324050805
:105110004C260020000000000000000006000000F7
:10512000662405085826002000000000000000004A
:10513000060000006D240508502600200000000035
:10514000000000000600000034220508F0B3012032
:1051500000000000000000000600000074240508A4
:1051600040260020000000000000000006000000B3
:105170007C2405085C2600200000000000000000E0
:105180000A00000081240508E0B3012000000000AF
:1051900000000000080000004E220508EEB30120C8
:1051A000000000000000000080000000312405081D
:1051B000000000000000000000000000810000006E
:1051C000CC9704080000000001000000BB97040811
:1051D0008C2B002001000000C1970408902B0020B8
:1051E00080000000C7970408000000008100000054
:1051F0006A98040800000000010000006A98040892
:10520000A52B00200500000071980408A72B0020A2
:105210000500000078980408A92B00200200000077
:105220007F980408AF2B0020010000008798040835
:10523000AD2B0020010000008E980408AE2B00204A
:105240000100000095980408AC2B0020010000002C
:105250009C980408B32B002001000000A9980408C2
:10526000AB2B002007000000AF980408700B002053
:105270008000000065980408000000008100000024
:105280003899040800000000070000002A9904086B
:105290007C0B00208000000033990408000000000F
:1052A0008100000050990408000000002100000067
:1052B0009CD30408FF0B0020470000005599040808
:1052C000600C0020470000005B990408400C00209F
:1052D000800000004B9904080000000081000000DD
:1052E000669904080000000002000000A3B2040850
:1052F000FC0B002080000000619904080000000001
:10530000810000006699040800000000070000000A
:10531000349A04084C330020070000003E9A040829
:105320005033002007000000489A0408543300203E
:1053300007000000529A04085833002007000000BC
:105340005C9A04085C33002007000000669A040899
:105350006033002007000000709A040864330020C6
:10536000070000007A9A0408683300200700000054
:10537000849A04086C330020070000008E9A040809
:105380007033002007000000989A0408743300204E
:1053900007000000A29A04087833002007000000EC
:1053A000AC9A04087C33002007000000B69A040879
:1053B0008033002007000000C09A040884330020D6
:1053C00007000000CA9A040888330020800000000B
:1053D0006199040800000000810000009B99040806
:1053E0000000000007000000A19904080C31002013
:1053F00007000000A69904081031002007000000F3
:10540000AB9904081431002007000000B09904088B
:105410001831002007000000B59904081C31002055
:1054200007000000BA99040820310020070000009E
:10543000BF9904082431002007000000C499040823
:105440002831002007000000C9990408EC30002032
:1054500007000000CD990408F0300020070000008C
:10546000D1990408F430002007000000D599040801
:10547000F830002007000000D9990408FC30002013
:1054800007000000DD99040800310020070000003B
:10549000E19904080431002007000000E5990408A0
:1054A0000831002002000000E9990408DC300020E7
:1054B00002000000F1990408DE3000200200000024
:1054C000F9990408E030002002000000019A040865
:1054D000E230002002000000099A0408E4300020B5
:1054E00002000000119A0408E630002002000000CB
:1054F000199A0408E830002002000000219A0408EC
:10550000EA300020800000009699040800000000A6
:1055100081000000F19B0408000000000100000071
:10552000D49A04084033002001000000E89A0408DF
:105530003833002001000000F79A040841330020AE
:10554000010000000B9B040839330020010000001B
:105550001A9B040842330020010000002E9B04081F
:105560003A330020010000003D9B04084333002033
:1055700001000000519B04083B33002001000000A3
:10558000609B04084433002001000000749B040861
:105590003C33002001000000839B040845330020B9
:1055A00001000000979B04083D330020010000002B
:1055B000A69B04084633002001000000BA9B0408A3
:1055C0003E33002001000000C99B0408473300203F
:1055D00001000000DD9B04083F3300208000000034
:1055E000EC9B04080000000081000000249C0408DB
:1055F0000000000002000000F29704081E350020A1
:1056000002000000F89704081C350020020000008A
:10561000121C05082435002002000000FD97040834
:1056200020350020020000000298040822350020E6
:10563000800000001F9C04080000000081000000A2
:105640004C9C040800000000470000002C9C04084B
:10565000E80E002047000000359C0408CC0E002016
:10566000470000003E9C0408800E002080000000DF
:10567000479C040800000000810000008B9C040887
:1056800000000000020000007A9C0408B03F0020E7
:10569000020000007D9C0408BC3F002002000000C6
:1056A000809C0408C83F002002000000839C04087E
:1056B000D43F002080000000869C04080000000009
:1056C00081000000AB9C04080000000022000000E4
:1056D0007A9C040806430020220000007D9C0408F8
:1056E0000843002022000000809C04080A43002098
:1056F00022000000839C04080C430020800000006E
:10570000A69C04080000000081000000AB9C040877
:1057100000000000060000006FA20408D8A20020CC
:105720000600000075A20408DCA2002006000000AC
:105730007BA20408E0A200200600000081A2040869
:10574000E4A2002080000000A69C040800000000E5
:1057500081000000929C0408000000002700000067
:10576000F19C0408284A002002000000F69C04086E
:105770002C4A002007000000FD9C0408444A002039
:1057800002000000059D0408484A002007000000B0
:105790000F9D0408404A002007000000179D0408E0
:1057A000C64C002024000000A3B20408C04C002016
:1057B00021000000259D0408204A002080000000F0
:1057C000E99C04080000000081000000589D0408C6
:1057D0000000000021000000329D0408E44C00207D
:1057E00021000000379D0408D84C00202200000052
:1057F000439D0408CA4C0020220000004B9D040871
:10580000CC4C002080000000539D040800000000E4
:1058100081000000BA9D040800000000050000009F
:1058200089980408CC500020050000008D9D0408D4
:10583000CE50002005000000929D0408D0500020AA
:1058400007000000979D04082C25001007000000A9
:10585000A19D04083025001007000000AB9D04083E
:105860003425001080000000B59D040800000000F1
:1058700081000000BA9D040800000000270000001D
:10588000ADD30408EC5A002027000000CCA5040882
:10589000F05A00202700000032230508F45A0020A7
:1058A00080000000B59D0408000000008100000099
:1058B000BD9E04080000000003000000C39E040811
:1058C0003C78002080000000B89E04080000000022
:1058D0008100000025A0040800000000070000006F
:1058E00007C6040850930020070000000DC60408F6
:1058F000549300200700000013C6040858930020AA
:105900008000000020A004080000000081000000CA
:10591000FB9F04080000000027000000ADD304082E
:105920007893002027000000CCA504087C93002079
:105930002700000032230508809300202700000084
:1059400014A00408849300202700000017A0040876
:1059500088930020270000001AA004088C930020E0
:10596000270000001DA00408909300208000000084
:10597000F69F040800000000810000000CA004084D
:10598000000000002200000002A00408689400202B
:105990008000000007A00408000000008100000053
:1059A00040A0040800000000020000002DA0040830
:1059B000F89400200200000034A00408FA940020AB
:1059C000800000003BA004080000000081000000EF
:1059D0008DA004080000000007000000EAA80408E9
:1059E0006C950020070000002BAC040840950020B7
:1059F0000700000035AC04084495002007000000B3
:105A00005CA00408509500200700000065A0040871
:105A100054950020070000006FA00408589500204E
:105A20000700000077A004088C950020010000000A
:105A30007CA00408369500200100000084A0040822
:105A4000379500208000000088A0040800000000B6
:105A500081000000B8A0040800000000020000005F
:105A600093A00408269500200200000097A00408D7
:105A700028950020020000009BA004082A95002021
:105A8000020000009FA004082C95002002000000E6
:105A9000A3A004082E95002002000000A7A004087F
:105AA0003095002002000000ABA0040832950020D1
:105AB00002000000AFA00408349500208000000020
:105AC000B3A00408000000008100000057A10408F2
:105AD0000000000007000000C2A00408B8950020E4
:105AE00007000000CEA00408C895002007000000B1
:105AF000DAA00408BC95002007000000E6A0040816
:105B0000CC95002007000000F2A00408C0950020FA
:105B100007000000FEA00408D09500200700000048
:105B20000AA10408C49500200700000016A104087B
:105B3000D49500202100000022A10408F89500203F
:105B4000070000002CA10408DC95002021000000C3
:105B500037A10408DA9500200200000043A10408E0
:105B6000FA9500208000000052A104080000000007
:105B700081000000D3A10408000000000300000021
:105B8000C6A104080497002080000000CEA10408EC
:105B9000000000008100000007A2040800000000CF
:105BA00022000000F297040854A200202200000006
:105BB000F897040856A2002022000000121C0508D5
:105BC0005CA2002022000000FD97040858A20020DB
:105BD00022000000029804085AA2002022000000BF
:105BE000FBA104085EA200208000000002A20408BD
:105BF00000000000810000001BA20408000000005B
:105C0000070000001DA00408881500200700000000
:105C100014A004087CA200200700000017A00408BC
:105C200080A20020070000001AA0040884A200201F
:105C30000700000027A2040860A20020070000005F
:105C400030A2040864A200200700000039A2040862
:105C500068A200200700000042A20408841500206A
:105C6000010000004BA2040898270020010000005A
:105C700052A2040878A200208000000016A20408A6
:105C8000000000008100000012A2040800000000D3
:105C900027000000ADD30408E05A002027000000D0
:105CA000CCA50408E45A0020270000003223050890
:105CB000E85A002080000000F9A20408000000005B
:105CC00081000000F4A2040800000000270000008A
:105CD000DDA204080C5B002007000000E1A204081C
:105CE000085B002027000000E6A20408045B0020F7
:105CF00080000000EFA20408000000008100000006
:105D0000C9A204080000000005000000BCA20408AD
:105D1000B8A2002080000000C4A204080000000017
:105D200081000000C9A20408000000000700000074
:105D3000E6A8040870D8002007000000F1A80408B5
:105D40006CD8002007000000FAA8040868D80020DA
:105D50000700000004A9040874D800200700000010
:105D60000CA904087CD800200700000013A904082F
:105D700078D8002007000000BEA2040880D80020C8
:105D80000700000071AA040864D800200700000082
:105D900062AB040800D80020070000002BAC040808
:105DA00018D800200700000035AC04081CD80020DB
:105DB0000700000040AC040820D8002007000000C5
:105DC0005CA0040844D800200700000065A0040877
:105DD00048D80020070000006FA004084CD800201D
:105DE00080000000C4A20408000000008100000040
:105DF00038A304080000000027000000ADD3040809
:105E0000D0AC002027000000CCA50408D4AC0020B2
:105E10002700000032230508D8AC0020270000002E
:105E200087A20408E0AC0020270000008AA2040832
:105E3000E4AC0020270000008DA20408E8AC00209C
:105E4000270000008DAD0408F0AC00202700000002
:105E50005EAF0408F4AC00202700000065AF040822
:105E6000F8AC0020270000002BAC04089CAC0020FC
:105E70002700000035AC0408A0AC0020270000007B
:105E800040AC0408B4AC00208000000033A3040838
:105E9000000000008100000027A3040800000000AB
:105EA00005000000ADD3040814AD0020050000007B
:105EB000CCA5040816AD002005000000322305081B
:105EC00018AD00200500000087A204081AAD0020CC
:105ED000050000008AA204081CAD00200500000097
:105EE0008DA204081EAD0020050000008DAD040841
:105EF00020AD0020050000005EAF040822AD0020A8
:105F00000500000065AF040824AD002080000000FB
:105F100022A304080000000081000000D9A20408A8
:105F20000000000027000000ADD30408F85A00204C
:105F300027000000CCA50408FC5A00202700000020
:105F400032230508005B002080000000D4A2040872
:105F5000000000008100000017A3040800000000FA
:105F6000070000002BAC0408B0330020070000003D
:105F700035AC0408B43300200700000040AC04082E
:105F8000B833002007000000EAA80408BCA20020E3
:105F90004700000002A30408501600200300000080
:105FA00009A30408CCA200208000000012A304086A
:105FB0000000000081000000AEA204080000000004
:105FC00027000000ADD30408D033002027000000D4
:105FD000CCA50408D4330020270000003223050894
:105FE000D83300202700000087A20408E0330020F7
:105FF000270000008AA20408E433002027000000E4
:106000008DA20408E8330020270000008DAD0408AD
:10601000F0330020270000005EAF0408F4330020B6
:106020002700000065AF0408F833002027000000B7
:106030002BAC0408B03300202700000035AC040866
:10604000B43300202700000040AC0408B83300201F
:106050002700000014A00408BC3300202700000023
:1060600017A00408C0330020270000001AA004086D
:10607000C4330020270000001DA00408C8330020FE
:1060800080000000A9A204080000000081000000B8
:106090009AA204080000000005000000ADD3040827
:1060A00028AD002005000000CCA504082AAD002082
:1060B00005000000322305082CAD0020050000007B
:1060C00087A204082EAD0020050000008AA2040863
:1060D00030AD0020050000008DA2040832AD002084
:1060E000050000008DAD040834AD0020050000005F
:1060F0005EAF040836AD00200500000065AF04085F
:1061000038AD00200300000090A204083CAD002040
:1061100005000000E69E040840AD002005000000D8
:10612000EF9E040842AD0020050000000A9F04080D
:1061300044AD00208000000095A20408000000008B
:106140008100000076A304080000000002000000A7
:1061500081A30408D2AD00208000000071A30408D0
:106160000000000081000000AAA304080000000055
:10617000210000008BA30408CCAD0020210000000A
:1061800092A30408CDAD0020210000009BA30408C9
:10619000CEAD002080000000A5A304080000000090
:1061A00081000000AAA30408000000000400000011
:1061B000A6A404081DB3002080000000A5A30408C5
:1061C000000000008100000004A504080000000099
:1061D000470000000FA5040800C50010470000009C
:1061E00014A504081CC50010470000001AA50408E7
:1061F00070C500104700000021A504088CC50010E0
:106200004700000029A50408B0C5001047000000A1
:106210002EA5040838C500104700000034A5040866
:1062200054C500100700000013A20408ACC50010FC
:10623000020000003BA50408CCC5001007000000C8
:106240003FA50408D0C5001080000000FFA404088A
:10625000000000008100000065A5040800000000A7
:106260000700000044A50408BCCD00200700000082
:106270004BA50408C0CD00200700000052A504086B
:10628000B4CD00200700000059A50408B8CD0020B7
:106290008000000060A504080000000081000000EC
:1062A000A1A504080000000041000000ACA50408FE
:1062B0007C1A002007000000B8A50408C8CD002003
:1062C00007000000C3A50408CCCD00200700000093
:1062D000CEA5040818CE002007000000D9A50408A8
:1062E0001CCE002007000000E4A50408D0CD00204B
:1062F00007000000ECA50408D4CD00200700000032
:10630000F4A5040820CE002007000000FCA5040826
:1063100024CE00200700000004A60408E4CD0020DD
:10632000070000000EA60408E8CD002007000000CA
:1063300018A6040834CE00200700000022A6040896
:1063400038CE0020070000002CA60408F8CD00205D
:106350000700000036A60408FCCD0020070000005E
:1063600040A6040848CE0020070000004AA6040802
:106370004CCE00200700000054A604080CCE0020DC
:10638000070000005EA6040810CE002007000000F1
:1063900068A604085CCE00200700000072A604086E
:1063A00060CE0020070000007CA6040808CF002073
:1063B000070000008AA604080CCF00200700000098
:1063C00098A6040858CF002007000000A6A60408DD
:1063D0005CCF002007000000B4A6040810CF002006
:1063E00007000000C1A6040814CF00200700000029
:1063F000CEA6040860CF002007000000DBA604083A
:1064000064CF002002000000E8A60408FCD60020AB
:1064100002000000EFA60408FED6002002000000E3
:10642000F6A6040800D7002002000000FDA604081C
:1064300002D700200100000004A7040806D70020AE
:106440002200000090A5040874D000202200000063
:106450000CA704087CD000202200000016A7040826
:1064600070D00020220000001FA704087AD000206E
:106470002200000027A7040878D000202100000097
:1064800030A7040804D70020800000009CA5040861
:106490000000000081000000A1A504080000000029
:1064A000470000004AA70408C41A00204700000063
:1064B00050A704088C1A00204700000059A70408C0
:1064C000A81A002027000000ADD3040858D70020E8
:1064D00027000000CCA504085CD70020270000009E
:1064E0003223050860D700200700000062A70408D7
:1064F00048D700202200000068A70408F2D6002038
:106500002200000071A70408F4D6002080000000DB
:106510009CA504080000000081000000A1A504085B
:10652000000000000700000088A70408D8D700205A
:10653000800000009CA5040800000000810000000D
:106540005EA8040800000000070000006BA8040813
:10655000541C00200700000075A80408581C0020E7
:10656000070000007FA804085C1C00200700000052
:1065700089A80408601C00200700000094A80408F3
:10658000941B0020070000009FA80408981B00200F
:1065900007000000AAA804089C1B002007000000B8
:1065A000B5A80408A01B002007000000C1A804082B
:1065B000141D002007000000CAA80408181D0020B0
:1065C00007000000D3A804081C1D002007000000DD
:1065D000DCA80408201D00208000000059A8040841
:1065E00000000000810000002FA804080000000047
:1065F000070000006BA80408B41C0020070000007E
:1066000075A80408B81C0020070000007FA8040833
:10661000BC1C00200700000089A80408C01C002042
:106620000700000094A80408F41B002007000000E5
:106630009FA80408F81B002007000000AAA804086F
:10664000FC1B002007000000B5A80408001C002067
:1066500007000000C1A80408741D00200700000006
:10666000CAA80408781D002007000000D3A8040869
:106670007C1D002007000000DCA80408801D00200D
:10668000800000002AA8040800000000810000002B
:10669000CEA904080000000007000000E6A80408D6
:1066A000B41D002007000000F1A80408D01D002040
:1066B00007000000FAA80408D41D0020070000000D
:1066C00004A90408D81D0020070000000CA9040834
:1066D00024D800200700000013A9040824D80020B3
:1066E00007000000BEA2040824D800200700000014
:1066F0001BA90408DC1D00200700000027A90408CE
:10670000E01D00200700000033A90408E41D00205C
:10671000070000003FA90408C41D00200700000076
:1067200044A90408C81D00200700000049A9040866
:10673000CC1D0020070000004EA90408B81D002051
:10674000070000005EA90408BC1D0020070000002F
:106750006EA90408C01D0020070000007EA90408DF
:10676000E81D00200700000088A90408EC1D002097
:106770000700000092A90408F01D00200700000097
:106780009CA904080C1E002007000000A1A9040811
:106790002C1E002007000000A6A904084C1E0020A3
:1067A00007000000ABA904086C1E002007000000D1
:1067B000B5A904088C1E002007000000BFA904082A
:1067C000AC1E00200700000023A9040808D8002000
:1067D000070000002FA904080CD8002007000000C3
:1067E0003BA9040810D8002080000000C9A90408B3
:1067F0000000000081000000A1AA040800000000C1
:1068000007000000E6A80408781F00200700000029
:10681000F1A804087C1F002007000000FAA8040863
:10682000801F00200700000004A90408841F002026
:10683000070000000CA90408881F002007000000C2
:1068400013A904088C1F002007000000BEA2040842
:10685000901F00200700000071AA0408941F002068
:106860000700000078AA04086C1F00200700000041
:106870007CAA0408701F00200700000080AA0408FA
:10688000741F00200700000084AA0408441F002091
:10689000070000008CAA0408481F00200700000021
:1068A00094AA04084C1F0020800000009CAA040841
:1068B000000000008100000011AD0408000000008D
:1068C00007000000BDAB0408A0D8002007000000AE
:1068D000C6AB0408A4D8002007000000CFAB040812
:1068E000A8D8002007000000D8AB0408ACD80020CE
:1068F00007000000DFAB0408B0D80020070000004C
:10690000E6AB0408B4D8002007000000EDAB040893
:10691000B8D8002007000000F6AB0408BCD800205F
:1069200007000000FFAB0408C0D8002007000000EB
:1069300008AC04082C2200200700000012AC040858
:1069400030220020070000001DAC04083422002083
:106950000700000026AC04083822002007000000D1
:1069600030AC04083C220020070000003BAC0408C7
:10697000402200200700000044AC0408F021002061
:10698000070000004DAC0408F421002007000000BF
:1069900056AC0408F8210020070000005FAC040892
:1069A000082200200700000066AC04080C2200202A
:1069B000070000006DAC0408102200200700000052
:1069C00074AC040814220020070000007BAC04080B
:1069D000182200200700000082AC04081C220020BE
:1069E0000700000089AC04082022002007000000F6
:1069F00091AC0408242200200700000099AC040890
:106A00002822002007000000A1AC0408FC2100207F
:106A100007000000AAAC04080022002007000000C4
:106A2000B3AC04080422002007000000BCAC04083A
:106A30005022002007000000C6AC040854220020A9
:106A400007000000D2AC0408582200200700000014
:106A5000DAAC04085C22002007000000E2AC040865
:106A60006022002007000000ECAC04086422002033
:106A700007000000FAAC04084422002007000000D0
:106A800002AD040848220020800000000CAD04087C
:106A900000000000810000007AAE04080000000041
:106AA00007000000FDAD040874220020070000006C
:106AB00006AE0408E0220020070000000FAE040824
:106AC0004C2300200700000018AE0408B823002063
:106AD0000700000020AE0408242400200700000066
:106AE0002BA30408902400200700000028AE04080F
:106AF000C4D80020070000002FAE0408C8D800202A
:106B00000700000036AE0408CCD8002007000000C3
:106B10003CAE0408D0D800200700000043AE0408B3
:106B2000DC2300200700000047AE0408E02300201B
:106B3000070000004BAE0408E4230020070000001B
:106B40004FAE0408E82300200700000054AE0408FC
:106B5000482400200700000058AE04084C24002000
:106B6000070000005CAE040850240020070000006D
:106B700060AE0408542400200700000065AE04083D
:106B8000B42400200700000069AE0408B8240020E7
:106B9000070000006DAE0408BC24002007000000C0
:106BA00071AE0408C02400200700000042AE0408B3
:106BB000982200200700000046AE04089C22002016
:106BC000070000004AAE0408A022002007000000D1
:106BD0004EAE0408A42200200700000053AE0408B3
:106BE000042300200700000057AE040808230020FB
:106BF000070000005BAE04080C2300200700000023
:106C00005FAE0408102300200700000064AE0408F3
:106C1000702300200700000068AE040874230020E1
:106C2000070000006CAE0408782300200700000075
:106C300070AE04087C2300208000000075AE0408BC
:106C4000000000008100000085AF04080000000083
:106C50000700000081AE04080020002007000000AB
:106C600086AE040804200020070000008BAE040854
:106C7000082000200700000090AE04080C2000202F
:106C80000700000095AE0408102000200700000057
:106C90009AAE040814200020070000009FAE0408EC
:106CA000AC1F002007000000A7AE0408B01F0020A2
:106CB00007000000AFAE0408B41F0020070000006A
:106CC000B7AE0408BC1F002007000000BFAE0408D8
:106CD000C01F002007000000C7AE0408C41F00202A
:106CE00007000000CFAE04089C1F00200700000032
:106CF000D8AE04088420002007000000E0AE04089D
:106D00008820002007000000E8AE04088C20002046
:106D100007000000F0AE040830200020070000004B
:106D2000F5AE04083420002007000000FAAE040885
:106D30003820002007000000FFAE04083C2000209F
:106D40000700000005AF04084020002007000000F5
:106D50000BAF0408442000200700000011AF040816
:106D6000E81F0020070000001CAF0408EC1F0020F3
:106D70000700000027AF0408F01F002007000000F4
:106D800032AF0408F41F0020070000003DAF0408E4
:106D9000F81F00200700000048AF0408FC1F002077
:106DA0000700000053AF04086C200020070000001B
:106DB0005AAF0408702000200700000061AF0408EB
:106DC000742000200700000068AF0408782000202D
:106DD0000700000070AF04087C20002007000000BE
:106DE00078AF0408802000208000000080AF0408F5
:106DF0000000000081000000BFA1040800000000A6
:106E0000070000008CB00408C8DE00100700000076
:106E100093B00408CCDE0010070000009AB004080C
:106E2000D0DE001007000000A1B00408D4DE00107E
:106E300007000000A9B00408D8DE00100700000019
:106E4000B1B00408DCDE001007000000B9B004088F
:106E5000E0DE001007000000C1B00408E4DE00100E
:106E600007000000C9B00408E8DE001007000000B9
:106E7000D1B0040820DF001007000000D6B00408DD
:106E800048DF001007000000DBB0040870DF0010CE
:106E900007000000E0B0040898DF001007000000C1
:106EA000E6B00408C0DF001007000000ECB00408E2
:106EB000E8DF001007000000F2B0040810E0001046
:106EC00007000000F8B0040838E0001007000000D8
:106ED000FEB0040860E000100700000004B10408E0
:106EE000ECDE00100700000007B10408F0DE00101F
:106EF000070000000AB10408F4DE001007000000DB
:106F00000DB10408F8DE00104700000010B10408BD
:106F1000442500204700000019B10408282500205E
:106F20004700000020B104080C250020800000006C
:106F3000BAA10408000000008100000083B004082A
:106F4000000000000600000078B0040810DA0020FD
:106F5000800000007EB004080000000081000000F6
:106F60003AB10408000000004700000028B10408FE
:106F700060250020470000002FB104087C25002078
:106F80008000000035B1040800000000810000000E
:106F90007BB20408000000000700000085B204086E
:106FA000982500200700000090B20408B4250020B6
:106FB0000700000096B204089C2500208000000015
:106FC00076B204080000000081000000B7B2040897
:106FD0000000000001000000A0B204088DDA0020CB
:106FE00001000000A9B204088EDA00208000000031
:106FF000B2B204080000000081000000AA1B0508CE
:107000000000000007000000CA9904080CB4012029
:1070100007000000CE99040810B40120070000000A
:10702000D299040814B4012007000000D69904087E
:1070300018B4012007000000DA9904081CB40120EC
:1070400007000000DE99040820B4012007000000BA
:10705000E299040824B4012007000000E69904081E
:1070600028B40120030000005C1B050864B4012063
:1070700003000000611B05082CB401200300000080
:10708000681B050800B4012003000000BEA004082E
:1070900060B40120030000006E1B050838B4012015
:1070A00003000000741B050844B401200300000025
:1070B0007C1B05085CB4012003000000821B05084E
:1070C00088B40120030000008C1B050858B401207F
:1070D00003000000931B05088CB40120030000008E
:1070E0009B1B050890B4012080000000A51B05082B
:1070F00000000000810000003521050800000000AC
:10710000030000005C1B050868B4012003000000B8
:10711000611B050830B4012003000000681B05084E
:1071200004B40120030000006E1B05083CB40120DC
:1071300003000000741B050848B401200200000091
:10714000E31B0508E8B5012003000000EB1B050860
:1071500008C4012003000000F21B05080CC4012034
:1071600003000000FB1B0508A8C30120030000006A
:10717000031C05080CC10120030000000C1C0508BD
:1071800004C1012003000000151C0508BCC3012038
:10719000020000001E1C0508E6B5012001000000E9
:1071A000271C050822C10120010000002E1C050833
:1071B00021C1012003000000371C0508ACC30120D9
:1071C00001000000411C0508D5C00120010000009D
:1071D000481C050809C1012001000000511C0508D8
:1071E000D7C00120010000005A1C0508D6C00120AC
:1071F00001000000631C0508D8C001200100000048
:107200006C1C0508E0C0012003000000761C050886
:10721000DCC0012001000000801C0508D4C0012052
:10722000070000008B1C0508D0C0012001000000F1
:10723000941C0508E1260020070000009B1C05089F
:10724000BCBF012001000000A41C050814C10120DE
:1072500007000000AA1C050810C101200100000061
:10726000B31C050808C1012003000000BA1C050872
:1072700058B7012003000000C11C0508A8B8012070
:1072800003000000C71C0508E0B601200300000051
:10729000D01C05082CB6012001000000D91C0508EF
:1072A000D8B50120010000006FA3040864B70120D5
:1072B00001000000E01C050865B701200700000080
:1072C000E61C050860B7012007000000E91C05085E
:1072D0006CB7012007000000F01C050880B70120F2
:1072E00007000000F71C050894B701200700000004
:1072F000FE1C0508A8B7012007000000051D0508B1
:10730000BCB70120070000000C1D0508D0B7012004
:1073100007000000131D0508E4B701200700000066
:107320001A1D0508F8B7012007000000211D0508F7
:107330000CB8012007000000281D050870B70120C7
:10734000070000002F1D050884B70120070000007A
:10735000361D050898B70120070000003D1D0508EF
:10736000ACB7012007000000441D0508C0B701208C
:10737000070000004B1D0508D4B7012007000000DE
:10738000521D0508E8B7012007000000591D050837
:10739000FCB7012007000000601D050810B801209F
:1073A00007000000671D050874B7012007000000F2
:1073B0006E1D050888B7012007000000751D05082F
:1073C0009CB70120070000007C1D0508B0B7012014
:1073D00007000000831D0508C4B701200700000056
:1073E0008A1D0508D8B7012007000000911D050877
:1073F000ECB7012007000000981D050800B8012027
:10740000070000009F1D050814B8012007000000B8
:10741000A61D050878B7012007000000AC1D05086F
:107420008CB7012007000000B21D0508A0B701209D
:1074300007000000B81D0508B4B7012007000000D0
:10744000BE1D0508C8B7012007000000C41D0508BF
:10745000DCB7012007000000CA1D0508F0B70120B5
:1074600007000000D01D050804B801200700000037
:10747000D61D050818B8012007000000DC1D05080E
:1074800018B5012007000000E31D05081CB5012008
:10749000070000006FA0040814C4012001000000D0
:1074A000EA1D0508B8BF012003000000F11D050812
:1074B000B0BF012003000000F91D0508B4BF012082
:1074C00007000000021E05087CB80120070000002C
:1074D000081E050880B80120070000000E1E0508E0
:1074E00084B8012007000000141E050888B8012098
:1074F000070000001A1E05088CB8012007000000D4
:10750000201E050890B8012007000000261E05086F
:1075100094B80120070000002C1E050898B801202F
:1075200007000000321E05089CB80120070000007B
:10753000381E0508E4C30120070000003E1E0508B0
:10754000E8C3012007000000441E0508ECC3012029
:10755000070000004A1E0508F0C3012007000000D4
:10756000501E0508F4C3012007000000561E050840
:10757000F8C30120070000005C1E0508FCC30120C1
:1075800007000000621E050800C40120070000007B
:10759000681E050804C40120070000006E1E0508CF
:1075A000B0B5012007000000731E0508B4B5012026
:1075B00007000000781E0508B8B50120070000008C
:1075C0007D1E0508BCB5012007000000821E0508CD
:1075D000C0B5012007000000871E0508C4B50120C2
:1075E000070000008C1E0508C8B501200700000038
:1075F000911E0508CCB5012007000000961E050865
:10760000D0B50120070000009B1E05081CB8012012
:1076100007000000A21E050820B801200700000096
:10762000A91E050824B8012007000000B01E0508A7
:1076300028B8012007000000B71E05082CB801205B
:1076400007000000BE1E050830B80120070000003A
:10765000C51E050834B8012007000000CC1E05082F
:1076600038B8012007000000D31E05083CB80120EF
:1076700007000000DA1E050840B8012007000000DE
:10768000E41E050844B8012007000000EE1E0508AE
:1076900048B8012007000000F81E05084CB801207A
:1076A00007000000021F050850B801200700000075
:1076B0000C1F050854B8012007000000161F05081C
:1076C00058B8012007000000201F05085CB8012001
:1076D000070000002A1F050860B80120070000000D
:1076E000341F0508C0C30120070000003B1F050828
:1076F000C4C3012007000000421F0508C8C30120C1
:1077000007000000491F0508CCC301200700000046
:10771000501F0508D0C3012007000000571F0508AF
:10772000D4C30120070000005E1F0508D8C3012054
:1077300007000000651F0508DCC3012007000000EA
:107740006C1F0508E0C3012007000000731F050837
:1077500020B5012007000000771F050824B501208F
:10776000070000007B1F050828B501200700000066
:107770007F1F05082CB5012007000000831F0508A6
:1077800030B5012007000000871F050834B501202F
:10779000070000008B1F050838B501200700000016
:1077A0008F1F05083CB5012007000000931F050846
:1077B00040B5012007000000971F050844B50120CF
:1077C000070000009B1F050848B5012007000000C6
:1077D0009F1F05084CB5012007000000A31F0508E6
:1077E00050B5012007000000A71F050854B501206F
:1077F00007000000AB1F050858B501200700000076
:10780000AF1F05085CB5012007000000B31F050885
:1078100060B5012007000000B71F050864B501200E
:1078200007000000BB1F0508D4B6012001000000BE
:10783000C51F0508CCB6012007000000CD1F0508B4
:10784000D0B6012007000000D71F0508C4B60120EC
:1078500007000000DE1F0508C8B601200700000071
:10786000E51F0508D8B6012007000000EC1F050839
:10787000DCB6012007000000F31F05084CB701200B
:1078800001000000FC1F050844B7012001000000B2
:1078900004200508F1B60120010000000D200508B4
:1078A000F0B60120070000001620050848B70120A7
:1078B000070000001F200508E4B6012007000000B3
:1078C00027200508E8B60120070000002D20050844
:1078D000ECB60120070000003320050850B7012056
:1078E000070000003920050854B7012007000000F8
:1078F0003F200508DC260020010000004920050883
:1079000074B8012003000000502005086CB8012065
:10791000030000005A20050878B801200300000089
:107920006120050864B80120030000006A200508F2
:1079300068B80120030000007220050870B801201B
:10794000070000007B20050814B501200700000097
:107950008320050810C40120070000008C200508C2
:10796000A0B501200700000096200508A4B501205D
:10797000070000009E200508A8B5012007000000B0
:10798000A720050894B5012007000000B0200508D5
:1079900084B5012007000000B820050878B5012053
:1079A00007000000BF2005087CB50120070000008B
:1079B000C520050880B5012007000000CB20050880
:1079C00098B5012007000000D12005089CB50120D2
:1079D00007000000D7200508D0260020070000007F
:1079E000E120050890B5012007000000EB20050804
:1079F0008CB5012007000000F4200508D4260020E3
:107A000007000000FC200508D82600200700000021
:107A10000421050888B50120070000000D21050894
:107A200040B601200100000015210508EAB501203B
:107A3000010000001F210508EBB501200300000034
:107A400027210508A0B8012080000000302105088A
:107A500000000000810000004E2105080000000029
:107A6000030000005C1B05086CB40120030000004B
:107A7000611B050834B4012003000000681B0508E1
:107A800008B4012003000000741B05084CB4012059
:107A9000030000003F2105081CC401200300000072
:107AA000EB1B050854C50120800000004921050892
:107AB0000000000081000000EE2105080000000029
:107AC00001000000761B0508B0B301200300000090
:107AD000C11C050864B301200300000059210508FA
:107AE000A4B30120070000006021050884B3012031
:107AF000070000006A21050868B3012007000000A4
:107B0000742105088CB30120010000007B210508C9
:107B10006DB3012001000000842105086CB3012031
:107B2000070000008A21050894B301200700000027
:107B30009321050888B30120070000009C21050857
:107B4000ACB3012007000000A5210508A8B301205F
:107B500003000000AF21050870B3012003000000FE
:107B6000B921050890B3012007000000C1210508D4
:107B700078B3012007000000C82105087CB301206C
:107B800007000000CF21050898B30120070000007E
:107B9000D72105089CB3012001000000DF21050862
:107BA00074B3012080000000E921050800000000F6
:107BB00081000000A222050800000000070000006C
:107BC00093980408D8B30120010000008A22050818
:107BD000C8B3012007000000AF980408D4B3012007
:107BE00007000000CA1F0508B4B301200700000009
:107BF00008AF0408B8B30120070000000EAF040866
:107C0000BCB30120070000008F220508C4B3012087
:107C10000700000094220508C0B301200300000003
:107C20006FA30408CCB301200300000099220508CB
:107C3000D0B30120800000009D2205080000000054
:107C400081000000E6220508000000000700000097
:107C5000AA220508BCC5012007000000AD220508C6
:107C6000C0C5012007000000B0220508C4C50120DE
:107C70000700000007A20408ECC501200100000075
:107C8000761B0508FCC5012007000000B32205088B
:107C9000D8C5012007000000B8220508CCC5012086
:107CA00007000000BD220508D0C501200300000028
:107CB000C2220508C8C5012001000000C92205082C
:107CC000D4C5012001000000D0220508FCB201202B
:107CD00007000000D522050800B3012007000000BE
:107CE0003822050804B3012007000000D822050847
:107CF00008B3012007000000DB220508F8B20120CC
:107D000080000000E1220508000000008100000062
:107D1000362405080000000001000000C523050806
:107D200020B3012001000000CC23050821B301206D
:107D300001000000D22305082CB30120010000003F
:107D4000D82305083CB30120070000006B1D05087F
:107D500014B3012007000000721D050818B30120AC
:107D600007000000791D05081CB301200700000072
:107D700007A3040824B3012007000000DF2305083F
:107D800058B3012007000000E623050860B3012076
:107D900007000000EB23050828B3012001000000C4
:107DA0001AB204085CB3012007000000F1230508A3
:107DB00030B3012007000000F723050834B3012089
:107DC00007000000FD23050838B30120070000006C
:107DD0000424050840B30120010000000B2405081D
:107DE00054B30120070000001424050848B3012003
:107DF000070000001A2405084CB30120070000000A
:107E00002024050844B301200300000026240508AF
:107E100010B30120010000002C2405080CB3012040
:107E2000800000003124050800000000CCB50408E3
:107E300060B6040884B60408C8B60408F8B6040896
:107E400090B70408B4B704080CB8040830B80408A4
:107E5000B4B8040834B90408E4B9040890BB0408B1
:107E6000F4BC0408A0BF0408CCBF040830C0040858
:107E700054C0040800B304080CB30408179804089D
:107E800088B70408010000008F2B002001000000CB
:107E9000D8B104080000000000000000000000004D
:107EA0000000000066B104080000000000000000AF
:107EB000000000000000000059B1040800000000AC
:107EC000000000000000000000000000F1B1040804
:107ED000DC0105080200000069DA0020050000004E
:107EE000D0B1040800000000000000000000000005
:107EF0000000000076B1040800000000000000004F
:107F0000000000000000000006B2040800000000AD
:107F10000000000000000000000000000EB2040895
:107F2000EC010508010000006EDA002001000000ED
:107F300083B10408F4010508050000006FDA002091
:107F40000B00000021B204081C0205080300000019
:107F50007ADA002006000000EAB104080000000000
:107F6000000000000000000000000000BBB1040899
:107F7000340205080100000080DA0020040000003F
:087F80000060FB7F010000001E
:107F8800FF000000000000001000002000000000BA
:107F980000000000FC02002064030020CC03002045
:107FA80000000000000000000000000000000000C9
:107FB80000000000000000000000000000000000B9
:107FC80000000000000000000000000000000000A9
:107FD8000000000000000000000000000000000099
:107FE8000000000000000000000000000000000089
:107FF8000000000000000000000000000000000079
:108008000000000000000000000000000000000068
:108018000000000000000000000000000000000058
:108028000000000000000000000000000000000048
:108038000000000000000000010000000000000037
:108048000E33CDAB34126DE6ECDE05000B000000FC
:108058000000000000000000000000000000000018
:108068000000000000000000000000000000000008
:1080780000000000000000000000000000000000F8
:1080880000000000000000000000000000000000E8
:1080980000000000000000000000000000000000D8
:1080A80000000000000000000000000000000000C8
:1080B80000000000000000000000000000000000B8
:1080C80000000000000000000000000000000000A8
:1080D8000000000000000000000000000000000098
:1080E8000000000000000000000000000000000088
:1080F8000000000000000000000000000000000078
:108108000000000000000000000000000000000067
:108118000000000000000000000000000000000057
:108128000000000000000000000000000000000047
:108138000000000000000000000000000000000037
:108148000000000000000000000000000000000027
:108158000000000000000000000000000000000017
:108168000000000000000000000000000000000007
:1081780000000000000000000000000000000000F7
:1081880000000000000000000000000000000000E7
:1081980000000000000000000000000000000000D7
:1081A80000000000000000000000000000000000C7
:1081B80000000000000000000000000000000000B7
:1081C80000000000000000000000000000000000A7
:1081D8000000000000000000000000000000000097
:1081E8000000000000000000000000000000000087
:1081F8000000000000000000000000000000000077
:108208000000000000000000000000000000000066
:108218000000000000000000000000000000000056
:108228000000000000000000000000000000000046
:108238000000000000000000000000000000000036
:108248000000000000000000000000000000000026
:108258000000000000000000000000000000000016
:108268000000000000000000000000000000000006
:1082780000000000000000000000000000000000F6
:1082880000000000000000000000000000000000E6
:1082980000000000000000000000000000000000D6
:1082A80000000000000000000000000000000000C6
:1082B80000000000000000000000000000000000B6
:1082C80000000000000000000000000000000000A6
:1082D8000000000000000000000000000000000096
:1082E8000000000000000000000000000000000086
:1082F8000000000000000000000000000000000076
:108308000000000000000000000000000000000065
:108318000000000000000000000000000000000055
:108328000000000000000000000000000000000045
:108338000000000000000000000000000000000035
:108348000000000000000000000000000000000025
:108358000000000000000000000000000000000015
:108368000000000000000000000000000000000005
:1083780000000000000000000000000000000000F5
:1083880000000000000000000000000000000000E5
:1083980000000000000000000000000000000000D5
:1083A80000000000000000000000000000000000C5
:1083B8000000000000000000430000000000000072
:1083C80000000000000000000000000000000000A5
:1083D8000000000000000000430000000000000052
:1083E8000000000000000000000000000000000085
:1083F8000000000000000000430000000000000032
:108408000000000000000000000000000000000064
:108418000000000000000000430000000000000011
:108428000000000000000000000000000000000044
:1084380000000000000000004300000000000000F1
:108448000000000000000000000000000000000024
:1084580000000000000000004300000000000000D1
:108468000000000000000000000000000000000004
:1084780000000000000000004300000000000000B1
:1084880000000000000000000000000000000000E4
:108498000000000000000000499F0008197A000849
:1084A8000000000018930408282605080827050876
:1084B80008270508082705080827050808270508C4
:1084C80008270508082705080827050808270508B4
:1084D800FFFFFFFFFFFFFFFFFFFFFFFFFFFF0000A2
:1084E800010041534349490000000000000000001A
:1084F8000000000000000000000000000000000074
:1085080000004153434949000000000000000000FA
:108518000000000000000000000000000000000053
:10852800000000000000000000000000A40500207A
:10853800A4050020AC050020AC050020B4050020EF
:10854800B4050020BC050020BC050020C40500209F
:10855800C4050020CC050020CC050020D40500204F
:10856800D4050020DC050020DC050020E4050020FF
:10857800E4050020EC050020EC050020F4050020AF
:10858800F4050020FC050020FC050020040600205E
:10859800040600200C0600200C060020140600200B
:1085A800140600201C0600201C06002024060020BB
:1085B800240600202C0600202C060020340600206B
:1085C800340600203C0600203C060020440600201B
:1085D800440600204C0600204C06002054060020CB
:1085E800540600205C0600205C060020640600207B
:1085F800640600206C0600206C060020740600202B
:10860800740600207C0600207C06002084060020DA
:10861800840600208C0600208C060020940600208A
:10862800940600209C0600209C060020A40600203A
:10863800A4060020AC060020AC060020B4060020EA
:10864800B4060020BC060020BC060020C40600209A
:10865800C4060020CC060020CC060020D40600204A
:10866800D4060020DC060020DC060020E4060020FA
:10867800E4060020EC060020EC060020F4060020AA
:10868800F4060020FC060020FC0600200407002059
:10869800040700200C0700200C0700201407002006
:1086A800140700201C0700201C07002024070020B6
:1086B800240700202C0700202C0700203407002066
:1086C800340700203C0700203C0700204407002016
:1086D800440700204C0700204C07002054070020C6
:1086E800540700205C0700205C0700206407002076
:1086F800640700206C0700206C0700207407002026
:10870800740700207C0700207C07002084070020D5
:10871800840700208C0700208C0700209407002085
:10872800940700209C0700209C070020A407002035
:10873800A4070020AC070020AC070020B4070020E5
:10874800B4070020BC070020BC070020C407002095
:10875800C4070020CC070020CC070020D407002045
:10876800D4070020DC070020DC070020E4070020F5
:10877800E4070020EC070020EC070020F4070020A5
:10878800F4070020FC070020FC0700200408002054
:10879800040800200C0800200C0800201408002001
:1087A800140800201C0800201C08002024080020B1
:1087B800240800202C0800202C0800203408002061
:1087C800340800203C0800203C0800204408002011
:1087D800440800204C0800204C08002054080020C1
:1087E800540800205C0800205C0800206408002071
:1087F800640800206C0800206C0800207408002021
:10880800740800207C0800207C08002084080020D0
:10881800840800208C0800208C0800209408002080
:10882800940800209C0800209C080020A408002030
:10883800A4080020AC080020AC080020B4080020E0
:10884800B4080020BC080020BC080020C408002090
:10885800C4080020CC080020CC080020D408002040
:10886800D4080020DC080020DC080020E4080020F0
:10887800E4080020EC080020EC080020F4080020A0
:10888800F4080020FC080020FC080020040900204F
:10889800040900200C0900200C09002014090020FC
:1088A800140900201C0900201C09002024090020AC
:1088B800240900202C0900202C090020340900205C
:1088C800340900203C0900203C090020440900200C
:1088D800440900204C0900204C09002054090020BC
:1088E800540900205C0900205C090020640900206C
:1088F800640900206C0900206C090020740900201C
:10890800740900207C0900207C09002084090020CB
:10891800840900208C0900208C090020940900207B
:10892800940900209C0900209C090020FFFFFFFFFC
:108938000000020000080240000454583100000002
:1089480000080240000852583100000000000240B0
:108958000400545832000000000002400800525839
:108968003200000000000240200053434B0000008A
:108978000000024040004D4F5349000000000240F3
:1089880080004D49534F0000000402400001494F48
:1089980031000000000402402000494F320000006E
:1089A800000402401000494F330000000008024054
:1089B8000010494F340000000008024000045458D9
:1089C8003100000000080240000852583100000041
:1089D8000000024004005458320000000000024029
:1089E80008005258320000000000024020005343A3
:1089F8004B0000000000024040004D4F534900006A
:108A08000000024080004D49534F0000000402401E
:108A18000001494F31000000000402402000494F86
:108A280032000000000402401000494F33000000EB
:108A3800000802400010494F3400000000000240C6
:108A48000400545832000000000002400800525848
:108A580032000000000402402000494F32000000AC
:108A6800000402401000494F330000000008024093
:108A78000010494F340000000000024002004D3150
:108A8800000000000004024000084D320000000011
:108A98000000024000804D33000000000004024046
:108AA80000044D34000000000000024001004D3178
:108AB8005F4F52000004024000104D325F4F5200D9
:108AC8000008024000014D335F4F52000008024089
:108AD80000804D345F4F520050F003FFFFFFFF034B
:108AE8000103040205FD00080BFD0008000000401A
:108AF800000000400000003F00007F430000003FEE
:108B080000007F4300007F4306000000950D010828
:108B1800A5FF00086D010108990901086908010805
:108B2800C101010825020108F9FF000891020108A6
:108B38008D070108F500010841030108810B0108B0
:108B480095000108D5030108ED0601084106010852
:108B5800B90E0108A9050108666646400000003FF5
:108B680066668640FFFFFFFFFFFFFFFFFFFFFFFF77
:108B7800FFFFFFFF14141400FFFFFFFF00000000B9
:108B88000101000000000000640E00200000000049
:108B980000000000640E00207F990408340E0020B5
:108BA800839904084C0E002089990408C11501080E
:108BB8004D150108A1130108D91301080000000090
:108BC8000D6E0308400C00200000000000000000AB
:108BD8000000000000000000E8030000280000007A
:108BE8000D6E0308600C002000000000000000006B
:108BF8000000000000000000E80300000000000082
:108C0800000000000000CFBC010000000000CFBC45
:108C1800020000000000CFBC030000000000CFBC31
:108C2800040000000000CFBC050000000000CFBC1D
:108C3800060000000000CFBC070000000000CFBC09
:108C4800000000000000000000000000000000001C
:108C5800000000000000000000000000000000000C
:108C680000000000000000000000000000000000FC
:108C780000000000000000000000000000000000EC
:108C880000000000000000000000000000000000DC
:108C980000000000000000000000000000000000CC
:108CA80000000000000000000000000000000000BC
:108CB80000000000000000000000000000000000AC
:108CC8000000000000000000B78000000000000065
:108CD8000600000000000000080000000000CFBCF3
:108CE800000000000000CFBC010000000000CFBC65
:108CF800020000000000CFBC030000000000CFBC51
:108D0800040000000000CFBC050000000000CFBC3C
:108D1800060000000000CFBC070000000000CFBC28
:108D2800000000000000000000000000000000003B
:108D3800000000000000000000000000000000002B
:108D4800000000000000000000000000000000001B
:108D5800000000000000000000000000000000000B
:108D680000000000000000000000000000000000FB
:108D780000000000000000000000000000000000EB
:108D880000000000000000000000000000000000DB
:108D980000000000000000000000000000000000CB
:108DA8000000000000000000800C0020480D00209A
:108DB8009A99193E991A0108792301085519010849
:108DC8001D1A0108ED19010879190108F91A010895
:108DD8000D24010861190108491A0108FD19010843
:108DE80099190108F5240108F52501086D190108EC
:108DF800751A01080D1A0108B919010801000000C7
:108E08000D6E0308800E0020000000000000000026
:108E18000000000000000000E8030000DD2E01084B
:108E2800F52D0108012E01084D2E0108A92E010873
:108E3800312E0108852E0108112E01080D2E01087A
:108E48000100000000000000000000000D6E030893
:108E5800CC0E002000000000000000000000000010
:108E680000000000E80300000D6E0308E80E002073
:108E780000000000000000000000000000000000EA
:108E8800E8030000000002400400545832000000CB
:108E9800000002400800525832000000000402405E
:108EA8002000494F32000000000402401000494FE2
:108EB8003300000002000000020000000200000071
:108EC8000200000058C10408000000000000000073
:108ED800000000000000000000000000000000008A
:108EE800000000000000000000000000000000007A
:108EF800000000000000000000000000000000006A
:108F08000000000000000000000000000000000059
:108F18000000000000000000000000000000000049
:108F28000000000000000000000000000000000039
:108F38000000000000000000000000000000000029
:108F48000000000000000000000000000000000019
:108F58000000000000000000000000000000000009
:108F680000000000000000000000000000000000F9
:108F780000000000000000000000000000000000E9
:108F880000000000000000000000000000000000D9
:108F980000000000000000000000000000000000C9
:108FA80000000000000000000000000000000000B9
:108FB80000000000000000000000000000000000A9
:108FC8000000000000000000A8C104080000000024
:108FD8000000000000000000000000000000000089
:108FE8000000000000000000000000000000000079
:108FF8000000000000000000000000000000000069
:109008000000000000000000000000000000000058
:109018000000000000000000000000000000000048
:109028000000000000000000000000000000000038
:109038000000000000000000000000000000000028
:109048000000000000000000000000000000000018
:109058000000000000000000000000000000000008
:1090680000000000000000000000000000000000F8
:1090780000000000000000000000000000000000E8
:1090880000000000000000000000000000000000D8
:1090980000000000000000000000000000000000C8
:1090A80000000000000000000000000000000000B8
:1090B80000000000000000000000000000000000A8
:1090C8000000000000000000000000000000000098
:1090D8000000010100000000010000016CC4040848
:1090E80024C5040810C40408C8C404086666864079
:1090F8006666864061000000610000008C11002057
:109108000000000000000000040000000100000052
:1091180032000000000000009E0700000000000070
:10912800FEFFFFFFB4110020000000000000000057
:1091380004000000010000003200000000000000F0
:10914800C201000000000000FEFFFFFFDC1100204C
:109158000000000000000000000000000100000006
:10916800E803000000000000FEFFFFFFFC110020E4
:1091780000000000000000000000000001000000E6
:10918800C8000000000000002003000000000000EC
:10919800FEFFFFFF34120020000000000000000066
:1091A800020000003412002000000000000000004F
:1091B80001000000010000000100000000000000A4
:1091C8000000000000000000FFFFFFFF5C1200200D
:1091D8000000000000000000040000000100000082
:1091E800E803000000000000FEFFFFFF8C120020D3
:1091F8000000000000000000040000008C120020A5
:109208000000000000000000010000000100000054
:1092180032000000000000003200000001000000E1
:1092280032000000000000003200000001000000D1
:1092380032000000000000003200000001000000C1
:1092480032000000000000003200000001000000B1
:1092580032000000000000003200000001000000A1
:109268003200000000000000320000000100000091
:109278003200000000000000320000000000000082
:10928800FFFFFFFF01000000E803000000000000EE
:109298006400000000000000FFFFFFFF041300202F
:1092A800000000000000000004000000041300207B
:1092B80000000000000000000300000000000000A3
:1092C8007000000001AD0108F9F0000869F200081B
:1092D80000004040666656400000C040D5B4010812
:1092E800F5B4010849B50108D9B401080000000027
:1092F8000000803F0000803F14140000001C0000A4
:1093080075D5010857D5010855D501081201000285
:1093180000000040830440570002010203010403D7
:109328000904000071DB01087DDB010889DB010805
:10933800F5DB0108A5DB010819DC010835DC0108AB
:1093480059DC0108C9DC01089DDC010800000000A7
:10935800000000009DDD010815E001084FE101084B
:1093680019E0010851E101084DE1010853E1010844
:10937800FF00000045DF010815DF010835DE0108A0
:10938800000000007DDD01081DE00108B1E00108D2
:10939800A1DD0108000000000000000091DD0108C7
:1093A800010902620003010080320904000002FF83
:1093B800FF00000705810240000607050102400082
:1093C80006080B010202020102090401000102025F
:1093D80001010524001001052401000204240200F3
:1093E8000524060102070583030800FF090402009B
:1093F800020A000000070502024000000705820279
:1094080040000000007A030A000000000102030483
:10941800010203040607080985100208FD10020866
:109428003B100208E10F02080D100208C50F0208E0
:10943800AF0F0208F10F0208FF0F0208000000003A
:10944800000000009814002002000000E2FFFFFF67
:10945800580200003200000008000000320000003E
:109468000000C07F0000C07F0000C07F9A99993E2D
:109478009A99993E6666663FFFFF7FFFFFFF7FFF71
:10948800FFFF7FFFFFFF7F7FFFFF7F7FFFFF7F7F64
:109498000000803F0000003F0000803E881300006D
:1094A800ACC5273764000000FFFFFFFF00004842FB
:1094B8000000344400004842000034440000C8431F
:1094C8000000003F0000003F010101020AD7233CD1
:1094D800BC74933B190200005C1500206D730208F0
:1094E8006D7302086D7302080000000000000000A0
:1094F800070000000000C8420000204101000000F1
:10950800581B00000000803F0000803F6F12033BA3
:10951800CDCC4C3FEDCE020800000000000000005A
:1095280081CE02080000000050E9040881CE02083C
:109538000000000048F2040881CE02080000000084
:1095480000F1040881CE02080000000008E80408C1
:1095580081CE02080000000098EA040881CE0208C3
:109568000000000070EE040881CE02080000000030
:10957800C0E6040881CE02080000000028ED0408B7
:1095880081CE020800000000E0EB040881CE02084A
:1095980000000000B8EF040881CE020800000000B7
:1095A80090F3040875CE02080000000000000000D7
:1095B80095030108000000000000000005CE020825
:1095C8000000000000000000D0072800A00F0000E5
:1095D8000D6E030850160020000000000000000077
:1095E8000000000000000000F4010000B80B307516
:1095F80001000000C817002001000000E417002047
:10960800020000001C180020030000007018002051
:1096180003000000E8160020050000007417002071
:1096280002000000C41800200100000018190020E2
:1096380002000000CC16002001000000AC1700203A
:1096480001000000E01800200200000009000000EE
:109658000000000000000000020000000000000000
:1096680000000000030000000800000030000000B7
:1096780000000000010000000000000000000000E1
:10968800030000000A0000000400000000000000C1
:1096980001000000000000000000000003000000BE
:1096A80006000000000000000100000000000000AB
:1096B8000000000000000000030000000700000098
:1096C800080000000000000000000000000000008A
:1096D800000000000300000005000000000000007A
:1096E8000200000000000000000000000000000070
:1096F8000300000006000000000100000100000057
:10970800010000000000000000000000030000004D
:10971800040000000200000000000000000000003B
:109728000000000000000000030000000900000025
:10973800000000000000000003000000000000001E
:10974800000000000200000001000000000000000E
:1097580000000000020000000000000000000000FF
:1097680003000000080000002000000000000000C6
:1097780001000000000000000000000003000000DD
:1097880002000000000000000000000002000000CD
:1097980004000000000000000100000008000000B4
:1097A8002000000000000000010000000000000090
:1097B8000000000003000000010000000400000099
:1097C8000000000001000000000000000000000090
:1097D800030000000300000001000000000000007A
:1097E800000000000400000000000000010000006C
:1097F8000800000020000000000000000100000038
:10980800000000000000000003000000010000004C
:1098180084000000010000000100000000000000BA
:109828000000000003000000040000000200000027
:109838000000000000000000000000000000000020
:10984800030000000100000000000000000000000C
:1098580002000000000000000000000003000000FB
:1098680001000000000000004400000000000000AB
:1098780000000000000000000300000009000000D4
:1098880020000000000000000000000000000000B0
:109898000000000003000000080000003400000081
:1098A80000000000010000000000000000000000AF
:1098B8000300000004000000000000001800000081
:1098C800000000000000000000000000030000008D
:1098D8000900090060CE0010090009001CCD001025
:1098E80009000100B4D4001009000100B4CB001035
:1098F8000900010090CB001009000900E8D0001011
:1099080009000900D8CB00100900090070D3001025
:109918000900090008B9002009000900A4CF0010B7
:10992800090009002CD20010090009001CD60010FB
:1099380009000900D8D40010090001004CBA002021
:109948000900010070BA00200900010094BA002043
:1099580009000100B8BA002009000100DCBA0020A3
:109968000900010000BB002009000900ACBD00206F
:1099780009000900F0BE00200900090034C00020D9
:109988000900090078C100200900090024BB002053
:109998000900090068BC002009000900BCC20020B9
:1099A8000900090000C400200900090044C500207E
:1099B8000900090088C600200900010014C8002019
:1099C8000900010038C80020090009005CC800200F
:1099D80009000900A0C9002009000900E4CA002004
:1099E8000900090028CC0020090001006CCD0020E6
:1099F8000900010090CD002001020200F9080308C7
:109A08000000000069890308020100000D6E0308C8
:109A18008C1A002000000000000000000000000078
:109A280000000000F40100000D6E0308A81A0020D1
:109A3800000000000000000000000000000000001E
:109A4800F40100000D6E0308C41A00200000000095
:109A5800000000000000000000000000E803000013
:109A68008FC275BC8FC2F53B000000008FC275BC69
:109A78008FC2F5BB000000008FC2753C8FC2F53B5A
:109A8800000000008FC2753C8FC2F5BB00000000CB
:109A980017B7D1396F12833A000063000000000045
:109AA80000000000000000000000000000000000AE
:109AB800000000000000000000000000000000009E
:109AC800000000000000000000000000000000008E
:109AD8000000000000000000FF000000320000004D
:109AE800000070410000F0410000F0410000F0412A
:109AF800000000000000000000000000000000005E
:109B0800000000000000C0400000404000000000CD
:109B1800000000000000000000000000000000003D
:109B2800000000000000000000000000000000002D
:109B3800000000000000000000000000000000001D
:109B4800000000000000000000000000000000000D
:109B580000000000000000000000000000000000FD
:109B680000000000000048430000C84300002040F7
:109B780000000000000000000000000000000000DD
:109B880000000000000000000000000000000000CD
:109B980000000000000000000000000000000000BD
:109BA80000000000000000000000000000000000AD
:109BB800000000000000000000000000000000009D
:109BC800000000000000C04000004040000000000D
:109BD800000000000000000000000000000000007D
:109BE800000000000000000000000000000000006D
:109BF800000000000000000000000000000000005D
:109C0800000000000000000000000000000000004C
:109C1800000000000000000000000000000000003C
:109C280000000000000048430000C8430000204036
:109C3800000000000000000000000000000000001C
:109C4800000000000000000000000000000000000C
:109C580000000000000000000000000000000000FC
:109C680000000000000000000000000000000000EC
:109C780000000000000000000000000000000000DC
:109C8800000000000000C0400000803F3333B33EB6
:109C980000000000000000000000000000000000BC
:109CA80000000000000000000000000000000000AC
:109CB800000000000000000000000000000000009C
:109CC800000000000000000000000000000000008C
:109CD800000000000000000000000000000000007C
:109CE800000000000000F0429A9985410000000041
:109CF800000000000000000000000000000000005C
:109D0800000000000000000000000000000000004B
:109D1800000000000000000000000000000000003B
:109D2800000000000000000000000000000000002B
:109D38000000FA46000000000000000000000000DB
:109D4800000000000000000000000000000000000B
:109D580000000000000000000000000000000000FB
:109D680000000000000000000000000000000000EB
:109D780000000000000000000000000000000000DB
:109D880000000000000000000000000000000000CB
:109D980000000000000000000000000000000000BB
:109DA80000000000000000000000000000000000AB
:109DB800000000000000000000000000000000009B
:109DC800000000000000000000000000000000008B
:109DD800000000000000000000000000000000007B
:109DE800000000000000000000000000000000006B
:109DF800000000000000000000000000000000005B
:109E0800000000000000000000000000000000004A
:109E1800000000000000000000000000000000003A
:109E2800000000000000000000000000000000002A
:109E38000000000049BFD83B9FCDAA3BFC36C43A7E
:109E4800ED5836380000A0400000A0400000A040B7
:109E58000000C0410000C0410000C041A9FB003D16
:109E6800A9FB003DA9FB003D0000004100000041A6
:109E7800010000000000964309F9203D00E8004871
:109E8800CDCCCC3ECDCC4C3ECDCC4C3D00000040A2
:109E98000000A03FCDCCCC3ECDCC4C3DCDCCCC3E73
:109EA80000B8884700409C46000000000000803F42
:109EB80000606A4700803B460000FA430080BB44CC
:109EC80000004843000000000000000000000000FF
:109ED800000000000000000000000000000000007A
:109EE800000000000000000000000000000000006A
:109EF800000000000000000000000000000000005A
:109F08000000000000000000000000000000000049
:109F1800000000000000000009F9203D00000000DA
:109F28007A038B37A2B78B37EB76F5370000E04022
:109F38000000E0400000E0400000C842000080400F
:109F480000008040000080400000C842000000007F
:109F580000000000000000000000004000000000B9
:109F680000000000000000000000000000000000E9
:109F780000000000000000000000000000000000D9
:109F88004260E53B4260E53B6F12033C99BB963A61
:109F980099BB963A6F12033B8FC2F53C8FC2F53CD2
:109FA8008FC2F53C00000000000000000000000027
:109FB8000000000000000000000000000000000099
:109FC8000000000000000000000000000000000089
:109FD8000000000000000000000000000000000079
:109FE8000000000000000000000000000000000069
:109FF8000000000000000000000000000000000059
:10A008000000000000000000000000000000000048
:10A018000000803F0000803E9A99993E9A99993EA7
:10A028000000803E9A99593F9A99593F0000A040F4
:10A038000000A0400000A0400BA881390000803F2C
:10A048000000803F0000803F00000000000000008A
:10A0580000000000000000000000000000000000F8
:10A0680000000000000000000000000000000000E8
:10A0780000000000000000000000000000000000D8
:10A0880000000000000000000000000000000000C8
:10A0980000000000000000000000000000000000B8
:10A0A80000000000000000000000000000000000A8
:10A0B8000000000000000000000000000000000098
:10A0C8000000000000000000000000000000000088
:10A0D8000000000000000000000000000000000078
:10A0E8000000000000000000000000000000000068
:10A0F8000000000000000000000000000000000058
:10A108000000000000000000000000000000000047
:10A118000000000000000000000000000000000037
:10A128000000000000000000000000000000000027
:10A138000000000000000000000000000000000017
:10A148000000000000000000000000000000000007
:10A1580000000000000000000000000000000000F7
:10A16800000000000000000000000041A9FB003DC5
:10A1780000000000000000000000000000000000D7
:10A1880000000000000000000000000000000000C7
:10A1980000000000000000000000000000000000B7
:10A1A80000000000000000000000000000000000A7
:10A1B8000000000000000000000000000000000097
:10A1C8000000000000000000000000000000000087
:10A1D8000000000000000000000000000000000077
:10A1E8000000000000000000000020410000A04125
:10A1F8000000A04100000000000000000000000076
:10A2080000000000000000000000C8410000803F7E
:10A218000000000000000000000000000000000036
:10A228000000000000000000000000000000000026
:10A238000AD7233C000000000000000000000000D6
:10A248000000000000000000000000000000000006
:10A2580000000000000000000000000000000000F6
:10A2680000000000000000000000000000000000E6
:10A27800000000000000C8410000803F000000000E
:10A2880000000000000000000000000000000000C6
:10A298000000000000000000000000000AD7233C76
:10A2A80000000000000000000000000000000000A6
:10A2B8000000000000000000000000000000000096
:10A2C8000000000000000000000000000000000086
:10A2D8000000000000000000000000000000000076
:10A2E8000000C841000070410000000000000000AC
:10A2F8000000000000000000000000000000000056
:10A3080000000000000000000AD7233C0000000005
:10A318000000000000000000000000000000000035
:10A328000000000000000000000000000000000025
:10A338000000000000000000000000000000000015
:10A3480000000000000000000000000000000040C5
:10A3580000000000000000000000000000000000F5
:10A3680000000000000000000000000000000000E5
:10A37800000000000AD7233C000000000000000095
:10A3880000000000000000000000000000000000C5
:10A3980000000000000000000000000000000000B5
:10A3A80000000000000000000000000000000000A5
:10A3B8000000000000000000000000400000000055
:10A3C8000000000000000000000000000000000085
:10A3D8000000000000000000000000000000000075
:10A3E8000AD7233C00000000000000000000000025
:10A3F8000000000000000000000000000000000055
:10A408000000000000000000000000000000000044
:10A418000000000000000000000000000000000034
:10A4280000000000000000400000003F00000000A5
:10A438000000000000000000000000000000000014
:10A448000000000000000000000000000AD7233CC4
:10A4580000000000000000000000000000000000F4
:10A4680000000000000000000000000000000000E4
:10A478000000000000000000000000003075204EC1
:10A488000000803F0000803F0000803F0D6E030801
:10A498000C25002000000000000000000000000063
:10A4A80000000000E80300000D6E030828250020C6
:10A4B8000000000000000000000000000000000094
:10A4C800E80300000D6E030844250020000000008A
:10A4D800000000000000000000000000E803000089
:10A4E8000D6E030860250020000000000000000039
:10A4F8000000000000000000E80300000D6E0308E3
:10A508007C25002000000000000000000000000082
:10A5180000000000E8030000000000000000000048
:10A528006666663F6666663F0000803F0AD7233D41
:10A5380052B87E3F0000000043323142004372614E
:10A548007A79666C696520322E312042727573689B
:10A558006C6573730000000000000000010000003B
:10A568005C110020307842430150020000000000D6
:10A57800000000E7E7E7E7E700000000FF00000051
:10A5880031110508F2B20408EFB20408AAAAAAAA6F
:10A59800FFFFFFFF0000803F010000009A99993EED
:10A5A8000000803F0000003F0000803F0000C0BF67
:10A5B8000000003F9A99993E0000003F0000403F8C
:10A5C80000007A440000003F9A99193E0000003FBD
:10A5D8000000803F01000000CDCCCC3D0000803F52
:10A5E80000008040010000007E03943DCDCCCC3DAE
:10A5F80001010000000000410000003F9A99193E47
:10A60800CDCC4C3ECDCC4C3F0000003F01000000BB
:10A618000AD7A33DCDCC4C3E0000C0400000803F8F
:10A62800CDCCCC3D00007A44000020423333B33E09
:10A638000000403F000040409A99993FCDCC4C3DE6
:10A64800CDCC4C3D010000000AD7233C0AD7A33CDF
:10A658000000803E0AD7233D0AD7233D0000803EF4
:10A6680001FF0000000020432735A242D2B19242E8
:10A67800CA4FB242F0EBB2425917F73E00002043EE
:10A6880000002043C8000000000000419A99993E4C
:04A698005917F73E19
:020000042001D9
:10C60000000000000000000000000000000000002A
:10C61000000000000000000000000000000000001A
:08C62000000000000000000012
:04000005080041C0EE
:00000001FF
